time,open,high,low,close,volume,cci,macd,macdsignal,macdhist,rsi
2022-07-19,19.5,19.5,15.33,16.67,578600,,,,,
2022-07-20,16.67,16.75,16.42,16.67,240931,,,,,
2022-07-21,16.67,16.67,15.42,15.92,188500,,,,,
2022-07-22,15.17,15.33,14.58,14.92,153400,,,,,
2022-07-25,14.67,15.0,13.67,14.08,253800,,,,,
2022-07-26,13.92,14.17,13.75,14.17,143700,,,,,
2022-07-27,13.83,15.17,13.83,14.42,112855,,,,,
2022-07-28,14.5,14.83,14.5,14.75,291200,,,,,
2022-07-29,14.75,15.33,14.58,15.33,316300,,,,,
2022-08-01,15.42,15.67,15.25,15.58,356516,,,,,
2022-08-02,15.58,15.92,15.08,15.83,542236,,,,,
2022-08-03,15.17,15.83,15.17,15.5,273900,,,,,
2022-08-04,15.42,15.83,15.33,15.58,370700,,,,,
2022-08-05,15.25,15.67,15.08,15.25,239800,-0.7997091966559124,,,,
2022-08-08,15.42,15.67,15.0,15.17,187502,9.110437199898682,,,,35.46511627906976
2022-08-09,15.17,15.25,14.92,15.17,151000,2.097298395287301,,,,35.46511627906976
2022-08-10,15.0,15.08,14.92,14.92,190100,-8.75845987601658,,,,33.57834621731954
2022-08-11,15.0,15.25,14.67,14.83,173000,-17.817749872731053,,,,32.89977153106915
2022-08-12,14.83,15.08,14.67,15.0,168508,-29.77943582695209,,,,35.549232585653314
2022-08-15,15.08,15.33,14.83,15.0,134900,-21.979012952944,,,,35.549232585653314
2022-08-16,14.92,15.17,14.75,15.0,165200,-56.074852507374885,,,,35.549232585653314
2022-08-17,14.92,15.08,14.75,14.92,140900,-80.2147388970233,,,,34.74293536048814
2022-08-18,14.83,15.0,14.75,14.83,169900,-86.92683826921386,,,,33.813764326697815
2022-08-19,14.92,15.0,14.67,14.83,212501,-85.27987604106153,,,,33.813764326697815
2022-08-22,14.75,14.92,14.58,14.58,218700,-118.76451212268499,,,,31.13153131270438
2022-08-23,14.33,14.83,14.17,14.58,197600,-160.4191998147187,,,,31.131531312704393
2022-08-24,14.58,14.83,14.42,14.67,218600,-118.75781575656471,,,,33.339256453819885
2022-08-25,14.67,14.92,14.42,14.67,181800,-92.46646026831658,,,,33.339256453819885
2022-08-26,14.67,15.5,14.33,15.25,544100,77.81603541564161,,,,46.22381197773217
2022-08-29,15.0,15.42,14.92,15.17,800700,141.41074856046112,,,,44.933726743498795
2022-08-30,15.17,15.33,14.83,15.08,565300,91.29969418960218,,,,43.46405581952709
2022-08-31,15.08,15.25,15.0,15.0,463709,81.81688125894217,,,,42.14452073308174
2022-09-05,14.92,15.25,14.83,15.0,150100,52.44956772334319,,,,42.144520733081755
2022-09-06,14.92,15.25,14.92,15.08,241400,73.62920738327931,-0.08571834444184567,-0.16119465555435653,0.07547631111251085,44.11229963324932
2022-09-07,15.08,15.17,14.83,15.0,197300,39.23387096774224,-0.07855774327858,-0.14466727309920122,0.06610952982062121,42.55363337206975
2022-09-08,14.83,15.17,14.83,14.92,176700,26.550770446464814,-0.07843410711615029,-0.13142063990259104,0.05298653278644075,40.99373740847636
2022-09-09,14.83,15.08,14.58,14.92,190400,-17.331752930330204,-0.07744340519839277,-0.12062519296175138,0.04318178776335861,40.99373740847636
2022-09-12,14.92,15.08,14.67,14.92,156300,-7.4840979834886205,-0.07578466830900155,-0.11165708803120142,0.03587241972219987,40.99373740847637
2022-09-13,14.75,15.0,14.75,14.92,177700,-14.458913336326129,-0.0736214451813133,-0.10404995946122379,0.030428514279910487,40.99373740847638
2022-09-14,14.75,14.92,14.58,14.83,147800,-83.42847258259776,-0.0782671085977249,-0.09889338928852401,0.02062628069079911,38.83935754963648
2022-09-15,14.75,14.92,14.67,14.75,127500,-95.11085844229491,-0.08739670690291668,-0.09659405281140254,0.009197345908485866,36.97901766825366
2022-09-16,14.67,14.75,14.5,14.58,114100,-180.06553795740044,-0.10711480578131116,-0.09869820340538427,-0.008416602375926896,33.32603567416946
2022-09-19,14.75,14.75,14.33,14.5,182000,-172.053333333334,-0.12772454358311336,-0.10450347144093008,-0.023221072142183274,31.737173742255177
2022-09-20,14.58,14.67,14.33,14.67,150612,-132.64979639325134,-0.12885497013913394,-0.10937377118057086,-0.01948119895856308,38.45235253311834
2022-09-21,14.58,14.75,14.5,14.67,153700,-81.24116482895022,-0.12827219926263744,-0.11315345679698417,-0.01511874246565327,38.45235253311834
2022-09-22,14.58,15.08,14.58,14.83,297400,5.805946791862136,-0.11359028818546513,-0.11324082307468036,-0.0003494651107847635,44.4203614220815
2022-09-23,14.75,15.0,14.08,14.08,420400,-157.83308931185968,-0.16062195001177848,-0.12271704846209999,-0.03790490154967849,29.822527563953567
2022-09-26,14.17,14.58,13.92,14.0,199207,-186.4362952515272,-0.20202143491829894,-0.13857792575333977,-0.06344350916495917,28.737673447710925
2022-09-27,13.92,14.42,13.75,13.92,239165,-183.3436087135221,-0.23853645659812805,-0.15856963192229742,-0.07996682467583063,27.654309461776073
2022-09-28,13.92,14.17,13.75,14.0,193100,-157.64737842977453,-0.2580449612578448,-0.1784646977894069,-0.07958026346843791,30.476829547465716
2022-09-29,14.0,14.17,13.67,13.75,205700,-143.53141442277914,-0.2903317388544,-0.20083810600240554,-0.08949363285199446,26.9396937450184
2022-09-30,13.75,14.08,13.08,13.67,196900,-154.9970077797726,-0.3187007898049252,-0.22441064276290948,-0.09429014704201574,25.90365119257357
2022-10-03,13.67,13.67,13.17,13.42,150500,-150.4020979020974,-0.35723835633533874,-0.2509761854773953,-0.10626217085794343,22.9352468231488
2022-10-04,13.33,13.83,13.25,13.33,223800,-118.26720337358607,-0.3905400012656024,-0.2788889486350367,-0.11165105263056568,21.959640752712517
2022-10-05,13.33,13.75,13.17,13.42,155800,-104.76190476190459,-0.4050009481338641,-0.3041113485348022,-0.10088959959906191,25.378037190971725
2022-10-06,13.33,13.5,13.25,13.25,69400,-106.16463639719429,-0.4252766079522008,-0.32834440041828195,-0.09693220753391885,23.3017702958859
2022-10-07,13.17,13.25,12.0,12.0,203000,-192.78595158993826,-0.5360307390582815,-0.3698816681462819,-0.1661490709119996,14.140756094489204
2022-10-10,12.08,12.58,10.83,12.0,146600,-207.7340749569592,-0.6166953062888769,-0.4192443957748009,-0.19745091051407604,14.140756094489204
2022-10-11,11.92,12.08,11.0,11.0,55500,-199.8428676651114,-0.7526382543323464,-0.48592316748631,-0.26671508684603645,10.361306776958154
2022-10-12,11.0,11.58,11.0,11.25,59700,-151.42548304283176,-0.8306261679922482,-0.5548637675874977,-0.27576240040475053,16.378559227489966
2022-10-13,11.17,11.67,11.08,11.5,155800,-110.21520941903093,-0.8623189645292957,-0.6163548069758573,-0.24596415755343837,22.01613212799903
2022-10-14,11.5,12.17,11.5,12.08,211700,-62.498809863848265,-0.8310547001121176,-0.6592947856031094,-0.17175991450900818,33.2581757494433
2022-10-17,12.67,12.67,11.75,11.75,165206,-44.392644392644335,-0.8234139835446754,-0.6921186251914226,-0.1312953583532528,30.558890928588955
2022-10-18,11.83,12.5,11.83,12.25,191500,-27.58295625942679,-0.7681579921195318,-0.7073264985770444,-0.0608314935424874,38.67963407333119
2022-10-19,12.25,12.5,12.0,12.0,134650,-22.876237775529624,-0.7360553436568757,-0.7130722675930107,-0.02298307606386507,36.3882644287477
2022-10-20,12.0,12.5,11.83,12.0,130910,-20.993117010816103,-0.7025156009165379,-0.7109609342577161,0.008445333341178252,36.38826442874771
2022-10-21,11.92,12.25,11.08,12.0,115000,-50.39244542555811,-0.6682321489015557,-0.702415177186484,0.03418302828492836,36.38826442874771
2022-10-24,12.0,12.17,11.33,12.0,125500,-35.91885441527441,-0.6337567132898005,-0.6886834844071473,0.054926771117346784,36.38826442874771
2022-10-25,11.83,11.83,11.5,11.75,100300,-47.5977375846854,-0.6194667655792827,-0.6748401406415744,0.055373375062291674,33.702810818045464
2022-10-26,11.67,11.83,11.5,11.83,106018,-30.26041666666704,-0.5948297208991988,-0.6588380566930992,0.06400833579390042,35.347102897335404
2022-10-27,11.75,12.08,11.58,12.0,116301,25.696562944884192,-0.5551872531766335,-0.6381078959898061,0.08292064281317257,38.81958400989399
2022-10-28,11.92,12.17,11.75,12.0,108800,45.83697658602978,-0.5178014194546634,-0.6140466006827776,0.09624518122811421,38.819584009894
2022-10-31,12.0,12.08,11.5,11.75,88900,-21.905891656781627,-0.50255267315449,-0.59174781517712,0.08919514202263001,35.56198001178707
2022-11-01,11.67,12.0,11.58,11.75,91200,-41.077441077441,-0.48487855370957433,-0.5703739628836109,0.08549540917403653,35.561980011787064
2022-11-02,11.58,11.92,11.42,11.67,87201,-101.78899082568813,-0.47188739398823465,-0.5506766491045356,0.07878925511630097,34.4879074995132
2022-11-03,11.5,11.75,11.33,11.67,89201,-117.29416632188658,-0.4563315008277744,-0.5318076194491834,0.07547611862140902,34.4879074995132
2022-11-04,11.67,11.75,11.17,11.58,92700,-133.19722335647157,-0.4461229634419137,-0.5146706882477294,0.06854772480581572,33.180379763002506
2022-11-07,11.5,11.58,10.83,11.5,93700,-189.7894153505125,-0.43942256562174364,-0.4996210637225323,0.060198498100788644,32.01835536497164
2022-11-08,11.25,11.58,10.92,11.58,71800,-141.47509578543983,-0.42278353524272916,-0.48425355802657166,0.061470022783842504,34.48912347825367
2022-11-09,11.58,11.67,11.17,11.58,53500,-81.01157308186832,-0.4049292118945811,-0.46838868880017354,0.06345947690559245,34.48912347825367
2022-11-10,10.58,11.5,10.58,11.5,76700,-150.86278709984478,-0.39270797038939875,-0.4532525451180186,0.06054457472861985,33.09416550936868
2022-11-11,11.5,11.58,10.83,11.42,115200,-102.4544734758511,-0.38503938550198313,-0.4396099131948115,0.054570527692828386,31.712831610163356
2022-11-14,11.33,11.42,10.75,11.33,75600,-114.06138472519599,-0.3818228089035589,-0.428052492336561,0.0462296834330021,30.186338397861196
2022-11-15,11.42,11.42,10.67,10.83,41700,-142.04028589993396,-0.4148374818375178,-0.42540949023675234,0.010572008399234556,23.436844937161556
2022-11-16,10.83,11.92,10.67,11.67,126901,-12.345679012344815,-0.36896763890158724,-0.41412111996971934,0.045153481068132106,45.488559718687036
2022-11-17,11.58,11.83,11.42,11.67,87400,69.60065199674114,-0.3288249683517659,-0.39706188964612865,0.06823692129436276,45.488559718687036
2022-11-18,11.67,11.83,11.33,11.67,16900,67.53472222222263,-0.29362686500530444,-0.3763748847179638,0.08274801971265938,45.488559718687036
2022-11-21,11.67,11.67,11.17,11.58,92460,28.62092862092969,-0.2698833154887854,-0.3550765708721281,0.08519325538334271,43.80038367484526
2022-11-22,11.42,11.58,11.25,11.58,97600,35.760299625468285,-0.24820522608993123,-0.3337023019156887,0.0854970758257575,43.80038367484525
2022-11-23,11.42,11.58,11.25,11.58,31600,41.21526142251491,-0.22839241842883595,-0.3126403252183182,0.08424790678948224,43.80038367484526
2022-11-24,11.25,11.5,11.25,11.5,41300,20.05208333333422,-0.21664856720229153,-0.29344197361511287,0.07679340641282134,42.06713832343293
2022-11-25,11.5,11.5,11.08,11.33,36600,-34.17968749999893,-0.21853986818203808,-0.2784615525284979,0.059921684346459836,38.573965779821414
2022-11-28,11.33,11.58,11.17,11.33,76400,-7.063802083332352,-0.2175311738706487,-0.2662754767969281,0.048744302926279404,38.57396577982142
2022-11-29,11.33,11.42,11.08,11.33,132240,-40.22792022791994,-0.21426189856832778,-0.25587276115120805,0.04161086258288027,38.573965779821414
2022-11-30,11.42,11.92,11.25,11.67,118100,105.19125683060199,-0.18213626237912273,-0.24112546139679097,0.05898919901766825,49.126418746247694
2022-12-01,11.67,11.83,11.5,11.67,158900,114.09353980916632,-0.1548909774744267,-0.22387856461231812,0.06898758713789141,49.12641874624771
2022-12-02,11.67,11.83,11.42,11.67,52830,90.79835390946512,-0.13177981719326226,-0.20545881512850694,0.07367899793524468,49.12641874624771
2022-12-05,11.67,11.83,11.33,11.5,30300,36.526821122936845,-0.12573227204769744,-0.18951350651234505,0.06378123446464762,44.36669170140632
2022-12-06,11.42,11.58,11.17,11.25,34500,-90.268656716417,-0.1395043404145877,-0.17951167329279358,0.040007332878205876,38.4646237937742
2022-12-07,11.25,11.33,10.92,11.25,26500,-154.70038482682904,-0.14870462941526164,-0.1733502645172872,0.024645635102025554,38.4646237937742
2022-12-08,11.17,11.42,10.75,11.25,46500,-138.3891828336263,-0.15421819339681164,-0.16952385029319209,0.015305656896380443,38.46462379377421
2022-12-09,11.17,11.25,11.0,11.17,21902,-113.42812006319132,-0.16316223134934482,-0.16825152650442263,0.005089295155077805,36.52277694072455
2022-12-12,11.25,11.42,11.0,11.17,21400,-76.56408033521058,-0.16831026984378816,-0.16826327517229572,-4.699467149243963e-05,36.522776940724555
2022-12-13,11.17,11.17,11.0,11.17,14202,-97.34390209984667,-0.17042556758337923,-0.16869573365451243,-0.001729833928866803,36.522776940724555
2022-12-14,11.08,11.17,10.92,11.08,19200,-103.56114166012043,-0.17732016760632519,-0.170420620444875,-0.006899547161450192,34.10363822668426
2022-12-15,11.08,11.17,10.75,11.17,16600,-96.94364851957995,-0.17352168993078365,-0.17104083434205672,-0.0024808555887269323,38.491159209210785
2022-12-16,11.17,11.17,11.08,11.17,24300,-51.851851851851414,-0.16856821950201706,-0.1705463113740488,0.0019780918720317398,38.491159209210785
2022-12-19,11.17,11.17,10.75,10.92,68600,-101.51490646396056,-0.18270930996948387,-0.17297891109313582,-0.009730398876348051,31.693043119768298
2022-12-20,11.0,11.0,10.83,10.92,17300,-105.84711238916906,-0.19170635452411489,-0.17672439977933163,-0.014981954744783255,31.693043119768298
2022-12-21,11.0,11.0,10.75,10.92,3700,-117.20595788392484,-0.1965706332546766,-0.18069364647440062,-0.015876986780275992,31.693043119768298
2022-12-22,10.83,10.92,10.75,10.75,3700,-142.7139806144261,-0.21170281022870974,-0.18689547922526245,-0.024807331003447286,27.559173808716274
2022-12-23,10.75,10.75,10.58,10.58,4100,-187.91946308724835,-0.2347071903624549,-0.19645782145270094,-0.03824936890975397,24.164792997219557
2022-12-26,10.58,10.58,10.25,10.33,6900,-220.78658929722732,-0.26999885923804,-0.21116602900976875,-0.058832830228271266,20.220554243111476
2022-12-27,10.33,10.5,10.17,10.5,57200,-167.5975828842074,-0.2810108635224662,-0.22513499591230823,-0.05587586761015795,28.738391423217063
2022-12-28,10.5,10.75,10.33,10.67,34400,-86.57745336577474,-0.27287484564248565,-0.23468296585834372,-0.03819187978414193,36.087107608223754
2022-12-29,10.67,10.75,10.42,10.67,32400,-64.98066051770341,-0.2633907878089694,-0.24042453024846885,-0.022966257560500553,36.087107608223754
2022-12-30,10.58,10.67,10.33,10.67,62000,-69.22457200402776,-0.2529586537478501,-0.2429313549483451,-0.01002729879950498,36.087107608223754
2023-01-03,10.75,11.17,10.67,10.92,36800,44.79166666666643,-0.2219595896971409,-0.23873700189810426,0.01677741220096335,46.26500766781415
2023-01-04,10.92,11.0,10.42,10.67,17400,-18.181818181817867,-0.21508613963237266,-0.23400682944495793,0.018920689812585267,39.492240225021554
2023-01-05,10.58,10.75,10.5,10.67,13701,-30.261365043973647,-0.20724983385932205,-0.22865543032783076,0.021405596468508703,39.492240225021554
2023-01-06,10.67,10.92,10.58,10.75,15800,24.109014675051924,-0.19236669020397557,-0.22139768230305973,0.029030992099084163,42.61018007069634
2023-01-09,10.67,10.75,10.42,10.75,24000,-16.548463356973077,-0.1785138945742446,-0.2128209247572967,0.03430703018305209,42.61018007069634
2023-01-10,10.75,10.75,10.33,10.58,22700,-53.10669355613146,-0.1791874718492501,-0.20609423417568737,0.026906762326437267,37.80868456271058
2023-01-11,10.58,10.67,10.42,10.5,20300,-57.938299473287074,-0.18405494724306593,-0.20168637678916307,0.017631429546097144,35.76618698990682
2023-01-12,10.5,10.58,10.33,10.42,23100,-97.85932721712379,-0.19215277044627754,-0.19977965552058596,0.0076268850743084204,33.79980084237782
2023-01-13,10.42,10.58,10.25,10.42,60700,-97.30496453900622,-0.19630744366308228,-0.19908521314908523,0.0027777694860029456,33.79980084237783
2023-01-16,10.42,10.67,10.17,10.33,115100,-113.57498223169877,-0.20450489483108392,-0.20016914948548498,-0.00433574534559894,31.5375245023286
2023-01-17,10.33,10.42,10.08,10.42,122400,-151.68690958164555,-0.20141737201591603,-0.2004187939915712,-0.0009985780243448317,36.14053011611356
2023-01-18,10.25,10.5,10.08,10.5,107800,-101.70940170940202,-0.1903212516106887,-0.1983992855153947,0.008078033904706017,40.002043344050335
2023-01-19,10.42,10.42,10.17,10.42,91300,-95.49549549549562,-0.18584057321216818,-0.1958875430547494,0.010046969842581216,37.55635910775864
2023-01-27,10.42,10.5,10.17,10.33,107400,-82.42612752721557,-0.18739171608270588,-0.1941883776603407,0.0067966615776348105,34.96632544068206
2023-01-30,10.33,10.42,10.17,10.33,123200,-85.7215447154463,-0.18647148082648535,-0.19264499829356962,0.006173517467084277,34.96632544068207
2023-01-31,10.42,10.42,9.92,10.33,107836,-116.44777986241293,-0.183625467667607,-0.1908410921683771,0.007215624500770096,34.96632544068207
2023-02-01,10.33,10.42,10.08,10.33,143520,-80.8888888888889,-0.1793030873560344,-0.18853349120590857,0.00923040384987417,34.96632544068206
2023-02-02,10.17,10.33,10.08,10.25,117801,-109.6229470275265,-0.18025503340986226,-0.18687779964669932,0.006622766236837052,32.30284840511784
2023-02-03,10.33,10.33,10.0,10.25,101940,-121.77954847277485,-0.1789466716752841,-0.18529157405241628,0.006344902377132172,32.30284840511785
2023-02-06,10.33,10.33,10.0,10.25,99701,-111.51885830784728,-0.17588232363052647,-0.1834097239680383,0.0075274003375118415,32.30284840511785
2023-02-07,10.17,11.25,9.92,11.17,408444,299.72105997211025,-0.09808681079055326,-0.1663451413325413,0.06825833054198804,67.67219627356596
2023-02-08,11.25,11.75,11.17,11.25,178881,336.7192060712217,-0.02963634562201989,-0.139003382190437,0.10936703656841712,69.18010367570858
2023-02-09,11.25,11.5,10.75,11.0,175600,155.28023598820042,0.004387652394601815,-0.11032517527342925,0.11471282766803106,59.79389842477103
2023-02-10,11.0,11.33,10.83,11.08,143729,115.99312714776607,0.03737639554272931,-0.08078486111019753,0.11816125665292684,61.58982977571904
2023-02-13,11.08,11.42,10.83,11.17,147300,101.32877410840176,0.06997582227652899,-0.05063272443285223,0.12060854670938122,63.561763534479574
2023-02-14,11.17,11.42,10.92,11.33,141900,94.83308986636378,0.10748277117308014,-0.019009625311665758,0.1264923964847459,66.82274750991283
2023-02-15,11.42,11.42,11.0,11.25,156100,80.56155507559416,0.12926191607866144,0.010644682966399682,0.11861723311226176,63.75067953560024
2023-02-16,11.33,11.58,11.17,11.25,196040,84.43908323281072,0.14485227842829218,0.03748620205877819,0.107366076369514,63.75067953560024
2023-02-17,11.25,11.42,11.08,11.08,188300,56.049305987155776,0.14185495800787962,0.058359953248598474,0.08349500475928115,57.262738323391915
2023-02-20,11.08,11.33,10.92,11.25,161600,45.67848739972176,0.1514513028863842,0.07697822317615562,0.07447307971022858,61.48404970394817
2023-02-21,11.25,12.33,11.17,12.33,568787,163.45029239766072,0.2433977120887878,0.11026212095868206,0.13313559113010576,77.01599647880349
2023-02-22,12.25,13.0,12.17,12.92,274950,262.27743271221505,0.35972726104122366,0.1601551489751904,0.19957211206603326,81.42324933305862
2023-02-23,12.92,13.17,11.67,12.42,315000,163.56939040207462,0.40688314969579586,0.2095007491193115,0.19738240057648437,69.29621806620855
2023-02-24,12.5,12.5,11.92,12.42,220400,109.0125911199469,0.4391918014941574,0.25543895959428065,0.18375284189987673,69.29621806620855
2023-02-27,12.42,12.92,12.0,12.83,402504,117.7570093457942,0.4922063657066147,0.30279244081674744,0.18941392488986725,73.10557409880134
2023-02-28,12.83,13.67,12.5,13.67,462800,152.80998802804828,0.5951413505943624,0.36126222277227044,0.23387912782209191,78.88548260823927
2023-03-01,13.58,14.25,13.33,14.17,552640,168.8626275097743,0.708892220798786,0.4307882223775735,0.2781039984212125,81.44208540294845
2023-03-02,14.17,14.17,13.33,13.75,351405,127.31415551125038,0.7564304556222101,0.49591666902650083,0.2605137865957093,73.4021117760577
2023-03-03,13.67,14.0,13.33,13.5,304100,100.44843049327338,0.7651122013599672,0.5497557754931941,0.21535642586677306,69.03352288752006
2023-03-06,13.5,13.92,13.33,13.58,344754,87.11908767994002,0.769576677919634,0.593719955978482,0.17585672194115198,69.65588305250688
2023-03-07,13.58,13.67,13.25,13.5,252100,66.39416058394151,0.757922616216586,0.6265604880261029,0.1313621281904831,68.18020049559703
2023-03-08,13.5,13.5,12.33,12.42,339210,-1.140565269160768,0.6540008001675695,0.6320485504543962,0.021952249713173222,52.1254542399632
2023-03-09,12.5,12.83,12.25,12.5,450735,-34.364625273716506,0.5715093397283972,0.6199407083091965,-0.04843136858079922,53.0081651406887
2023-03-10,12.42,12.83,12.33,12.5,227500,-48.26210826210817,0.5003663511822829,0.5960258368838137,-0.09565948570153082,53.00816514068871
2023-03-13,12.5,12.5,11.83,12.25,338145,-96.11634233103142,0.4189823419090324,0.5606171378888575,-0.1416347959798251,49.687820537105374
2023-03-14,12.25,13.33,12.0,13.0,580500,-25.27556062333721,0.41027427376720915,0.5305485650645279,-0.1202742912973187,58.15582917670763
2023-03-15,13.08,14.25,12.83,14.25,770700,84.20750931498989,0.4984913226729937,0.524137116586221,-0.0256457939132273,67.86393139512373
2023-03-16,14.17,14.17,13.42,13.92,570300,80.7532621589561,0.5356016450615932,0.5264300222812954,0.009171622780297817,63.66454693208258
2023-03-17,13.92,14.83,13.92,14.25,502707,125.26315789473698,0.5848977478439821,0.5381235673938327,0.04677418045014936,65.93464306717924
2023-03-20,14.25,14.25,13.75,14.08,286400,76.36363636363633,0.6032932956325325,0.5511575130415727,0.052135782590959856,63.725879783966796
2023-03-21,14.17,15.0,13.92,14.75,745951,125.29608938547479,0.6642779180237603,0.5737815940380102,0.09049632398575014,68.24139670388061
2023-03-22,14.75,15.25,14.42,15.0,881950,138.93853235851603,0.7244307940508055,0.6039114340405692,0.12051936001023622,69.75434295218683
2023-03-23,15.0,15.33,14.75,15.33,632200,133.945226638151,0.7896282804645782,0.641054803325371,0.1485734771392072,71.67268535041657
2023-03-24,15.42,15.42,14.67,14.83,723992,100.21956248159165,0.7918242794444321,0.6712086985491832,0.12061558089524893,64.95083851969984
2023-03-27,14.83,15.25,14.67,14.92,321600,85.12457502410317,0.7917006401329854,0.6953070868659437,0.09639355326704169,65.57665244956324
2023-03-28,14.92,15.08,14.42,15.0,345700,67.66684994632517,0.7889633085911623,0.7140383312109874,0.0749249773801749,66.15513798234835
2023-03-29,15.08,15.58,14.75,15.5,778329,91.52565804025637,0.8177136806471008,0.7347734010982101,0.08294027954889072,69.59434604194823
2023-03-30,15.5,15.83,15.25,15.75,506600,109.8684012407021,0.8508632464385393,0.7579913701662759,0.09287187627226334,71.17173534067184
2023-03-31,15.75,16.08,15.67,15.83,278646,128.05301580551395,0.8735204475977731,0.7810971856525754,0.09242326194519779,71.67807503049123
2023-04-03,15.92,16.25,15.75,16.08,620200,142.3240139790313,0.9012601869949197,0.8051297859210442,0.0961304010738755,73.2587407346053
2023-04-04,16.08,16.25,15.67,16.25,469401,126.2151693115079,0.9262840832519998,0.8293606453872353,0.09692343786476454,74.30875688136229
2023-04-05,16.25,16.33,15.83,16.08,446201,109.97279765641318,0.9217725024476948,0.8478430167993272,0.07392948564836765,71.29400337721849
2023-04-06,16.17,16.67,15.83,16.67,614905,122.54693169269608,0.9547987852654334,0.8692341704925484,0.08556461477288502,75.07370348616409
2023-04-07,16.5,16.67,16.25,16.42,328400,111.75222740772209,0.9498501602905485,0.8853573684521484,0.06449279183840007,70.81864986836615
2023-04-10,16.42,16.58,15.92,16.25,488605,78.13106433796116,0.9215872756487968,0.892603349891478,0.028983925757318785,67.99639219486191
2023-04-11,16.33,16.42,15.75,16.33,370401,59.269246326007774,0.8953233372468663,0.8931473473625557,0.0021759898843105585,68.62995533941447
2023-04-12,16.25,16.67,16.17,16.25,540300,76.79407907063903,0.8581612961941083,0.8861501371288663,-0.027988840934757953,67.19734602577665
2023-04-13,16.25,16.25,15.75,16.08,404933,23.626737260092927,0.805704867492441,0.8700610832015812,-0.06435621570914019,64.13366376252837
2023-04-14,16.08,16.25,15.75,15.83,310200,-1.8374658578977705,0.7354816841222753,0.84314520338572,-0.10766351926344464,59.814739504138956
2023-04-17,15.83,15.92,14.33,14.33,350109,-229.95531724754082,0.552423843201236,0.7850009313488232,-0.23257708814758715,41.67878198814204
2023-04-18,14.42,15.0,13.92,15.0,366516,-222.19839142090996,0.4561543228989837,0.7192316096588554,-0.26307728675987163,49.10213429855838
2023-04-19,15.0,15.25,14.75,15.0,259414,-130.2150537634398,0.3755311451932428,0.6504915167657328,-0.27496037157249,49.10213429855838
2023-04-20,15.0,15.08,14.75,15.0,317800,-106.41302050306462,0.3080852806637502,0.5820102695453363,-0.2739249888815861,49.10213429855839
2023-04-21,15.0,15.0,14.58,14.83,344826,-98.30932538587447,0.23817088217866278,0.5132423920720016,-0.27507150989333884,47.19830477971558
2023-04-24,14.83,15.08,14.58,14.83,313300,-79.38757476889612,0.18068044596181565,0.44673000284996445,-0.2660495568881488,47.198304779715585
2023-04-25,14.83,14.92,14.58,14.58,212200,-79.11714770797977,0.11363602504022019,0.3801112072880156,-0.26647518224779543,44.27075006462539
2023-04-26,14.67,14.83,14.25,14.83,385400,-74.30983118172797,0.0797563673376569,0.3200402392979439,-0.240283871960287,47.76025903008323
2023-04-27,14.83,14.92,14.58,14.92,308100,-51.293600659159615,0.05948305868365189,0.2679288031750855,-0.2084457444914336,48.998349931097835
2023-04-28,14.92,15.0,14.67,14.92,294600,-39.764676113360174,0.042921542687681224,0.22292735107760464,-0.18000580838992342,48.99834993109783
2023-05-04,14.92,14.92,14.5,14.75,338505,-54.00102722136601,0.01589560801633283,0.18152100246535027,-0.16562539444901744,46.579959571233445
2023-05-05,14.75,14.92,14.25,14.58,390000,-81.99337548931041,-0.01902095741582066,0.14141261048911608,-0.16043356790493674,44.22904322295804
2023-05-08,14.5,14.75,14.17,14.75,446613,-99.80826215792241,-0.032599224265332793,0.10661024353822629,-0.13920946780355908,47.10408956103597
2023-05-09,14.75,14.83,14.5,14.83,245933,-24.892703862661158,-0.03648420001050212,0.0779913548284806,-0.11447555483898272,48.450830842222146
2023-05-10,14.83,14.92,14.25,14.75,484401,-63.87176325523997,-0.04549397644890618,0.053294288573003244,-0.09878826502190943,47.157824887807365
2023-05-11,14.75,14.75,14.17,14.67,683415,-118.36141778035962,-0.058416234610630724,0.030952183936276446,-0.08936841854690716,45.84038079039011
2023-05-12,14.58,14.67,14.17,14.5,458452,-146.50034650034664,-0.08143605243408203,0.00847453666220475,-0.08991058909628678,43.085795856823594
2023-05-15,14.42,14.83,14.17,14.58,542801,-87.13450292397754,-0.09216170967543036,-0.011652712605322274,-0.08050899707010808,44.76779617087398
2023-05-16,14.58,14.58,14.17,14.58,695102,-119.44614131541479,-0.09951472649215098,-0.029225115382688016,-0.07028961110946297,44.767796170873986
2023-05-17,14.5,14.58,14.17,14.5,527100,-116.17440225035193,-0.11052333252813185,-0.045484758811776785,-0.06503857371635506,43.28423810397627
2023-05-18,14.5,14.75,14.17,14.5,417337,-72.1136767317936,-0.11788878361013388,-0.0599655637714482,-0.05792321983868568,43.28423810397627
2023-05-19,14.5,14.58,13.92,13.92,578900,-204.39723320158078,-0.1685837805135808,-0.08168920711987472,-0.08689457339370608,33.85173189301229
2023-05-22,13.92,13.92,12.75,12.75,420838,-372.47581546837625,-0.29971423358022875,-0.12529421241194555,-0.1744200211682832,22.975051493120755
2023-05-23,12.75,13.58,12.67,13.58,667940,-202.02277250334384,-0.3328253950019011,-0.16680044892993667,-0.16602494607196444,38.15574889966835
2023-05-24,13.58,14.0,13.17,13.92,637800,-94.22306194892931,-0.32785179902171,-0.19901071894829134,-0.12884108007341868,43.10269848552773
2023-05-25,13.83,14.0,13.58,13.83,386001,-62.92855026796986,-0.32739839135606985,-0.22468825342984705,-0.1027101379262228,42.14175241172469
2023-05-26,13.83,14.17,13.33,14.0,745900,-49.04105246473296,-0.3097508680698162,-0.24170077635784087,-0.06805009171197535,44.65183979574612
2023-05-29,14.0,14.0,13.67,13.75,488903,-43.89849684822991,-0.3123375564572832,-0.25582813237772933,-0.056509424079553894,41.781190450444306
2023-05-30,13.75,13.83,13.33,13.67,551920,-64.29527634346928,-0.31718652819723836,-0.26809981154163115,-0.04908671665560721,40.875584177325074
2023-05-31,13.67,13.75,13.0,13.33,531100,-91.60892994611235,-0.3444934259627619,-0.2833785344258573,-0.06111489153690458,37.18650799800918
2023-06-01,13.33,13.58,13.08,13.08,339204,-99.21635434412258,-0.38190488801879496,-0.30308380514444483,-0.07882108287435013,34.70619532297447
2023-06-02,13.0,13.25,12.92,13.08,360055,-111.0034322632741,-0.40686367010806634,-0.32383977813716913,-0.08302389197089721,34.70619532297447
2023-06-05,13.08,13.17,12.58,13.0,944302,-120.04816375677284,-0.42816341482065035,-0.3447045054738654,-0.08345890934678496,33.867840465056865
2023-06-06,12.92,13.17,12.5,13.08,1188110,-104.11800860479383,-0.433590127460759,-0.3624816298712441,-0.07110849758951487,35.54457774299811
2023-06-07,13.08,13.08,12.5,13.08,1393630,-99.77231329690372,-0.43290062736442536,-0.37656542936988036,-0.056335197994545005,35.544577742998115
2023-06-08,12.92,13.42,12.58,12.75,1193181,-86.37453673424874,-0.4537518665782443,-0.39200271681155313,-0.06174914976669116,31.699555889130828
2023-06-09,12.67,12.92,12.5,12.67,614701,-116.4794758657571,-0.47129911249701273,-0.40786199594864503,-0.0634371165483677,30.828904541272856
2023-06-12,12.67,12.83,12.42,12.5,1025000,-114.37461107653988,-0.49323727824536867,-0.42493705240798973,-0.06830022583737894,29.005768434917773
2023-06-13,12.42,12.92,12.17,12.92,1203301,-87.04598318124866,-0.4713000886949885,-0.4342096596653895,-0.037090429029599026,38.65754394249219
2023-06-14,12.75,13.08,12.67,13.0,1091303,-37.16058171463438,-0.4423601243612705,-0.4358397526045657,-0.006520371756704779,40.321819007621905
2023-06-15,13.0,13.0,12.75,12.92,437111,-35.267967399357126,-0.421026988494555,-0.43287719978256356,0.01185021128800856,39.17714604479181
2023-06-16,12.75,13.0,12.5,12.92,1322754,-50.97909790979038,-0.39951496479847215,-0.42620475278574527,0.026689787987273117,39.17714604479181
2023-06-19,12.92,13.0,12.5,12.83,885900,-58.4147665580889,-0.38528742526680126,-0.4180212872819565,0.03273386201515521,37.77787849164401
2023-06-20,12.75,12.83,12.5,12.75,779034,-83.43728343728274,-0.3761315190779779,-0.4096433336411608,0.03351181456318286,36.5289507100314
2023-06-21,12.67,12.92,12.5,12.67,1475011,-70.54747054746947,-0.37105345560721403,-0.40192535803437146,0.030871902427157427,35.27312775944804
2023-06-22,12.67,12.67,12.33,12.33,974309,-180.62406576980607,-0.38996889356479514,-0.3995340651404562,0.009565171575661058,30.477512343634892
2023-06-23,12.33,12.75,12.25,12.33,1313182,-146.1946902654863,-0.40034459118324506,-0.39969617034901395,-0.0006484208342311115,30.477512343634892
2023-06-26,12.33,12.5,11.75,12.33,1148436,-209.29292929292873,-0.4039113674805108,-0.4005392097753133,-0.0033721577051974982,30.4775123436349
2023-06-27,12.25,12.5,12.17,12.5,836300,-101.35286741899226,-0.38854161822645494,-0.3981396914655416,0.00959807323908668,35.918261646160424
2023-06-28,12.42,12.67,12.17,12.5,1504802,-66.16640337019395,-0.3720719671786732,-0.39292614660816794,0.020854179429494746,35.918261646160424
2023-06-29,12.42,12.5,12.25,12.25,531540,-92.14437367303603,-0.37487127798535447,-0.38931517288360523,0.014443894898250764,31.688674831585466
2023-06-30,12.25,12.5,12.0,12.0,862302,-121.61172161172125,-0.3927354527998723,-0.38999922886685867,-0.0027362239330136484,28.122364366279236
2023-07-03,12.17,12.25,11.83,11.83,473414,-148.0118914901522,-0.41581723702435447,-0.3951628304983578,-0.02065440652599665,25.981118626756405
2023-07-04,11.83,12.0,11.75,11.83,475500,-157.7492320580831,-0.4291625980318621,-0.4019627840050587,-0.02719981402680338,25.981118626756405
2023-07-05,11.75,12.0,11.58,12.0,871211,-130.82028139102684,-0.42116636978381905,-0.40580350116081076,-0.015362868623008286,31.986990209619837
2023-07-06,12.0,12.0,11.75,12.0,347088,-97.62214701032669,-0.41010190184266015,-0.40666318129718065,-0.003438720545479501,31.98699020961983
2023-07-07,11.92,12.33,11.75,12.25,469900,-39.235080778107154,-0.3768166132637738,-0.4006938676904993,0.023877254426725503,40.254909054153735
2023-07-10,12.25,12.5,12.08,12.33,856688,24.906785980611517,-0.34006242291548716,-0.38856757873549685,0.04850515582000969,42.65715839583154
2023-07-11,12.33,12.42,12.08,12.33,837010,30.208333333333574,-0.30739104958944274,-0.372332272906286,0.06494122331684327,42.65715839583154
2023-07-12,12.25,12.58,12.17,12.58,1148224,90.97222222222281,-0.2583477679284183,-0.3495353719107125,0.0911876039822942,49.95062360320511
2023-07-13,12.58,13.0,12.33,12.83,1227052,166.6274970622796,-0.1970363903543575,-0.3190355755994415,0.12199918524508402,55.98020795324565
2023-07-14,12.75,12.83,12.17,12.33,1058762,65.69650954339389,-0.1866410217096739,-0.292556664821488,0.10591564311181412,44.44709037535286
2023-07-17,12.33,12.5,12.25,12.33,547126,40.87428206764554,-0.17636953890589346,-0.2693192396383691,0.09294970073247566,44.44709037535285
2023-07-18,12.33,12.67,12.25,12.33,1043228,59.77899367020743,-0.16631217159346257,-0.2487178260293878,0.08240565443592524,44.44709037535285
2023-07-19,12.5,12.58,12.17,12.58,1032808,63.682678311499906,-0.136594152512858,-0.22629309132608183,0.08969893881322383,50.77967166018333
2023-07-20,12.58,12.75,12.33,12.67,595023,92.50370370370422,-0.10457468853218188,-0.20194941076730183,0.09737472223511995,52.86284088764654
2023-07-21,12.67,12.83,12.33,12.67,1166556,90.98987394089701,-0.07829647956119956,-0.17721882452608137,0.09892234496488181,52.86284088764654
2023-07-24,12.67,12.67,12.08,12.08,1882146,-22.853998532648546,-0.10388139869149882,-0.16255133935916485,0.05866994066766604,39.993678856209655
2023-07-25,12.08,12.33,11.83,12.08,1882866,-109.84294611426841,-0.12274272964895161,-0.1545896174171222,0.0318468877681706,39.99367885620965
2023-07-26,12.17,12.5,11.92,12.08,1192127,-92.65175718849756,-0.13612134815238086,-0.15089596356417395,0.01477461541179309,39.99367885620964
2023-07-27,12.25,12.33,11.83,12.25,1366648,-108.30636461704427,-0.1314906777701399,-0.14701490640536713,0.015524228635227233,44.82732415142415
2023-07-28,12.33,12.33,12.08,12.33,865181,-55.11811023621963,-0.11998242402029113,-0.14160840992835194,0.021625985908060807,46.99129171245061
2023-07-31,12.33,12.33,12.08,12.33,896617,-53.41614906832141,-0.1095986648257341,-0.13520646090782837,0.025607796082094264,46.991291712450604
2023-08-01,12.25,12.5,12.0,12.0,1359098,-75.72624322993579,-0.1265390396467989,-0.13347297665562247,0.006933937008823554,39.56702715355397
2023-08-02,12.08,12.08,11.75,12.0,661875,-150.12367234104394,-0.13836937274425232,-0.13445225587334844,-0.003917116870903875,39.56702715355397
2023-08-03,12.0,12.08,11.75,11.75,681066,-156.02865639361974,-0.16600431323092657,-0.14076266734486406,-0.025241645886062508,34.74408190455789
2023-08-04,11.83,11.83,11.5,11.58,778778,-185.88235294117572,-0.19932508639591617,-0.15247515115507448,-0.04684993524084169,31.896865279249493
2023-08-07,11.67,11.75,11.58,11.67,532216,-143.71568029286095,-0.21598010712180837,-0.16517614234842126,-0.05080396477338711,34.93672713535297
2023-08-08,11.75,12.17,11.58,12.08,1475697,-51.010101010100286,-0.19386104806520876,-0.17091312349177876,-0.022947924573430006,46.625007117210785
2023-08-09,12.08,12.25,11.92,12.17,900423,12.267613972766451,-0.1671425710486112,-0.17015901300314523,0.0030164419545340437,48.799376317773245
2023-08-10,12.17,12.25,11.92,12.0,801506,7.388888888888994,-0.15786578625157865,-0.16770036765283192,0.009834581401253262,45.06493767990852
2023-08-11,12.0,12.25,11.75,11.92,779022,-18.860424028267154,-0.1551803760971886,-0.16519636934170326,0.01001599324451466,43.38245377654311
2023-08-14,11.92,12.08,11.83,11.83,445593,-38.94790085988797,-0.15848747211757086,-0.1638545898968768,0.00536711777930593,41.50508059161126
2023-08-15,11.75,12.0,11.75,11.75,381434,-63.917071018967135,-0.16565414310655946,-0.1642145005388133,-0.0014396425677461466,39.85410110628305
2023-08-16,11.75,12.0,11.58,11.58,1054980,-98.6515876468027,-0.18294251333318456,-0.16796010309768755,-0.014982410235497012,36.528880973072084
2023-08-17,11.67,11.67,11.25,11.33,1004922,-181.94715605883115,-0.21434573771776932,-0.1772372300217039,-0.03710850769606541,32.26543574156993
2023-08-18,11.42,11.42,11.08,11.33,2014199,-182.3736513344695,-0.23650671707642879,-0.1890911274326489,-0.0474155896437799,32.26543574156993
2023-08-21,11.25,11.75,11.25,11.75,820486,-66.56368005492573,-0.2176698009947362,-0.19480686214506635,-0.02286293884966986,44.81489097096074
2023-08-22,11.67,11.83,11.5,11.75,685174,-24.197530864197557,-0.2004309658766612,-0.19593168289138532,-0.004499282985275882,44.81489097096073
2023-08-23,11.75,11.92,11.42,11.5,1016231,-45.45666900256874,-0.20458366239809322,-0.1976620787927269,-0.0069215836053663216,39.73299345110486
2023-08-24,11.42,11.67,11.42,11.67,522800,-52.55835345521411,-0.1919445082493798,-0.19651856468405748,0.004574056434677676,44.353946184642346
2023-08-25,11.58,11.67,11.42,11.5,577130,-65.629825722479,-0.19341588880808658,-0.19589802950886331,0.002482140700776736,40.97087002048134
2023-08-28,11.5,11.67,11.42,11.58,970206,-50.028725726761174,-0.18598274378931734,-0.1939149723649541,0.007932228575636774,43.16771969842173
2023-08-29,11.58,11.83,11.5,11.67,939760,-2.505851576483324,-0.17086010602487534,-0.18930399909693835,0.01844389307206301,45.61967723811855
2023-08-30,11.67,11.75,11.42,11.5,936907,-38.43404808317086,-0.17062601540003008,-0.1855684023575567,0.014942386957526615,41.93900549856836
2023-08-31,11.5,11.75,11.33,11.67,993915,-15.442218174458583,-0.15493690148711714,-0.1794421021834688,0.024505200696351648,46.58051514481083
2023-09-05,11.67,11.92,11.5,11.92,1841530,118.78502577897487,-0.12093617803412648,-0.16774091735360033,0.04680473931947385,52.583657092568394
2023-09-06,11.92,12.33,11.75,12.25,1205808,262.3726346433778,-0.06659445820019805,-0.14751162552291988,0.08091716732272183,59.11498765550574
2023-09-07,12.25,12.33,11.92,12.0,1018162,184.7578040904206,-0.04320314541634929,-0.12664992950160575,0.08344678408525646,53.14285749197241
2023-09-08,12.0,12.17,11.92,11.92,739946,119.57263306944695,-0.030766041150753765,-0.10747315183143535,0.07670711068068159,51.354935719337924
2023-09-11,11.92,12.0,11.83,11.83,714100,60.12608353033913,-0.027850748166018846,-0.09154867109835205,0.0636979229323332,49.34365748575347
2023-09-12,11.75,12.0,11.75,11.92,709330,51.77195685670336,-0.018069812087768256,-0.07685289929623529,0.05878308720846703,51.39371966856437
2023-09-13,11.92,12.0,11.75,11.75,675226,26.381461675579395,-0.02376201530751132,-0.0662347224984905,0.042472707190979175,47.4846156483927
2023-09-14,11.75,11.92,11.5,11.67,939520,-27.939142461964206,-0.034332692869332604,-0.05985431657265892,0.025521623703326314,45.72215426797648
2023-09-15,11.75,11.83,11.58,11.58,430914,-44.38095238095206,-0.049402794174243425,-0.05776401209297582,0.008361217918732393,43.75459615709242
2023-09-18,11.58,11.67,11.5,11.5,410200,-88.82466281310252,-0.06702862517752983,-0.05961693470988662,-0.007411690467643214,42.02348440938604
2023-09-19,11.58,11.75,11.58,11.75,475330,-39.61879819583878,-0.0601311580128403,-0.05971977937047736,-0.0004113786423629445,48.83590462060635
2023-09-20,11.83,12.0,11.67,11.75,568332,4.799999999999397,-0.054041904160015974,-0.058584204328385084,0.0045423001683691094,48.83590462060634
2023-09-21,11.67,11.92,11.67,11.67,206856,-27.934272300470383,-0.055037025452989496,-0.057874768553305964,0.002837743100316467,46.795245820958144
2023-09-22,11.5,11.83,11.5,11.75,671496,-64.60208223045801,-0.04880770993662331,-0.05606135682996943,0.007253646893346122,49.08637644324407
2023-09-25,11.83,12.33,11.75,12.0,1477057,90.38430615854564,-0.023427958920249736,-0.049534677248025495,0.02610671832777576,55.53092123599175
2023-09-26,12.0,12.08,11.75,11.75,803100,22.997416020670922,-0.023219573264455562,-0.04427165645131151,0.021052083186855947,48.86931208184905
2023-09-27,11.75,11.75,11.58,11.75,446910,-57.81584582441133,-0.022791697627985386,-0.03997566468664628,0.017183967058660897,48.86931208184905
2023-09-28,11.75,11.92,11.58,11.92,508302,21.24183006535883,-0.00863547942131504,-0.03370762763358003,0.025072148212264993,53.28853619543753
2023-09-29,11.75,12.0,11.75,11.83,808077,60.33333333333305,-0.004625502428382333,-0.027891202592540493,0.02326570016415816,50.78596538575272
2023-10-02,11.83,12.0,11.75,11.92,342855,81.33333333333387,0.005748416895748676,-0.02116327869488266,0.026911695590631335,53.155151123690125
2023-10-03,11.92,11.92,11.5,11.5,565400,-81.1594202898557,-0.01969365106278964,-0.020869353168464055,0.0011757021056744144,42.80021250475632
2023-10-04,11.5,11.75,11.33,11.67,1070800,-106.30630630630696,-0.025841212556654725,-0.02186372504610219,-0.003977487510552536,47.27719117608128
2023-10-05,11.67,11.92,11.58,11.75,487401,-5.3858338990725265,-0.02398142497997746,-0.022287265032877243,-0.0016941599471002183,49.288696262082055
2023-10-06,11.83,12.0,11.67,11.83,571471,40.557006092253836,-0.015869267477111038,-0.021003665521724002,0.0051343980446129645,51.290054896060525
2023-10-09,11.92,12.42,11.75,12.08,1319159,179.70057243505028,0.010610277774162569,-0.014680876862546688,0.025291154636709258,57.0010605744388
2023-10-10,12.08,12.33,11.83,12.25,1289278,162.08411801632005,0.044796698950809954,-0.0027853616998753574,0.047582060650685314,60.40101144250415
2023-10-11,12.25,13.42,12.08,13.42,3179452,317.33047385620944,0.16440376170800342,0.0306524629817004,0.133751298726303,75.032990007113
2023-10-12,13.75,14.58,13.25,13.5,2400883,294.81455440323316,0.26262121815072703,0.07704621401550574,0.1855750041352213,75.69431603894468
2023-10-13,13.42,13.83,12.92,13.25,1876848,151.96233720520877,0.31663636245028925,0.12496424370246245,0.1916721187478268,69.49901469394439
2023-10-16,13.25,13.5,12.75,13.25,1343396,100.62483630785323,0.35534752835507,0.17104090063298397,0.18430662772208603,69.49901469394439
2023-10-17,13.25,13.42,13.0,13.0,974755,79.37523652251684,0.36168422496588093,0.20916956549956336,0.15251465946631756,63.47392029728353
2023-10-18,13.0,13.08,11.75,12.17,1984330,-6.27645075676052,0.29631628954738964,0.22659891030912863,0.06971737923826102,48.45479248793282
2023-10-19,12.17,12.17,11.75,11.92,474935,-48.036984866543875,0.22178225137566798,0.2256355785224365,-0.0038533271467685037,45.000838139512474
2023-10-20,11.75,12.42,11.75,12.33,435455,-27.39012359363761,0.1935657570659064,0.21922161423113046,-0.02565585716522406,51.15071723847223
2023-10-23,12.17,12.42,11.83,12.42,493624,-27.07362534948718,0.17643242668571268,0.2106637767220469,-0.03423135003633421,52.408718967082116
2023-10-24,12.42,12.58,12.25,12.5,397801,-9.698954528278193,0.16738001767917154,0.20200702491347183,-0.03462700723430029,53.553720681395035
2023-10-25,12.5,12.75,12.25,12.25,451100,-20.13711520365654,0.13843718990847087,0.18929305791247164,-0.05085586800400077,49.54237346283126
2023-10-26,12.08,12.25,11.75,12.08,748101,-74.79206653870764,0.1006222998897357,0.17155890630792445,-0.07093660641818875,46.96617456176615
2023-10-27,12.08,12.33,11.92,12.33,538213,-54.06642168758216,0.08979157637203805,0.15520544032074718,-0.06541386394870913,51.00135039238327
2023-10-30,12.33,12.33,12.08,12.08,196510,-58.564509026860094,0.060339681007780754,0.13623228845815388,-0.07589260745037313,47.13881186717565
2023-10-31,12.08,12.58,11.92,12.0,836311,-52.55683195191694,0.03019543613826059,0.11502491799417522,-0.08482948185591463,45.93982306059991
2023-11-01,12.0,12.25,11.58,11.67,333600,-104.4591611479026,-0.020090743587299897,0.0880017856778802,-0.10809252926518009,41.27599352316954
2023-11-02,12.0,12.0,11.67,11.67,373904,-113.9310344827585,-0.0592597933029122,0.058549469881721716,-0.11780926318463392,41.27599352316953
2023-11-03,11.67,11.67,11.25,11.25,597410,-197.4147342678717,-0.12277674344132095,0.022284227217113185,-0.14506097065843412,35.896836255400636
2023-11-06,11.25,11.67,11.25,11.5,579128,-147.7902023429178,-0.1511985506045601,-0.012412328347221474,-0.13878622225733864,40.83911010404439
2023-11-07,11.67,11.67,11.33,11.42,432010,-119.42567567567565,-0.17812505421559344,-0.04555487352089587,-0.13257018069469756,39.782122358897865
2023-11-08,11.5,11.58,11.17,11.5,805536,-107.39191073919116,-0.19080963619899016,-0.07460582605651472,-0.11620381014247544,41.415040812549044
2023-11-09,11.67,11.67,11.25,11.25,758952,-94.73684210526311,-0.21851625016092235,-0.10338791087739625,-0.1151283392835261,37.95162866942632
2023-11-10,11.33,11.33,11.08,11.08,559199,-116.91445809092835,-0.2512947511264141,-0.1329692789271998,-0.11832547219921427,35.76156759895308
2023-11-13,11.33,11.33,10.75,10.83,1178273,-129.18499895244085,-0.2940551749469389,-0.16518645813114763,-0.12886871681579126,32.76697385716343
2023-11-14,10.92,11.08,10.83,11.0,318358,-115.01674730182386,-0.3106446218154755,-0.1942780908680132,-0.11636653094746227,36.651611653667295
2023-11-15,11.17,11.25,10.67,10.67,1008360,-119.80568011958123,-0.34642672837270183,-0.22470781836895093,-0.1217189100037509,32.701695762741736
2023-11-16,10.67,10.75,10.33,10.75,689259,-149.80920314253643,-0.36413149301585257,-0.25259255329833125,-0.11153893971752132,34.54335486833934
2023-11-17,10.83,10.92,10.5,10.58,464600,-115.8144471499032,-0.38741435428309856,-0.2795569134952847,-0.10785744078781384,32.50756397573387
2023-11-20,10.5,10.75,10.5,10.75,362431,-100.87116001834005,-0.38767968029837085,-0.30118146685590197,-0.08649821344246889,36.53551426047892
2023-11-21,10.75,10.75,10.58,10.75,458700,-83.5007173601146,-0.3834695547513789,-0.31763908443499733,-0.06583047031638156,36.53551426047892
2023-11-22,10.75,10.75,10.58,10.75,334613,-74.49040767386126,-0.375800999923948,-0.32927146753278747,-0.04652953239116053,36.53551426047891
2023-11-23,10.75,11.17,10.58,10.75,1283706,-37.730496453900976,-0.3655102404446353,-0.33651922211515706,-0.028991018329478258,36.53551426047892
2023-11-24,10.75,10.92,10.58,10.92,686526,-37.294552169898616,-0.3397210671722988,-0.3371595911265854,-0.0025614760457133845,41.2514198939254
2023-11-27,10.83,11.08,10.83,10.92,790001,12.23940820443795,-0.3156444092846016,-0.33285655475818865,0.01721214547358707,41.25141989392539
2023-11-28,10.92,11.08,10.75,10.92,615803,19.067677618645106,-0.293183843597264,-0.3249220125260037,0.03173816892873971,41.25141989392539
2023-11-29,10.92,11.0,10.75,11.0,478435,42.10526315789384,-0.26586364149354225,-0.3131103383195114,0.04724669682596916,43.70987167875459
2023-11-30,11.0,11.08,10.75,11.0,573318,72.37980285656901,-0.24142913965736668,-0.2987740985870825,0.057344958929715806,43.70987167875459
2023-12-01,11.0,11.0,10.75,10.83,470302,29.50363714163302,-0.23309522352181666,-0.2856383235740293,0.05254310005221263,39.62343525213009
2023-12-04,10.92,11.0,10.75,10.83,206305,36.70770633834858,-0.22390944622448394,-0.27329254810412024,0.04938310187963629,39.6234352521301
2023-12-05,10.83,10.83,10.67,10.67,240604,-46.728558797524116,-0.2269244703223059,-0.2640189325477574,0.037094462225451486,35.95435550128816
2023-12-06,10.67,10.75,10.58,10.67,312600,-90.25462962963017,-0.22670063483971958,-0.25655527300614983,0.029854638166430247,35.95435550128816
2023-12-07,10.67,10.75,10.58,10.67,395837,-90.25462962963017,-0.22394178214151417,-0.2500325748332227,0.026090792691708553,35.95435550128816
2023-12-08,10.67,10.75,10.58,10.58,127500,-106.54923215898837,-0.22640773194045138,-0.24530760625466846,0.01889987431421708,33.75821045631085
2023-12-11,10.67,10.75,10.5,10.5,253298,-125.51824212271843,-0.23214136517961492,-0.24267435803965776,0.010532992860042834,31.89336837150945
2023-12-12,10.5,10.58,10.5,10.5,172615,-135.8960176991154,-0.23398804233075765,-0.24093709489787773,0.006949052567120084,31.89336837150945
2023-12-13,10.58,10.58,10.42,10.42,233100,-131.86689227298257,-0.23915010514341262,-0.24057969694698472,0.0014295918035721056,29.973092745421887
2023-12-14,10.42,10.5,10.17,10.17,498300,-173.86742966142072,-0.2604121189693558,-0.24454618135145895,-0.01586593761789684,24.92301112979301
2023-12-15,10.17,10.17,9.83,9.92,1065500,-224.5733788395897,-0.294045752377496,-0.25444609555666636,-0.03959965682082961,21.095314369809422
2023-12-18,9.92,9.92,9.75,9.75,228608,-200.35924379181796,-0.33060719447928655,-0.2696783153411904,-0.06092887913809614,18.962618548254024
2023-12-19,9.75,9.92,9.58,9.58,261600,-169.24882629107904,-0.3690458491803543,-0.2895518221090232,-0.07949402707133113,17.10077419440671
2023-12-20,9.58,9.67,9.33,9.42,460803,-159.1205750548879,-0.4077194863486522,-0.313185354956949,-0.09453413139170319,15.552976084280079
2023-12-21,9.42,9.83,9.33,9.83,686350,-102.73719563392066,-0.4006664159095852,-0.3306815671474762,-0.06998484876210898,32.43016014164344
2023-12-22,9.83,10.0,9.67,10.0,337200,-54.527481217872364,-0.37701325341846825,-0.3399479044016746,-0.03706534901679365,37.96613637450895
2023-12-25,10.0,10.0,9.75,10.0,391801,-42.05128205128171,-0.3541851260716573,-0.34279534873567113,-0.011389777335986173,37.96613637450895
2023-12-26,10.0,10.08,9.75,9.75,522925,-44.52127328225227,-0.3522065633233389,-0.34467759165320466,-0.007528971670134221,33.31140397355837
2023-12-27,9.83,9.92,9.67,9.75,248301,-52.67804793929943,-0.3466426573145611,-0.34507060478547597,-0.001572052529085155,33.31140397355837
2023-12-28,9.75,9.75,9.67,9.67,236923,-65.25113604375247,-0.34471489440381475,-0.3449994627091437,0.0002845683053289694,31.86167677193484
2023-12-29,9.67,9.75,9.58,9.67,188235,-68.66744366744415,-0.33927616398196037,-0.3438548029637071,0.004578638981746708,31.861676771934842
2024-01-02,9.67,9.75,9.58,9.58,250223,-72.49433917292428,-0.3383281425519389,-0.34274947088135344,0.004421328329414553,30.1496986312714
2024-01-03,9.58,9.58,9.5,9.5,136110,-108.21705426356637,-0.3401115657329541,-0.34222188985167357,0.0021103241187194755,28.674800085898827
2024-01-04,9.42,9.67,9.42,9.5,475005,-100.60476698683746,-0.3376329193279606,-0.341304095746931,0.003671176418970412,28.674800085898827
2024-01-05,9.58,9.58,9.33,9.33,513612,-144.87179487179492,-0.3454045448587717,-0.34212418556929913,-0.0032803592894725675,25.5896783846839
2024-01-08,9.33,9.5,9.25,9.25,441903,-150.40571243102815,-0.3539389575127263,-0.3444871399579846,-0.009451817554741726,24.266539306954844
2024-01-09,9.25,9.5,9.17,9.5,817200,-100.98593591416413,-0.33664895081696145,-0.34291950212977995,0.006270551312818506,35.49166485619419
2024-01-10,9.5,9.67,9.33,9.67,592901,-33.95482795210017,-0.3057049404334773,-0.3354765897905194,0.02977164935704213,41.807935958629194
2024-01-11,9.58,9.92,9.5,9.92,759600,58.799798285426185,-0.25803422072637794,-0.3199881159776911,0.061953895251313174,49.620203505212494
2024-01-12,9.75,10.08,9.58,10.0,961901,104.24242424242279,-0.21136303895327835,-0.2982631005728086,0.08690006161953023,51.84793539205086
2024-01-15,10.0,10.17,9.67,9.67,951250,88.55989232839863,-0.19871338897203827,-0.2783531582526545,0.07963976928061622,43.335415929995094
2024-01-16,9.83,9.83,9.5,9.67,287910,21.57339821573433,-0.1865381544970255,-0.2599901575015287,0.07345200300450322,43.335415929995094
2024-01-17,9.58,9.67,9.42,9.42,201100,-47.884057971015984,-0.19481638213629537,-0.24695540242848205,0.05213902029218667,37.87226316783669
2024-01-18,9.42,9.67,9.33,9.58,453720,-31.33265513733614,-0.18631851054727555,-0.23482802405224074,0.048509513504965185,42.8389337274893
2024-01-19,9.58,9.67,9.5,9.67,633500,14.230634419908974,-0.17035785889721922,-0.22193399102123643,0.05157613212401721,45.47920882830186
2024-01-22,9.67,9.83,9.58,9.75,406552,62.82051282051123,-0.1495299083577475,-0.20745317448853864,0.05792326613079116,47.78783045222201
2024-01-23,9.67,9.83,9.67,9.75,267100,66.44444444444352,-0.13150766895095067,-0.19226407338102106,0.06075640443007038,47.78783045222201
2024-01-24,9.67,9.83,9.67,9.83,236000,67.94871794871645,-0.10950725153592877,-0.1757127090120026,0.06620545747607381,50.23188646918669
2024-01-25,9.83,9.92,9.67,9.92,186902,83.75786163521967,-0.08384302419896272,-0.15733877204939462,0.07349574785043189,52.902869153339246
2024-01-26,9.92,9.92,9.75,9.83,158614,74.49197860962612,-0.06995973469907213,-0.13986296457933012,0.06990322988025799,50.01231232821117
2024-01-29,9.83,9.92,9.67,9.75,569128,39.04139433551221,-0.06466701802879982,-0.12482377526922406,0.06015675724042424,47.52648944101486
2024-01-30,9.75,9.92,9.67,9.75,526606,32.558139534883736,-0.059783356614440564,-0.11181569153826736,0.05203233492382679,47.52648944101486
2024-01-31,9.67,9.75,9.42,9.42,430800,-117.11366538952952,-0.08160062067311102,-0.10577267736523609,0.024172056692125063,38.396365308949335
2024-02-01,9.5,9.58,9.33,9.42,283600,-136.22273249138934,-0.09776399712166217,-0.1041709413165213,0.006406944194859127,38.396365308949335
2024-02-02,9.42,9.5,9.33,9.33,199600,-135.75757575757626,-0.11649297870247466,-0.10663534879371198,-0.009857629908762683,36.19693273351975
2024-02-05,9.5,9.5,9.33,9.42,158509,-99.29767693138925,-0.12265963972786942,-0.10984020698054346,-0.012819432747325957,39.90416338284533
2024-02-06,9.5,9.58,9.33,9.5,281406,-72.83359914938929,-0.11971147227223433,-0.11181446003888164,-0.007897012233352693,43.07064156497542
2024-02-07,9.5,9.67,9.42,9.67,219601,-23.316912972085984,-0.10247616760161193,-0.10994680155142769,0.007470633949815758,49.19653032357368
2024-02-15,9.67,9.75,9.58,9.67,403708,11.726945357758005,-0.08780490419754372,-0.1055184220806509,0.017713517883107183,49.19653032357369
2024-02-16,9.67,9.67,9.5,9.58,226454,-22.369878183831478,-0.08248918609808875,-0.10091257488413848,0.018423388786049724,46.14761717941288
2024-02-19,9.58,9.58,9.42,9.5,270112,-53.4325492078735,-0.08376616837232653,-0.09748329358177608,0.013717125209449552,43.56320059643267
2024-02-20,9.5,9.92,9.42,9.92,1228201,67.4452554744516,-0.050307779346475456,-0.08804819073471595,0.0377404113882405,57.135536913615994
2024-02-21,9.92,10.08,9.75,10.0,710869,145.36570468773766,-0.017138867382101353,-0.07386632606419304,0.05672745868209168,59.150664783453024
2024-02-22,10.0,10.0,9.75,9.92,411373,115.99289204797846,0.0026617202524601424,-0.0585607168008624,0.061222437053322545,56.30029893759819
2024-02-23,9.83,10.33,9.67,9.67,1525112,106.33655056651278,-0.0017983517746209543,-0.04720824379561411,0.04540989202099316,48.44403617788141
2024-02-26,9.67,9.67,9.5,9.5,465201,-25.746407564589386,-0.01883346972433131,-0.04153328898135755,0.022699819257026244,43.95261657530975
2024-02-27,9.5,9.58,9.42,9.5,549520,-49.12280701754382,-0.03196544567097881,-0.039619720319281806,0.007654274648302997,43.95261657530974
2024-02-28,9.5,9.75,9.5,9.75,808930,16.86617556783268,-0.02194673228819788,-0.03608512271306502,0.014138390424867142,51.60511466050905
2024-02-29,9.83,10.08,9.75,9.92,686644,110.1005553054158,-0.0002859541986897085,-0.02892528901018996,0.02863933481150025,56.00411081964475
2024-03-01,9.92,10.0,9.75,10.0,430128,91.29992737835755,0.023069766004756076,-0.018526278007200754,0.04159604401195683,57.941571544346615
2024-03-04,10.0,10.5,9.92,10.25,1717347,175.62724014336789,0.061048523816518596,-0.0026113176424568847,0.06365984145897548,63.37019936452579
2024-03-05,10.33,10.33,10.0,10.25,544710,133.65695792880223,0.090108251175403,0.01593259612111509,0.07417565505428791,63.37019936452578
2024-03-06,10.17,10.17,9.75,9.83,453528,34.22882054907419,0.0783446956739553,0.028415016031683133,0.04992967964227217,50.63591982623026
2024-03-07,9.92,9.92,9.67,9.75,411520,-19.61691734156062,0.0618536513845136,0.03510274310224923,0.02675090828226437,48.63130645681816
2024-03-08,9.83,9.83,9.5,9.5,501900,-91.49397263984885,0.02828541268042528,0.03373927701788444,-0.0054538643374591605,42.91383562904683
2024-03-11,9.5,9.67,9.42,9.5,400800,-105.50873335776299,0.001663169676591636,0.02732405554962588,-0.025660885873034243,42.91383562904683
2024-03-12,9.5,9.58,9.42,9.5,279909,-97.26516052318765,-0.019213666519307893,0.018016511135839124,-0.037230177655147016,42.91383562904682
2024-03-13,9.5,9.67,9.5,9.58,445720,-60.36139946174598,-0.028969436570006835,0.00861932159466993,-0.037588758164676765,45.47584657088477
2024-03-14,9.58,9.67,9.5,9.5,295630,-60.32003459833509,-0.04266447650636529,-0.0016374380255371138,-0.04102703848082818,43.379240938120965
2024-03-15,9.5,9.58,9.42,9.5,495900,-75.79238459902177,-0.052908003789765345,-0.011891551178382762,-0.041016452611382585,43.37924093812096
2024-03-18,9.5,9.58,9.42,9.58,742390,-68.57449088960387,-0.053948852757788046,-0.02030301149426382,-0.033645841263524226,46.25305776831842
2024-03-19,9.58,9.75,9.58,9.75,422213,-16.78548282566472,-0.040588277416405916,-0.02436006467869224,-0.016228212737713677,51.84621979516649
2024-03-20,9.75,9.92,9.67,9.83,405641,22.669826224328595,-0.02327627932938192,-0.024143307608830177,0.0008670282794482551,54.258563512374955
2024-03-21,9.83,9.92,9.58,9.75,479266,8.387799564269828,-0.01582925770189192,-0.022480497627442524,0.006651239925550605,51.48114283838393
2024-03-22,9.75,9.75,9.58,9.58,423865,-21.62286768095923,-0.023375559757823794,-0.022659510053518777,-0.0007160497043050169,46.08285133081948
2024-03-25,9.58,9.58,9.42,9.42,421083,-95.00404530744295,-0.041785049291585,-0.02648461790113202,-0.015300431390452975,41.655571293470764
2024-03-26,9.42,9.58,9.42,9.5,336006,-73.43485617597416,-0.04935048924776275,-0.03105779217045817,-0.018292697077304583,44.52534057618894
2024-03-27,9.5,9.67,9.42,9.67,564598,-2.428447528187936,-0.04115417594564619,-0.03307706892549577,-0.008077107020150416,50.13790954750004
2024-03-28,9.75,9.75,9.5,9.67,234520,39.68719452590458,-0.034263569501588265,-0.03331436904071427,-0.000949200460873996,50.13790954750004
2024-03-29,9.67,9.83,9.58,9.75,1190687,87.04850361197077,-0.022092711808932464,-0.03107003759435791,0.008977325785425445,52.74710094016514
2024-04-01,9.83,9.83,9.58,9.75,174722,74.55197132616497,-0.012305370747062838,-0.027317104224898893,0.015011733477836055,52.74710094016514
2024-04-02,9.67,9.67,9.58,9.67,141617,11.53846153846198,-0.010878760276970212,-0.024029435435313155,0.013150675158342943,49.72912587607381
2024-04-03,9.75,9.75,9.58,9.58,498179,4.899902001958872,-0.0168165582245976,-0.022586859993170044,0.005770301768572444,46.505403215989894
2024-04-04,9.58,9.58,9.5,9.5,204300,-89.93792406525364,-0.027658803816331456,-0.023601248757802326,-0.00405755505852913,43.78811763867579
2024-04-05,9.5,9.67,9.42,9.42,479603,-105.45250140528533,-0.04222000701422779,-0.02732500040908742,-0.01489500660514037,41.195905128800874
2024-04-08,9.42,9.58,9.42,9.42,451627,-105.4334091483448,-0.053147217416976034,-0.03248944381066514,-0.020657773606310895,41.19590512880088
2024-04-09,9.42,10.33,9.33,10.33,1697039,241.94630872483276,0.011489836739469794,-0.023693587700638154,0.03518342444010795,66.98200950478665
2024-04-10,10.25,10.58,9.92,9.92,1276726,237.4269005847962,0.029293912369283248,-0.013096087686653872,0.04239000005593712,55.230708987544254
2024-04-11,10.0,10.0,9.67,9.67,571307,51.634443667986275,0.022966120770197662,-0.005883645995283565,0.028849766765481226,49.525194820301344
2024-04-12,9.67,10.0,9.67,10.0,694838,84.58333333333329,0.04407151344019944,0.004107385891813037,0.0399641275483864,55.988296169414845
2024-04-15,9.92,9.92,9.67,9.75,528452,29.262926292629718,0.04016181808547081,0.011318272330544592,0.02884354575492622,50.69261575153231
2024-04-16,9.67,10.17,9.58,10.0,1009400,77.53363228699457,0.05658400186070622,0.02037141823657692,0.0362125836241293,55.250824768605725
2024-04-17,10.0,10.42,9.83,9.83,929571,104.56950456950413,0.05524429966910205,0.027345994523081944,0.027898305146020104,51.74761452194395
2024-04-19,9.83,9.83,9.58,9.83,781008,-9.4403892944036,0.05356511077631687,0.03258981777372893,0.020975293002587943,51.74761452194395
2024-04-22,9.83,10.17,9.83,10.17,640198,97.06103993971308,0.07876158545261092,0.041824171309505324,0.03693741414310559,57.93426127800494
2024-04-23,10.08,10.17,9.75,9.83,984124,38.540275923453926,0.07048233814255411,0.04755580467611508,0.022926533466439032,50.90539862905593
2024-04-24,9.92,10.0,9.75,9.75,368505,2.3073753605279643,0.056810764459262586,0.04940679663274458,0.007403967826518004,49.38709436330401
2024-04-25,9.75,9.75,9.58,9.67,307640,-73.86831275720152,0.03907023505543705,0.047339484317283076,-0.008269249261846023,47.85013350757048
2024-04-26,9.67,9.75,9.58,9.58,176550,-96.92982456140314,0.017546227858074914,0.041380833025441446,-0.023834605167366532,46.111547290749826
2024-05-02,9.58,9.67,9.5,9.58,238400,-132.28985507246387,0.0004827324429559354,0.033201212908944344,-0.03271848046598841,46.11154729074982
2024-05-03,9.58,9.67,9.5,9.5,256867,-122.71483305966073,-0.019273370602427065,0.022706296206670064,-0.04197966680909713,44.44671832434635
2024-05-06,9.5,9.67,9.5,9.5,388221,-110.80990629183368,-0.03453215936331233,0.011258605092673584,-0.04579076445598591,44.44671832434635
2024-05-07,9.58,9.58,9.5,9.58,231734,-93.50104821802937,-0.03971175557923878,0.0010645329582911096,-0.04077628853752989,46.67938773666855
2024-05-08,9.5,10.0,9.5,9.92,1260425,21.494817239497745,-0.01619478104095684,-0.0023873298415584806,-0.01380745119939836,54.96361235230444
2024-05-09,10.17,10.17,9.75,9.83,319302,63.190184049079704,-0.004764732259785021,-0.0028628103252037887,-0.0019019219345812318,52.63252155008229
2024-05-10,9.83,10.25,9.75,10.17,825042,111.81556195965378,0.03136724022984971,0.0039831997858069115,0.0273840404440428,59.60288418826385
2024-05-13,10.25,10.25,9.92,10.0,970909,109.53058321479324,0.0457570506963183,0.012337969967909191,0.033419080728409115,55.22685596380098
2024-05-14,10.08,10.42,10.08,10.17,2719959,140.9053497942384,0.07007092441567231,0.023884560857461816,0.04618636355821049,58.50755610592153
2024-05-15,10.25,10.33,10.08,10.08,399057,113.06413301662695,0.08114223944461685,0.035336096574892825,0.04580614286972402,56.16135728750935
2024-05-16,10.08,10.25,10.0,10.0,1009707,77.77777777777732,0.08250988239385215,0.04477085373868469,0.03773902865516746,54.08518525493281
2024-05-17,10.0,10.08,9.92,10.0,572910,45.43524416135856,0.08264111396497498,0.05234490578394275,0.03029620818103223,54.085185254932796
2024-05-20,9.92,10.33,9.92,10.25,1165213,82.58115597783001,0.10174517158947438,0.06222495894504908,0.039520212644425304,59.510088065165824
2024-05-21,10.17,11.25,10.17,11.0,2194332,214.82737629359022,0.17538230879853067,0.0848564289157454,0.09052587988278528,70.69601069040871
2024-05-22,10.92,11.08,10.83,11.0,1613901,208.91664702647427,0.23107656377658436,0.11410045588791319,0.11697610788867117,70.69601069040871
2024-05-23,10.92,11.25,10.83,11.25,2123110,181.20419885125676,0.2920213326194858,0.1496846312342277,0.1423367013852581,73.52369231839774
2024-05-24,11.25,11.5,10.17,10.42,1641108,80.24507059774805,0.27023137849219303,0.17379398068582078,0.09643739780637225,54.66421520834525
2024-05-27,10.67,10.67,10.17,10.25,793500,9.384006970976559,0.2365186636802985,0.18633891728471633,0.050179746395582175,51.73697167379859
2024-05-28,10.17,10.5,10.08,10.42,549703,-4.281345565749518,0.2209714522045374,0.19326542426868054,0.02770602793585686,54.36848348505413
2024-05-29,10.58,11.08,10.33,10.83,1746442,68.76728634947293,0.2389789480317397,0.20240812902129238,0.036570819010447314,60.02899229782194
2024-05-30,10.83,11.0,10.58,11.0,816335,76.7932489451475,0.2639252316794707,0.21471154955292804,0.049213682126542646,62.126830400928
2024-05-31,11.08,11.08,10.75,10.92,913535,75.32588454376115,0.2740805794755037,0.22658535553744316,0.04749522393806052,60.517180934205484
2024-06-03,11.0,11.25,10.75,10.75,1049092,65.9450791741829,0.26535236957808905,0.23433875834557233,0.031013611232516725,57.129841266934356
2024-06-04,10.75,10.75,10.5,10.75,807556,10.86238259642832,0.2554900698627005,0.23856902064899796,0.01692104921370255,57.129841266934356
2024-06-05,10.75,10.75,10.33,10.33,1351541,-43.10859063221995,0.2113473556143184,0.23312468764206204,-0.02177733202774365,49.23374136435304
2024-06-06,10.33,10.5,10.25,10.25,609300,-93.24055666004018,0.16797232472895374,0.22009421505944038,-0.05212189033048664,47.87637751076142
2024-06-07,10.25,10.5,10.25,10.25,711201,-102.36876442838458,0.1320748238959304,0.2024903368267384,-0.070415512930808,47.87637751076142
2024-06-10,10.25,10.58,10.25,10.5,1380941,-59.697757243237184,0.12238789505073022,0.18646984847153675,-0.06408195342080653,52.61144620015783
2024-06-11,10.58,10.67,10.33,10.58,710938,-28.795998570918844,0.11978545341929703,0.1731329694610888,-0.053347516041791776,54.04995426950989
2024-06-12,10.67,10.83,10.5,10.83,667186,42.97385620915007,0.13632444697393709,0.16577126496365846,-0.029446817989721374,58.30903168830438
2024-06-13,10.83,11.0,10.67,11.0,1026303,90.16018306636246,0.16129004651704548,0.16487502127433587,-0.003584974757290388,60.95901962818444
2024-06-14,11.08,11.25,10.5,10.5,1462496,38.56615952051689,0.13912588608481258,0.15972519423643122,-0.020599308151618645,50.74295882596323
2024-06-17,10.5,10.75,10.33,10.75,1293979,-17.591145833333872,0.14011834288480252,0.15580382396610548,-0.015685481081302965,54.820011297628156
2024-06-18,10.83,11.0,10.58,10.92,1155414,63.59615870609125,0.15286037208268866,0.15521513358942213,-0.0023547615067334715,57.40203614373704
2024-06-19,10.92,11.0,10.75,10.92,1062043,83.00187617260858,0.1611014448493222,0.15639239584140213,0.004709049007920074,57.40203614373704
2024-06-20,11.0,11.25,10.92,11.17,1976072,148.71794871794938,0.18566523183344508,0.16224696303981073,0.023418268793634345,61.185334572990534
2024-06-21,11.33,11.33,10.83,10.92,1256775,111.89358372456945,0.18285150104512482,0.16636787064087355,0.01648363040425127,55.84407656880222
2024-06-24,10.83,10.83,10.42,10.58,1546805,-23.245109321059367,0.1514407261990609,0.16338244175251102,-0.01194171555345011,49.51349780347525
2024-06-25,10.67,10.83,10.58,10.83,640960,15.418863503222918,0.14504834446839432,0.15971562229568767,-0.014667277827293351,53.672164263973166
2024-06-26,11.0,11.0,10.67,10.92,525130,48.247011952191336,0.14556658277663637,0.1568858143918774,-0.011319231615241038,55.105855693960216
2024-06-27,10.92,11.08,10.75,10.83,1111619,47.80074191838709,0.1371342443255248,0.15293550037860687,-0.01580125605308208,53.32856582693333
2024-06-28,10.75,10.83,10.33,10.33,613172,-130.8319738988585,0.08907888805385156,0.14016417791365582,-0.05108528985980426,44.70263758421419
2024-07-01,10.33,10.5,10.25,10.25,301946,-181.91753601589588,0.044031769743520854,0.12093769627962883,-0.07690592653610798,43.49051877388375
2024-07-02,10.25,10.42,10.17,10.25,541012,-157.19040112103553,0.00823665688222519,0.0983974884001481,-0.09016083151792291,43.49051877388375
2024-07-03,10.33,10.33,10.17,10.17,332590,-137.20139930034958,-0.026283578628842008,0.07346127499435008,-0.09974485362319209,42.16456307714867
2024-07-04,10.0,10.25,9.92,10.0,1144836,-145.36296296296283,-0.06659107279131682,0.045450805437216704,-0.11204187822853352,39.41455084860445
2024-07-05,10.0,10.25,9.92,10.25,1315762,-103.17782285327979,-0.07746912579278487,0.020866819191216388,-0.09833594498400125,45.08661349360672
2024-07-08,10.33,10.58,10.25,10.58,701150,-25.087295192049808,-0.05878419152564085,0.004936617047844941,-0.06372080857348579,51.53642141149599
2024-07-09,10.58,10.75,10.5,10.67,788685,18.41052029731265,-0.03629560551547861,-0.0033098274648197708,-0.032985778050658845,53.15252068367988
2024-07-10,10.75,10.83,10.58,10.75,1064565,49.36386768447788,-0.011880951456058497,-0.005024052263067516,-0.006856899192990981,54.60170704785733
2024-07-11,10.75,10.92,10.58,10.67,849459,61.3723441309654,0.0010009678378590792,-0.003819048242882197,0.004820016080741276,52.84136633652192
2024-07-12,10.67,10.67,10.5,10.5,277911,13.956783563584613,-0.002479020952808497,-0.003551042784867457,0.0010720218320589598,49.210642896827714
2024-07-15,10.58,10.83,10.5,10.67,1073201,49.654671028716365,0.008383996615219047,-0.0011640349048501562,0.009548031520069203,52.70988644434027
2024-07-16,10.67,11.67,10.67,11.67,3427025,211.2055398174378,0.09657144346634894,0.018383060769389663,0.07818838269695927,67.07854530647766
2024-07-17,12.0,12.42,10.75,11.0,1628486,187.2785452275034,0.1111163497632024,0.036929718568152206,0.07418663119505019,55.01701558306963
2024-07-18,11.0,11.25,10.25,10.58,2028336,23.9524195728576,0.08774137492725309,0.04709204983997238,0.04064932508728071,49.061507538638324
2024-07-19,10.7,11.1,10.6,10.7,893845,41.712290724430545,0.07800039606800802,0.053273719085579506,0.02472667698242851,50.70343909207082
2024-07-22,10.7,10.7,10.0,10.3,817724,-69.09193457416798,0.03757084971312352,0.05013314521108831,-0.012562295497964789,45.44498209746792
2024-07-23,10.2,10.4,10.0,10.1,1086828,-105.873959571938,-0.010487294578744866,0.038009057253121675,-0.04849635183186654,43.0413841427003
2024-07-24,10.0,10.3,9.9,10.3,589658,-111.19567886078991,-0.03206575754725982,0.023994094293045373,-0.056059851840305194,46.110843975353866
2024-07-25,10.4,10.6,10.2,10.6,443476,-49.03997481901177,-0.02467491505766617,0.014260292422903064,-0.03893520748056924,50.42632841719422
2024-07-26,10.5,10.8,10.4,10.8,368992,0.13329524897643286,-0.0026487573799762743,0.010878482462327196,-0.01352723984230347,53.12155214452823
2024-07-29,10.7,11.0,10.7,10.9,1573194,49.04942965779513,0.02261559701000948,0.013225905371863652,0.009389691638145828,54.45488990882773
2024-07-30,10.8,10.9,10.5,10.7,748184,5.098789037604025,0.026197463304043822,0.015820216958299688,0.010377246345744134,51.31151301840363
2024-07-31,10.7,10.8,10.4,10.5,580647,-27.210701140137655,0.012750806260291014,0.015206334818697953,-0.002455528558406939,48.30843104048153
2024-08-01,10.4,10.5,9.9,10.0,784300,-117.88656527249668,-0.037815672121684685,0.004601933430621425,-0.04241760555230611,41.732575726730865
2024-08-02,10.0,10.3,9.9,10.3,1084400,-91.61676646706529,-0.05307071162754262,-0.006932595581011385,-0.04613811604653124,46.443214003534436
2024-08-05,10.3,10.3,9.8,10.1,1141500,-99.60159362549759,-0.08037228717626377,-0.021620533900061863,-0.058751753276201905,43.89540747875781
2024-08-06,10.0,10.5,10.0,10.5,871100,-28.68369351669889,-0.06893765506000449,-0.031083958132050386,-0.0378536969279541,49.82404020082541
2024-08-07,10.4,10.6,10.2,10.4,1024500,-4.964539007091924,-0.06717049137849074,-0.038301264781338454,-0.028869226597152284,48.44576283249323
2024-08-08,10.3,10.3,10.1,10.3,223500,-47.297297297297185,-0.07299769372056986,-0.04524055056918473,-0.027757143151385125,47.04427557840813
2024-08-09,10.3,10.3,10.1,10.2,198900,-53.03030303030287,-0.08470849106868883,-0.05313413866908555,-0.03157435239960328,45.62292515238606
2024-08-12,10.2,10.2,10.1,10.1,165500,-72.77599142550913,-0.10089548624378253,-0.06268640818402495,-0.03820907805975758,44.185264068714936
2024-08-13,10.4,10.4,10.0,10.0,396600,-71.3375796178346,-0.12040500683687583,-0.07423012791459513,-0.0461748789222807,42.7350171356384
2024-08-14,10.1,10.2,9.9,10.2,734000,-72.30046948356805,-0.11836369098432087,-0.08305684052854027,-0.035306850455780595,46.51598659091719
2024-08-15,10.4,10.4,10.1,10.2,232300,-24.822695035460896,-0.11541549547608554,-0.08952857151804933,-0.025886923958036212,46.515986590917194
2024-08-16,10.1,10.5,10.1,10.3,828100,17.03163017031579,-0.10381317141150248,-0.09238549149673995,-0.011427679914762526,48.48822722028226
2024-08-19,10.4,10.4,10.2,10.2,250200,22.222222222222168,-0.10151718336761029,-0.09421182987091402,-0.007305353496696268,46.63621482180809
2024-08-20,10.2,10.3,10.1,10.2,354800,-6.363636363635573,-0.09856144135752132,-0.09508175216823547,-0.003479689189285845,46.63621482180809
2024-08-21,10.2,10.2,10.1,10.1,273900,-65.75757575757497,-0.10309968973870554,-0.09668533968232948,-0.006414350056376056,44.657987925422375
2024-08-22,10.0,10.2,10.0,10.1,392000,-86.49425287356233,-0.10548037220557482,-0.09844434618697855,-0.007036026018596278,44.65798792542237
2024-08-23,10.2,10.2,10.0,10.0,170900,-114.65517241379217,-0.1141207317200088,-0.1015796232935846,-0.01254110842642421,42.56404394923341
2024-08-26,10.0,10.2,10.0,10.2,621300,-49.46236559139857,-0.10363530704647417,-0.1019907600441625,-0.001644547002311661,47.832469679275434
2024-08-27,10.2,10.3,10.0,10.3,751000,29.333333333334267,-0.08626199361796161,-0.09884500675892233,0.01258301314096072,50.28782559893392
2024-08-28,10.3,10.5,10.1,10.5,958700,177.0114942528738,-0.055712964651259966,-0.09021859833738985,0.03450563368612988,54.863515529444385
2024-08-29,10.5,10.6,10.2,10.4,794500,161.90476190476332,-0.0391208426442855,-0.07999904719876898,0.040878204554483474,52.27277413592479
2024-08-30,10.2,10.3,10.1,10.2,282200,-2.002861230328298,-0.04162991124116466,-0.07232522000724811,0.03069530876608345,47.447031500542245
2024-09-04,10.1,10.2,10.0,10.1,299200,-82.35294117647021,-0.05109849876018835,-0.06807987575783617,0.016981376997647818,45.200135199731285
2024-09-05,10.1,10.2,10.0,10.0,173400,-104.33604336043227,-0.06591179668808067,-0.06764625994388507,0.001734463255804397,43.00684426942794
2024-09-06,10.1,10.5,10.1,10.1,549000,28.455284552846067,-0.06878931732460103,-0.06787487142002827,-0.0009144459045727638,45.83720790882784
2024-09-09,10.1,10.1,10.0,10.1,161500,-88.88888888888587,-0.07025986121561267,-0.06835186937914514,-0.001907991836467532,45.83720790882784
2024-09-10,10.1,10.2,9.9,9.9,664400,-120.20202020201985,-0.08656573051807825,-0.07199464160693177,-0.014571088911146488,41.102559239603345
2024-09-11,9.9,9.9,9.6,9.6,677400,-253.90070921985708,-0.1222861041252159,-0.08205293411058859,-0.04023317001462731,35.22500543118702
2024-09-12,9.7,9.7,9.5,9.5,604000,-231.2121212121214,-0.15685578596414018,-0.0970135044812989,-0.05984228148284128,33.5051093079265
2024-09-13,9.4,9.6,9.4,9.5,470100,-180.3389830508474,-0.18215276420302118,-0.11404135642564336,-0.06811140777737781,33.5051093079265
2024-09-16,9.5,9.7,9.4,9.7,248600,-113.69216241737496,-0.18394210311721082,-0.12802150576395685,-0.05592059735325397,40.26975153883799
2024-09-17,9.7,9.9,9.6,9.9,456600,-49.1891891891889,-0.16729338456716292,-0.13587588152459806,-0.031417503042564854,46.167494401467536
2024-09-18,9.8,10.1,9.8,9.9,1028300,-9.150326797385105,-0.15234303944029115,-0.13916931310773667,-0.01317372633255448,46.16749440146753
2024-09-19,9.8,9.9,9.7,9.8,142900,-37.02594810379249,-0.14687091104242533,-0.1407096326946744,-0.006161278347750931,43.66722678928375
2024-09-20,9.9,9.9,9.7,9.9,562700,-17.46031746031679,-0.13293268040543715,-0.13915424223682696,0.006221561831389805,46.77162943604494
2024-09-23,9.8,10.0,9.7,10.0,272200,13.3333333333336,-0.11252030391884738,-0.13382745457323103,0.021307150654383655,49.75362071520246
2024-09-24,9.9,10.1,9.8,10.1,395600,55.555555555555266,-0.08726821061546275,-0.12451560578167738,0.03724739516621463,52.61259846686181
2024-09-25,10.2,10.2,9.9,10.0,575100,70.42253521126759,-0.07446650548471467,-0.11450578572228484,0.04003928023757017,49.5748481198192
2024-09-26,9.9,9.9,9.8,9.8,273000,3.36538461538501,-0.07954247433686845,-0.10751312344520156,0.027970649108333107,44.09165651530217
2024-09-27,9.8,9.9,9.7,9.7,90900,-19.75308641975295,-0.09059011404340467,-0.10412852156484217,0.013538407521437507,41.61332642060737
2024-09-30,9.7,9.7,9.6,9.6,142000,-74.91228070175342,-0.1061905142232451,-0.10454092009652276,-0.0016495941267223452,39.23814964736372
2024-10-01,9.6,9.8,9.6,9.7,127900,-40.52631578947291,-0.10922569368923618,-0.10547787481506544,-0.0037478188741707358,42.756769303065724
2024-10-02,9.7,9.7,9.6,9.6,105300,-80.76923076922964,-0.1183361540265313,-0.10804953065735862,-0.010286623369172687,40.2468600448808
2024-10-03,9.8,9.8,9.6,9.6,230600,-77.77777777777715,-0.1241254189172718,-0.11126470830934125,-0.01286071060793055,40.2468600448808
2024-10-04,9.6,9.7,9.5,9.6,122400,-118.1069958847727,-0.1272466330747779,-0.11446109326242858,-0.012785539812349325,40.2468600448808
2024-10-07,9.6,9.7,9.5,9.5,70300,-111.94968553458993,-0.13621913267880892,-0.11881270114570465,-0.01740643153310427,37.49763043570201
2024-10-08,9.6,9.6,9.5,9.6,64600,-96.29629629629407,-0.13371930607024396,-0.12179402213061251,-0.01192528393963145,41.780475342568025
2024-10-09,9.6,9.6,9.4,9.6,431900,-96.5517241379307,-0.13023688572370062,-0.12348259484923013,-0.006754290874470492,41.780475342568025
2024-10-10,9.5,9.6,9.4,9.5,146900,-99.1948470209342,-0.13400152065761972,-0.12558638001090805,-0.008415140646711672,38.70460600396246
2024-10-11,9.6,9.6,9.4,9.4,65700,-105.14767932489457,-0.1434011460826845,-0.12914933322526334,-0.014251812857421164,35.86141151238899
2024-10-14,9.5,9.5,9.3,9.5,320200,-118.03921568627388,-0.14115411590479887,-0.13155028976117045,-0.009603826143628424,40.5634100154301
2024-10-15,9.5,9.5,9.1,9.2,606000,-197.03703703703738,-0.16171665219386355,-0.13758356224770907,-0.024133089946154485,32.795802273668336
2024-10-16,9.3,9.3,8.8,8.8,817500,-265.85167074164553,-0.20789280852069503,-0.15164541150230626,-0.05624739701838877,25.722918899738286
2024-10-17,8.8,8.8,8.5,8.7,605200,-251.8763796909481,-0.2496787679389154,-0.17125208278962809,-0.07842668514928733,24.311319513811338
2024-10-18,8.7,8.8,8.5,8.7,234900,-171.11111111111097,-0.27957171314761986,-0.19291600886122645,-0.08665570428639341,24.311319513811338
2024-10-21,8.7,9.0,8.6,8.8,268500,-109.02474526928657,-0.2918289014091684,-0.21269858737081485,-0.07913031403835355,28.840243508162416
2024-10-22,8.7,8.9,8.6,8.7,145100,-99.83416252072931,-0.30608363407665884,-0.23137559671198366,-0.07470803736467518,27.094313108270455
2024-10-23,8.7,8.9,8.6,8.8,172400,-77.77777777777736,-0.30578653136227985,-0.2462577836420429,-0.059528747720236946,31.556472425249055
2024-10-24,8.8,9.0,8.8,8.8,264800,-50.22831050228289,-0.30206901178420864,-0.257420029270476,-0.044648982513732616,31.556472425249055
2024-10-25,8.9,8.9,8.7,8.8,94000,-54.98633879781415,-0.2957140433195171,-0.26507883208028427,-0.03063521123923285,31.556472425249055
2024-10-28,8.8,8.8,8.6,8.6,178600,-74.33628318584076,-0.3033195347694644,-0.2727269726181203,-0.030592562151344094,27.37171974127113
2024-10-29,8.8,8.8,8.6,8.7,115900,-61.946902654867216,-0.2978444122898587,-0.277750460552468,-0.020093951737390703,32.212190859301984
2024-10-30,8.7,9.0,8.6,8.9,455000,-21.145833333332977,-0.27420613214441225,-0.27704159487085683,0.002835462726444582,40.72149066661954
2024-10-31,9.0,9.2,8.9,8.9,372300,51.33333333333345,-0.252561255880666,-0.2721455270728187,0.01958427119215267,40.72149066661954
2024-11-01,8.9,9.0,8.8,8.8,134200,21.455938697318874,-0.24070203651869093,-0.26585682896199314,0.02515479244330221,37.95843344455488
2024-11-04,8.8,8.8,8.6,8.7,220900,-66.66666666666686,-0.23664479016365547,-0.2600144212023256,0.023369631038670124,35.37361336038197
2024-11-05,8.7,8.8,8.6,8.7,193100,-58.3333333333323,-0.23076922917137743,-0.254165382796136,0.023396153624758553,35.37361336038197
2024-11-06,8.7,8.8,8.6,8.8,454400,-36.060606060606545,-0.2155588126768997,-0.24644406877228872,0.03088525609538903,40.10392516052962
2024-11-07,8.8,8.8,8.6,8.7,149400,-69.78193146417536,-0.2091625169883251,-0.238987758415496,0.029825241427170884,37.17370391611588
2024-11-08,8.7,8.7,8.6,8.6,171000,-111.59420289855059,-0.2097447637623695,-0.23313915948487068,0.023394395722501182,34.462020695249386
2024-11-11,8.6,8.7,8.4,8.5,191400,-159.64912280701708,-0.2157878942689564,-0.22966890644168783,0.013881012172731438,31.951954200118255
2024-11-12,8.6,8.6,8.4,8.5,218400,-150.88888888888775,-0.21806341937504037,-0.22734780902835833,0.00928438965331796,31.951954200118255
2024-11-13,8.5,8.5,8.3,8.5,308800,-169.6969696969691,-0.2173611849780972,-0.2253504842183061,0.007989299240208914,31.951954200118255
2024-11-14,8.5,8.5,8.3,8.3,168500,-160.18018018017906,-0.23028836674712316,-0.22633806072406953,-0.003950306023053629,27.033479121897397
2024-11-15,8.3,8.3,7.8,7.9,702000,-227.66355140186855,-0.2697009636687575,-0.23501064131300714,-0.03469032235575037,20.302278786463663
2024-11-18,7.9,8.0,7.6,7.8,534700,-206.68523676880167,-0.305483471642475,-0.2491052073789007,-0.05637826426357431,19.026778586289765
2024-11-19,7.8,7.8,7.6,7.6,394100,-179.16194790486955,-0.34599132294219714,-0.26848243049156,-0.07750889245063713,16.759009778852153
2024-11-20,7.6,7.6,7.3,7.5,494800,-165.97484276729566,-0.38176253039420516,-0.291138450472089,-0.09062407992211613,15.748310032320989
2024-11-21,7.5,7.5,7.3,7.4,134300,-135.31459170013397,-0.4134150430088077,-0.31559376897943275,-0.09782127402937496,14.787882758411516
2024-11-22,7.5,7.6,7.4,7.4,238900,-101.86823992133759,-0.4335027375870979,-0.33917556270096577,-0.09432717488613213,14.787882758411516
2024-11-25,7.5,7.5,7.3,7.4,390900,-94.5273631840795,-0.44430075769730326,-0.36020060170023327,-0.08410015599706999,14.787882758411513
2024-11-26,7.4,7.6,7.4,7.6,310500,-66.66666666666654,-0.4317430725107414,-0.3745090958623349,-0.057233976648406515,26.052986894957957
2024-11-27,7.6,7.6,7.5,7.6,166400,-53.78908320084809,-0.41698428129607645,-0.3830041329490832,-0.033980148346993255,26.052986894957957
2024-11-28,7.6,8.0,7.5,7.9,590800,-9.506172839506291,-0.37673754423278094,-0.38175081520582277,0.005013270973041828,39.879613747833595
2024-11-29,7.9,8.0,7.8,7.9,241800,20.022002200219738,-0.34091189503238795,-0.3735830311711358,0.032671136138747836,39.879613747833595
2024-12-02,7.9,8.1,7.8,8.0,239000,48.967551622418476,-0.30098112263854837,-0.3590626494646183,0.05808152682606993,43.932417275502964
2024-12-03,8.0,8.2,7.9,8.0,314300,81.1881188118809,-0.26626634514892,-0.34050338860147866,0.07423704345255866,43.93241727550297
2024-12-04,7.2,8.1,7.2,7.9,211300,13.008130081300763,-0.24401099133056192,-0.3212049091472953,0.0771939178167334,40.74677914877007
2024-12-05,7.9,8.0,7.8,8.0,217000,84.99999999999967,-0.21581650054602974,-0.30012722742704223,0.08431072688101249,45.03871206408318
2024-12-06,8.0,8.0,7.8,7.9,188700,68.27309236947706,-0.19924456046645567,-0.2799506940349249,0.08070613356846923,41.77966522787811
2024-12-09,7.9,8.0,7.8,7.9,150500,59.67213114754028,-0.1839902534472282,-0.26075860591738553,0.07676835247015734,41.779665227878105
2024-12-10,7.8,8.0,7.8,7.9,238400,52.66203703703609,-0.16994211827891892,-0.2425953083896922,0.07265319011077329,41.77966522787811
2024-12-11,7.9,8.0,7.8,7.9,117600,46.11330698287127,-0.15699908225498582,-0.22547606316275093,0.0684769809077651,41.77966522787811
2024-12-12,7.9,8.0,7.8,8.0,228100,53.51681957186481,-0.13709215565783062,-0.20779928166176687,0.07070712600393625,46.94360437047925
2024-12-13,8.0,8.0,7.8,7.9,153500,30.4347826086943,-0.1279104649545575,-0.19182151832032499,0.0639110533657675,42.85055010853106
2024-12-16,7.9,7.9,7.8,7.9,184000,-6.306306306307144,-0.11925916352088706,-0.1773090473604374,0.05804988383955034,42.85055010853106
2024-12-17,7.8,7.9,7.7,7.8,149100,-116.66666666667254,-0.11909920754270154,-0.16566707939689024,0.0465678718541887,38.91539479745081
2024-12-18,7.7,7.9,7.7,7.9,80500,-82.15962441315105,-0.10963942200375065,-0.15446154791826233,0.04482212591451168,44.412883038610765
2024-12-19,7.8,7.9,7.7,7.8,158700,-101.20481927711283,-0.10895566499170872,-0.1453603713329516,0.036404706341242876,40.48868519218047
2024-12-20,7.8,7.8,7.7,7.8,114600,-114.07407407407638,-0.10717829793108713,-0.1377239566525787,0.030545658721491564,40.488685192180476
2024-12-23,7.8,7.9,7.7,7.9,117000,-29.535864978906396,-0.09658716079890617,-0.1294965974818442,0.032909436682938026,46.02018252684804
2024-12-24,7.9,7.9,7.7,7.8,179000,-85.44600938967393,-0.09516576092840712,-0.12263043017115678,0.027464669242749665,41.83278121612067
2024-12-25,7.8,7.9,7.8,7.8,256800,-31.578947368423584,-0.09296761845518464,-0.11669786782796235,0.023730249372777706,41.83278121612067
2024-12-26,7.8,8.2,7.8,8.2,694200,233.33333333333258,-0.05827713511057819,-0.10501372128448552,0.04673658617390733,59.097945884841266
2024-12-27,8.3,8.3,8.0,8.1,187200,218.75000000000048,-0.03841106257436966,-0.09169318954246235,0.05328212696809269,54.72473159803767
2024-12-30,8.1,8.1,7.9,7.9,224700,64.16666666666565,-0.038363158877062986,-0.08102718340938247,0.04266402453231949,47.20158337464626
2024-12-31,7.9,7.9,7.8,7.8,119600,-39.999999999999886,-0.045865648471742126,-0.0739948764218544,0.028129227950112273,43.94836379918263
