time,open,high,low,close,volume,cci,macd,macdsignal,macdhist,rsi
2018-01-02,29.0,31.76,28.93,31.49,1536453,,,,,
2018-01-03,31.49,32.63,29.81,30.95,2153279,,,,,
2018-01-04,30.61,32.09,30.55,31.56,1397180,,,,,
2018-01-05,31.29,32.63,30.95,32.23,1335299,,,,,
2018-01-08,32.16,34.31,32.09,34.25,1695283,,,,,
2018-01-09,34.25,35.19,33.71,34.31,1597691,,,,,
2018-01-10,34.65,34.65,32.77,33.17,1861371,,,,,
2018-01-11,33.17,34.31,32.3,34.11,1322935,,,,,
2018-01-12,34.25,35.66,33.98,34.52,1021552,,,,,
2018-01-15,34.31,34.99,34.31,34.99,951914,,,,,
2018-01-16,34.99,35.59,34.72,35.39,1154825,,,,,
2018-01-17,35.32,36.6,35.32,35.66,1733229,,,,,
2018-01-18,36.0,36.0,34.25,35.53,1590981,,,,,
2018-01-19,35.32,39.7,35.26,38.15,2350353,163.0914667873484,,,,
2018-01-22,37.81,42.86,37.68,42.86,3011445,242.9953611663353,,,,87.92528352234827
2018-01-23,43.4,47.1,42.86,45.28,2455609,254.02214156410042,,,,89.71366120218582
2018-01-24,45.28,45.75,42.72,43.2,2076432,157.95082442261432,,,,78.89738956595289
2018-01-25,43.53,45.21,42.32,42.79,2344305,115.76721204314289,,,,76.92854368647778
2018-01-26,42.86,43.73,41.38,41.72,2179883,77.54333720705013,,,,71.88677743832669
2018-01-29,40.03,43.06,39.7,41.04,1507535,50.0712263448071,,,,68.8007608583572
2018-01-30,40.37,41.18,39.36,39.7,2202371,22.429408630793777,,,,63.05619067808681
2018-01-31,39.7,40.03,36.0,36.2,3097150,-35.16288015386476,,,,51.06336192454387
2018-02-01,36.2,37.68,33.3,34.45,2430906,-82.30213034405783,,,,46.31969408046733
2018-02-02,34.99,36.0,33.57,35.79,2551448,-83.95079842515844,,,,50.13926825272655
2018-02-05,35.79,36.13,32.97,33.57,2133156,-98.6938423998853,,,,44.49111911894487
2018-02-06,33.3,33.3,29.74,30.61,2770837,-138.59202714164545,,,,38.296548374852044
2018-02-07,30.95,34.31,30.95,33.98,2381296,-97.5450013557767,,,,47.29402296299322
2018-02-08,33.57,34.92,31.02,31.35,1412300,-93.11621021465574,,,,42.130794415563244
2018-02-09,30.28,31.29,27.45,31.29,1433769,-111.75907540349263,,,,42.01809241931511
2018-02-12,30.95,33.64,30.95,33.57,727541,-62.75508235929474,,,,47.73915463771454
2018-02-13,33.57,35.66,33.57,35.66,1390941,-18.75341470782949,,,,52.377786158756166
2018-02-21,36.33,37.41,35.66,36.94,1113547,27.479254204754163,,,,55.011469856098415
2018-02-22,37.07,37.07,34.52,34.99,1253519,15.377268385864628,,,,50.435340263570836
2018-02-23,34.99,36.13,34.65,35.59,1074223,29.879770838376526,0.3611112465841657,1.0151976436044885,-0.6540863970203228,51.764905114539026
2018-02-26,35.66,36.67,35.26,35.53,1126366,60.531036957302035,0.31415484169730945,0.8749890832230527,-0.5608342415257432,51.61579582276682
2018-02-27,35.79,39.02,35.46,38.75,3664154,133.1534228945886,0.5306516202993734,0.8061215906383168,-0.2754699703389434,58.52114098131774
2018-02-28,39.02,39.56,38.01,38.89,1581591,145.60156141084636,0.7053923827904569,0.7859757490687448,-0.08058336627828788,58.796483272058595
2018-03-01,38.75,39.36,38.15,38.55,1373626,119.02910998265511,0.8071363718328683,0.7902078736215695,0.016928498211298826,57.793120850341055
2018-03-02,38.35,38.35,37.01,38.28,1308865,81.7731403034176,0.8561137265318237,0.8033890442036203,0.052724682328203376,56.961816899170856
2018-03-05,38.08,39.36,36.27,36.33,1523671,58.711569846941195,0.729174460537763,0.7885461274704488,-0.05937166693268581,51.230340950041644
2018-03-06,37.21,37.75,36.2,37.61,1149315,47.12707566178015,0.7235192013055141,0.7755407422374618,-0.052021540931947774,54.46889307360724
2018-03-07,37.68,37.95,35.53,35.59,1449508,10.647725619353801,0.5497036084448581,0.7303733154789411,-0.18066970703408303,48.945110582934475
2018-03-08,36.33,36.33,34.31,35.12,1337763,-61.712123985599916,0.36976599456890824,0.6582518512969345,-0.2884858567280263,47.73219494042054
2018-03-09,35.32,36.33,35.05,35.46,648087,-64.02611534276392,0.25169788119522707,0.5769410572765931,-0.325243176081366,48.72215302662994
2018-03-12,35.66,36.13,34.92,35.12,685958,-81.50155127714771,0.12920351452131484,0.4873935487255374,-0.3581900342042226,47.74823028300144
2018-03-13,34.99,35.19,34.18,34.31,1845989,-110.55634537010694,-0.032855644719177235,0.3833437100365945,-0.41619935475577174,45.41892877131466
2018-03-14,34.31,34.38,33.44,34.18,1633496,-125.85403590203433,-0.16982101854327425,0.27271076432062075,-0.442531782863895,45.03917519348474
2018-03-15,34.25,35.59,34.18,35.19,1384430,-71.52168678842901,-0.19462498927675398,0.1792436136011458,-0.3738686028778998,48.63265192660389
2018-03-16,35.32,36.0,34.99,35.12,1088980,-49.48029851249157,-0.21742439666878255,0.09991001154716012,-0.31733440821594266,48.39647542806265
2018-03-19,35.12,35.46,33.91,34.05,1694054,-82.19295589867818,-0.31816553469195696,0.016294902299336694,-0.3344604369912937,44.813926380759256
2018-03-20,34.18,34.45,32.16,32.36,3116500,-144.152787509657,-0.5282827734885487,-0.09262063285824039,-0.4356621406303083,39.80234609183021
2018-03-21,32.36,33.44,31.56,32.09,1557930,-164.36897783168266,-0.7084226868079426,-0.21578104364818085,-0.4926416431597618,39.050973576744084
2018-03-22,32.16,33.24,32.09,32.63,870574,-125.6163835020879,-0.7984078304421374,-0.3323064010069722,-0.4661014294351652,41.43230289992964
2018-03-23,32.63,32.63,30.28,31.56,1278764,-156.72965401566682,-0.945166471973863,-0.45487841520035033,-0.4902880567735127,38.24378908718887
2018-03-26,31.02,32.16,30.95,31.69,638775,-123.38091126123857,-1.0390068153736607,-0.5717040952350124,-0.46730272013864826,38.85942368103527
2018-03-27,31.82,32.7,31.76,32.36,804364,-75.53213158162725,-1.0472406249846316,-0.6668114011849362,-0.38042922379969535,42.064953825061515
2018-03-28,32.36,32.77,31.76,32.16,449013,-66.5957195222896,-1.0577116652783047,-0.7449914540036099,-0.31272021127469485,41.36773049803879
2018-03-29,32.16,32.77,31.96,32.77,713517,-45.57711279184465,-1.005200808924016,-0.7970333249876911,-0.208167483936325,44.39499189880612
2018-03-30,32.56,33.64,32.5,33.44,860361,0.1046337817637314,-0.8991572512797816,-0.8174581102461091,-0.08169914103367248,47.595448052671195
2018-04-02,33.64,34.38,33.3,33.64,846561,42.62239192690581,-0.7898734696351042,-0.8119411821239082,0.022067712488804014,48.54746488579586
2018-04-03,33.64,33.71,32.77,32.97,955971,5.403292784210527,-0.7486981595757669,-0.79929257761428,0.050594418038513056,45.56138112117455
2018-04-04,32.97,33.71,32.77,33.1,1182775,20.866062437059664,-0.6975357581381019,-0.7789412137190443,0.08140545558094248,46.252176691026406
2018-04-05,32.97,33.3,32.3,32.5,627097,-6.161741019591302,-0.6973653780016065,-0.7626260465755568,0.0652606685739503,43.50804710194136
2018-04-06,32.63,33.17,32.5,32.7,781188,21.443766841582544,-0.6733302895413686,-0.7447668951687192,0.07143660562735055,44.68611422963562
2018-04-09,32.3,32.7,31.76,32.09,812499,-54.07697325505474,-0.6954870687871519,-0.7349109298924057,0.039423861105253755,41.82149115539546
2018-04-10,32.09,33.44,31.56,32.63,977855,-6.700167504188067,-0.6618436671274353,-0.7202974773394116,0.058453810211976376,45.17225548124019
2018-04-11,32.83,33.3,32.09,32.36,690947,-0.372142477404864,-0.6494809602188027,-0.7061341739152899,0.056653213696487126,43.81349203828505
2018-04-12,32.3,32.63,31.96,32.16,587488,-61.55373142335974,-0.6483480022679444,-0.6945769395858208,0.04622893731787636,42.78681707038043
2018-04-13,32.3,32.43,31.42,31.49,684885,-141.4036247452211,-0.6935190693746165,-0.69436536554358,0.0008462961689634785,39.45163461821368
2018-04-16,31.35,31.56,30.75,30.95,587937,-203.0673845651816,-0.7640830784254362,-0.7083089081199512,-0.05577417030548504,36.95159739641531
2018-04-17,30.34,31.29,30.34,31.08,480877,-175.95715891982465,-0.8002904008621101,-0.726705206668383,-0.07358519419372711,37.970687804413785
2018-04-18,31.62,32.7,30.95,31.29,873012,-77.27335117699627,-0.8027857058952641,-0.7419213065137592,-0.0608643993815049,39.66718384083189
2018-04-19,33.65,34.55,31.62,31.77,756169,29.021181233283396,-0.7573015636175917,-0.7449973579345257,-0.012304205683066005,43.47275895884984
2018-04-20,31.62,32.14,31.32,31.99,367685,-48.83526460398944,-0.69548576481181,-0.7350950393099825,0.03960927449817253,45.179531209589
2018-04-23,32.07,32.44,29.06,29.36,514780,-174.67184889707042,-0.8489293895102783,-0.7578619093500417,-0.09106748016023658,32.53324683392295
2018-04-24,29.36,30.04,28.23,28.53,848800,-225.84994702879598,-1.0256851708038361,-0.8114265616408006,-0.21425860916303552,29.707136921065157
2018-04-26,28.68,28.83,25.44,25.97,1478625,-248.7406044726892,-1.356696849358002,-0.920480619184241,-0.4362162301737611,23.05485564880709
2018-04-27,26.42,28.53,25.97,28.3,757900,-152.68001996755254,-1.414706604927698,-1.0193258163329324,-0.39538078859476555,36.90372101101135
2018-05-02,28.3,28.98,27.85,28.0,539902,-97.09721410481188,-1.4679654549617602,-1.109053744058698,-0.3589117109030622,36.005159664516796
2018-05-03,28.23,28.23,26.35,27.63,524668,-107.89681629323739,-1.522479192681189,-1.1917388337831962,-0.3307403588979927,34.87722322369115
2018-05-04,27.78,28.23,27.55,27.85,344565,-75.21411886841396,-1.5302893382712703,-1.259448934680811,-0.27084040359045924,36.15788021738674
2018-05-07,28.91,30.19,28.08,29.28,369451,-21.03810049696298,-1.4048951293943084,-1.2885381736235106,-0.11635695577079774,43.8827995398444
2018-05-08,29.36,29.73,28.98,28.98,351591,-13.246782924146968,-1.3145732263779522,-1.293745184174399,-0.020828042203553165,42.71508201267076
2018-05-09,29.28,29.28,28.61,29.21,337402,-16.549227985060423,-1.2104797328309154,-1.2770920939057022,0.06661236107478685,43.94658873100518
2018-05-10,29.21,29.21,27.85,27.85,497197,-44.4040474471036,-1.2236203890794641,-1.2663977529404546,0.042777363860990514,38.6548731048571
2018-05-11,28.23,28.61,27.48,28.53,324736,-42.30027235587856,-1.165726368885828,-1.2462634761295293,0.08053710724370133,42.390149665751665
2018-05-14,28.3,28.76,28.0,28.68,267589,-13.698192889412724,-1.095117363105789,-1.2160342535247812,0.12091689041899212,43.211577710766704
2018-05-15,28.68,28.98,28.53,28.83,302998,32.095304835318785,-1.0153511350660906,-1.175897629833043,0.16054649476695237,44.07039195414581
2018-05-16,28.76,28.76,28.23,28.3,282692,13.379770715426174,-0.9835644762308142,-1.1374309991125973,0.15386652288178304,41.672350290038885
2018-05-17,30.11,30.11,27.78,27.93,252566,39.37310851707756,-0.9769673563316026,-1.1053382705563983,0.12837091422479574,40.034570445266596
2018-05-18,28.0,28.0,26.5,27.18,668748,-150.49472830494668,-1.0204942013526583,-1.0883694567156503,0.06787525536299199,36.87127399711784
2018-05-21,27.7,27.7,26.5,26.72,195556,-163.17947417364095,-1.079662023504735,-1.0866279700734673,0.006965946568732395,35.04241588966946
2018-05-22,26.72,26.72,24.31,24.84,557314,-232.11210870459408,-1.2636862485697016,-1.122039625772714,-0.14164662279698748,28.763100845080285
2018-05-23,21.68,25.22,21.68,24.69,466778,-232.9268781034761,-1.4054296015571275,-1.1787176209295969,-0.22671198062753062,28.32695056950328
2018-05-24,24.84,25.29,23.94,24.09,338763,-145.1210102823311,-1.5483290421990468,-1.252639905183487,-0.2956891370155599,26.590090099776614
2018-05-25,24.47,24.47,22.96,23.03,324865,-145.75732476784984,-1.7272009225629539,-1.3475521086593802,-0.37964881390357363,23.812263775823304
2018-05-28,22.66,23.34,20.48,21.08,926426,-161.63037852006033,-2.0032150633316803,-1.4786846995938403,-0.52453036373784,19.729028459366994
2018-05-29,21.08,23.71,20.32,23.26,556700,-110.13158688959992,-2.0227336629273296,-1.587494492260538,-0.4352391706667915,33.465028018558165
2018-05-30,23.26,23.26,22.43,22.88,283589,-82.98848231576793,-2.045288307477456,-1.6790532553039217,-0.36623505217353447,32.42349425796265
2018-05-31,23.28,23.74,22.73,23.58,420426,-60.33967620579096,-1.9838107405867866,-1.7400047523604947,-0.24380598822629196,36.35318148577281
2018-06-01,23.43,25.29,23.28,24.67,513214,-22.90397921987184,-1.82608545894211,-1.7572208936768177,-0.06886456526529239,42.0082943572795
2018-06-04,24.74,25.6,24.13,25.52,513711,8.26757578079112,-1.6138951618251447,-1.728555747306483,0.11466058548133828,46.03503440117693
2018-06-05,25.52,26.14,25.36,25.6,404670,44.29551759380934,-1.422875468507577,-1.6674196915467019,0.24454422303912482,46.412180432724995
2018-06-06,25.67,25.75,25.05,25.6,357759,52.58629734550425,-1.257001059572076,-1.5853359651517767,0.3283349055797007,46.412180432724995
2018-06-07,25.6,28.15,25.36,27.84,1123039,138.71742746257607,-0.9340282199836096,-1.4550744161181433,0.5210461961345336,56.324269825856156
2018-06-08,27.22,29.15,27.22,28.77,806519,182.68988262683047,-0.5961545910184753,-1.2832904510982097,0.6871358600797344,59.66045205295125
2018-06-11,28.61,29.0,27.91,27.91,577342,142.7115188583075,-0.3932489889401687,-1.1052821586666015,0.7120331697264328,55.4429427476542
2018-06-12,28.15,28.15,26.21,27.22,958014,83.68333107528323,-0.28483862846354313,-0.9411934526259899,0.6563548241624467,52.25138546924788
2018-06-13,26.91,28.07,26.75,27.45,761987,78.88466413181239,-0.17830813374865429,-0.7886163888505228,0.6103082551018685,53.21809870922094
2018-06-14,27.45,27.45,26.29,26.6,492328,48.82876204595988,-0.16061833721991192,-0.6630167785244006,0.5023984413044886,49.24969192634503
2018-06-15,26.83,27.53,26.29,27.22,396057,48.67909867909849,-0.09546971216497013,-0.5495073652525144,0.4540376530875443,52.05791249482882
2018-06-18,27.37,27.37,25.9,26.52,399596,22.728959896715622,-0.09917982402033232,-0.459441857006078,0.36026203298574566,48.776263726319755
2018-06-19,26.29,26.29,24.74,25.9,754396,-38.11834479040319,-0.1504150418668928,-0.39763649397824097,0.24722145211134816,46.00974564336514
2018-06-20,25.9,26.99,25.36,26.52,292314,-16.82749280514681,-0.13938377332084428,-0.3459859498467616,0.20660217652591734,49.11771192766102
2018-06-21,26.45,26.52,25.83,25.98,190473,-44.46412754650158,-0.1722295455617342,-0.31123466898975616,0.13900512342802196,46.6014980307892
2018-06-22,25.52,26.45,25.52,26.45,218076,-53.20304017372416,-0.1585078053452058,-0.2806892962608461,0.12218149091564029,49.04807459052265
2018-06-25,26.29,26.83,26.29,26.6,273398,-21.151761517615032,-0.1339849854565287,-0.25134843409998264,0.11736344864345394,49.83799387822627
2018-06-26,26.68,26.68,25.9,26.29,118717,-59.72451185111939,-0.137974400239397,-0.2286736273278655,0.0906992270884685,48.175709380900486
2018-06-27,26.29,26.45,25.98,25.98,269848,-67.40349363812821,-0.16425699700387142,-0.2157903012630667,0.05153330425919528,46.505266525748986
2018-06-28,25.9,26.14,25.6,25.83,294530,-92.6752136752142,-0.1949427124517804,-0.21162078350080943,0.01667807104902902,45.679907379633704
2018-06-29,25.9,26.14,25.52,25.75,270636,-93.32610155483285,-0.22314442441294347,-0.21392551168323623,-0.009218912729707235,45.21896687014504
2018-07-02,25.75,25.75,23.97,24.36,471629,-219.1729957805912,-0.3535800172666974,-0.24185641279992848,-0.11172360446676893,38.03711102477299
2018-07-03,24.36,24.74,22.97,23.2,315334,-258.4676279332755,-0.5442793562003594,-0.30234100148001464,-0.24193835472034475,33.28590091473424
2018-07-04,23.2,23.51,22.58,23.35,416562,-209.17596757176892,-0.6755192444680382,-0.3769766500776194,-0.29854259439041886,34.42652584367339
2018-07-05,23.2,23.43,22.42,22.58,280098,-165.02958835471418,-0.8320687951681514,-0.4679950790957258,-0.36407371607242556,31.453627105398546
2018-07-06,22.58,23.58,21.65,23.2,583650,-126.412585863062,-0.8957806221250131,-0.5535521877015832,-0.3422284344234299,36.22888239689764
2018-07-09,23.2,23.74,23.04,23.12,198950,-82.6987813909649,-0.9418707358704168,-0.6312158973353499,-0.3106548385350669,35.881533367114734
2018-07-10,23.58,23.74,23.2,23.35,113629,-65.3857350800582,-0.9489000758604575,-0.6947527330403714,-0.2541473428200861,37.73000386851037
2018-07-11,22.97,23.43,22.97,23.12,381772,-67.31526523048383,-0.96194129578587,-0.7481904455894711,-0.21375085019639883,36.59388797822831
2018-07-12,23.2,23.2,22.81,23.04,71290,-65.75833205996699,-0.9675782481971105,-0.792068006110999,-0.17551024208611143,36.185737743992064
2018-07-13,23.43,23.74,23.35,23.66,258763,-30.652768881383402,-0.9115094417022469,-0.8159562932292486,-0.09555314847299834,41.62024473440759
2018-07-16,23.82,23.97,23.43,23.51,145817,-20.296994862411104,-0.8691591295857322,-0.8265968605005453,-0.0425622690851869,40.716802646473624
2018-07-17,23.89,23.97,23.2,23.66,253840,-12.849231535063048,-0.8141079263082851,-0.8240990736620932,0.009991147353808127,42.07098306956397
2018-07-18,23.51,24.98,23.51,24.9,397237,94.60883343236256,-0.6627816795660308,-0.7918355948428808,0.12905391527684995,51.8605062799623
2018-07-19,24.9,25.52,24.51,25.52,426120,205.3333333333334,-0.4872094728071019,-0.730910370435725,0.24370089762862313,55.87562707935688
2018-07-20,25.52,26.14,25.13,25.52,543199,212.43643869030865,-0.3441006558557227,-0.6535484275197245,0.30944777166400184,55.875627079356875
2018-07-23,25.67,25.75,24.9,24.9,345836,123.41719077568136,-0.27751567783563047,-0.5783418775829057,0.3008261997472752,50.947422979280155
2018-07-24,24.74,24.9,24.36,24.67,200935,62.59343883106272,-0.2405329665340119,-0.510780095373127,0.27024712883911506,49.213339727728446
2018-07-25,24.67,25.13,24.44,24.9,522934,64.76715686274525,-0.19046921304660103,-0.44671791890782175,0.2562487058612207,51.00909786229858
2018-07-26,24.74,24.9,24.59,24.9,274411,53.09770465163501,-0.1490748852368462,-0.3871893121736266,0.23811442693678042,51.00909786229857
2018-07-27,24.82,26.68,24.82,26.6,1455685,134.63242782043883,0.020667962878910373,-0.30561785716311923,0.3262858200420296,62.4043962856334
2018-07-30,26.68,28.77,26.68,28.38,1140882,225.9057071960298,0.2954161434496143,-0.18541105704057254,0.48082720049018685,70.21612611740551
2018-07-31,28.22,28.38,27.45,27.99,774431,176.5468814539447,0.4761970126323618,-0.05308944310598568,0.5292864557383474,66.93449737907642
2018-08-01,28.22,29.69,27.61,28.84,1255731,169.1969661015462,0.6802139669763143,0.09357123891047431,0.58664272806584,70.2031036745988
2018-08-02,28.61,30.0,28.61,29.85,1424712,156.4941642809955,0.9128743845736977,0.257431868043119,0.6554425165305787,73.54902893731804
2018-08-03,29.93,29.93,29.31,29.69,761648,127.46854918997201,1.071991527881348,0.4203438000107649,0.6516477278705832,72.1665315126606
2018-08-06,29.69,29.69,28.77,28.84,751215,88.60925171085593,1.1166332609243064,0.5596016921934732,0.5570315687308331,65.1592860452106
2018-08-07,28.77,29.15,27.99,28.07,1030104,53.81568993903796,1.0774593109046968,0.663173215935718,0.41428609496897884,59.52110559829962
2018-08-08,28.07,29.31,28.07,29.23,570142,62.416983228674056,1.1270243436710423,0.7559434414827828,0.3710809021882595,64.50412409121374
2018-08-09,29.38,29.77,28.61,29.07,689438,65.33277421673775,1.1402502315230691,0.8328047994908401,0.30744543203222907,63.34580453176787
2018-08-10,29.38,29.38,28.38,28.77,545860,48.153436556452974,1.1136864658057348,0.8889811327538191,0.22470533305191576,61.129262262705275
2018-08-13,28.77,29.23,28.46,28.53,954940,38.10416436946366,1.061037515847076,0.9233924093724705,0.13764510647460548,59.34037441473834
2018-08-14,28.61,30.85,28.46,30.62,1869184,106.47061530673294,1.174420389630491,0.9735980054240746,0.2008223842064164,68.09618416982435
2018-08-15,30.78,31.32,29.77,29.85,1030162,141.30455453075948,1.1884449159322514,1.01656738752571,0.17187752840654147,62.73600935612775
2018-08-16,30.16,30.47,29.38,30.39,983370,111.82536493906491,1.2289661839358281,1.0590471468077336,0.16991903712809453,64.82700553401311
2018-08-17,30.23,30.78,30.08,30.31,902713,121.82959048877095,1.2403265371131518,1.0953030248688171,0.14502351224433463,64.25179077094514
2018-08-20,30.39,31.7,30.39,31.16,1066606,162.95217285748956,1.302898591173868,1.1368221381298274,0.16607645304404062,67.54672131197995
2018-08-21,31.24,31.55,30.54,30.93,872740,127.84343871112391,1.3187268547123345,1.1732030814463288,0.14552377326600574,65.77995488613568
2018-08-22,30.93,31.32,30.39,30.47,889331,85.26272577996768,1.279404532929508,1.1944433717429646,0.08496116118654351,62.27178315061093
2018-08-23,30.62,30.62,30.0,30.16,915230,39.98009950248772,1.2092869926959047,1.1974120959335526,0.011874896762352094,59.951320549860434
2018-08-24,30.16,30.31,29.69,30.31,950361,22.179974651457844,1.152536361541987,1.1884369490552396,-0.035900587513252535,60.71416072200084
2018-08-27,29.93,30.62,29.93,30.08,646227,24.52090432743424,1.0765917204779,1.1660679033397716,-0.08947618286187153,58.86273186051907
2018-08-28,30.31,30.39,30.08,30.08,473400,13.909127036693675,1.004822081804008,1.1338187390326189,-0.12899665722861098,58.86273186051908
2018-08-29,30.23,30.31,29.77,30.0,541130,-17.086442786069593,0.9307595776372395,1.093206906753543,-0.16244732911630355,58.14744672369743
2018-08-30,30.0,30.7,30.0,30.7,973249,40.144339197113894,0.9179669082457558,1.0581589070519857,-0.1401919988062299,62.44746927429667
2018-08-31,30.62,31.24,30.62,30.78,1285058,103.72694002539406,0.9038647666057535,1.0273000789627393,-0.1234353123569858,62.91639851109253
2018-09-04,30.93,30.93,29.93,30.16,554927,-21.882830211191415,0.8330569374962842,0.9884514506694483,-0.1553945131731641,56.97809474288906
2018-09-05,30.16,30.31,29.54,29.77,762301,-114.64071083582165,0.7369760806441761,0.9381563766643939,-0.2011802960202178,53.55398297482083
2018-09-06,29.85,29.85,28.46,28.61,1335612,-239.34979945112943,0.5607648556957265,0.8626780724706604,-0.3019132167749339,44.90921170730093
2018-09-07,28.61,29.31,28.61,29.23,410949,-173.23524259940353,0.4657758349447114,0.7832976249654706,-0.3175217900207592,49.59274056362315
2018-09-10,29.23,29.46,29.0,29.15,269055,-124.36235708003427,0.37966448438542955,0.7025709968494624,-0.3229065124640329,49.01371885070076
2018-09-11,29.23,29.85,28.92,29.85,562060,-63.368669022379464,0.3637121215895789,0.6347992217974857,-0.27108710020790683,54.06721832081687
2018-09-12,30.16,30.16,29.38,29.38,451697,-39.67399431733189,0.3095760866744257,0.5697545947728737,-0.260178508098448,50.45147760621992
2018-09-13,29.69,29.85,29.07,29.15,627383,-68.93710782200566,0.24528630334575396,0.5048609364874498,-0.2595746331416958,48.73392783633612
2018-09-14,29.15,29.38,29.07,29.31,398367,-71.3259932982294,0.20488506223815506,0.44486576163759084,-0.23998069939943578,50.008912196465886
2018-09-17,29.31,29.31,29.0,29.0,220310,-79.69705142035201,0.1461674509744988,0.38512609950497245,-0.23895864853047366,47.54186519437298
2018-09-18,29.07,29.46,28.53,29.38,366664,-68.78314197445465,0.12881128886223792,0.33386313737642553,-0.20505184851418762,50.74923878826718
2018-09-19,29.38,29.77,29.23,29.38,411982,-18.70770734090677,0.11374522123739439,0.2898395541486193,-0.1760943329112249,50.74923878826718
2018-09-20,29.46,30.0,29.23,30.0,757306,34.307858893258825,0.15010376972234596,0.2618923972633646,-0.11178862754101865,55.856424718005094
2018-09-21,30.16,30.85,29.93,30.47,1726588,168.7070974242697,0.21437210520517525,0.25238833885172673,-0.03801623364655149,59.30178713760497
2018-09-24,30.47,32.09,30.31,31.94,2184390,271.78494303373316,0.37954676001131915,0.27782002308364523,0.10172673692767392,67.77370823804333
2018-09-25,32.17,32.4,31.78,31.86,960316,227.4095976073947,0.49825001651173295,0.32190602176926275,0.1763439947424702,66.95682729248482
2018-09-26,32.09,32.09,31.47,31.55,1376547,141.2610559444359,0.5608437358039424,0.3696935645761987,0.19115017122774375,63.75029156819201
2018-09-27,31.78,31.78,31.16,31.47,1278660,97.62530413625323,0.5971112510807011,0.41517710187709916,0.1819341492036019,62.91296599989582
2018-09-28,31.7,32.25,31.39,31.94,1004967,102.28758169934683,0.6562141618977542,0.46338451388123014,0.19282964801652402,65.75846209463374
2018-10-01,31.86,32.63,31.47,31.7,904188,89.73686947477928,0.6758963380433336,0.5058868787136508,0.1700094593296828,63.09628026132892
2018-10-02,31.39,31.7,30.54,30.85,1547015,28.918518518518685,0.6158080562423685,0.5278711142193944,0.08793694202297409,54.65668326363554
2018-10-03,30.93,30.93,30.39,30.47,800029,-3.875968992248048,0.5313991966405602,0.5285767307036275,0.0028224659369326943,51.34989157573073
2018-10-04,30.62,31.16,30.47,30.85,419440,4.586138409554317,0.48952445824437874,0.5207662762117777,-0.031241817967399,54.32579764094862
2018-10-05,30.85,30.85,30.39,30.47,506215,-26.20232172470952,0.42082459815341977,0.5007779406001062,-0.07995334244668639,50.96826720437817
2018-10-08,30.62,30.62,29.46,29.54,840280,-98.40633010141518,0.2880161653396627,0.45822558554801746,-0.17020942020835478,43.82891790855549
2018-10-09,29.54,30.08,29.46,29.77,460275,-113.68760064412238,0.19902931723384754,0.40638633188518347,-0.20735701465133594,45.84911567156277
2018-10-10,29.77,30.0,29.38,29.69,307188,-120.38435140700095,0.12066036994600182,0.34924113949734714,-0.22858076955134532,45.23965288371066
2018-10-11,29.38,29.38,26.21,27.06,1582622,-233.24623615777034,-0.1519154191820391,0.2490098277614699,-0.400925246943509,30.76238346061547
2018-10-12,27.06,28.46,26.14,28.15,969447,-171.2692871958312,-0.27678915232586476,0.14385003174400296,-0.4206391840698677,39.41570574222561
2018-10-15,27.84,28.15,27.37,27.53,451515,-131.4504010283703,-0.42092909536076206,0.03089420632304994,-0.451823301683812,36.61270950754235
2018-10-16,27.3,27.99,27.3,27.84,317482,-109.21831955922872,-0.5043329926631941,-0.07615123347419887,-0.4281817591889952,38.95041921926068
2018-10-17,28.22,28.53,27.91,27.91,333873,-74.2679502607299,-0.5583464963313283,-0.17259028604562476,-0.3857562102857035,39.49306270413292
2018-10-18,27.99,27.99,27.22,27.61,421299,-82.67111962411782,-0.6182334693325018,-0.2617189227030002,-0.3565145466295016,37.93673944869698
2018-10-19,27.45,27.61,26.68,27.53,387780,-85.14454277286129,-0.6644898331444473,-0.3422731047912896,-0.32221672835315773,37.512212670510166
2018-10-22,27.61,27.68,26.83,26.83,279580,-82.35799288430859,-0.7489984961521579,-0.4236181830634632,-0.32538031308869464,33.933949834939426
2018-10-23,27.22,27.22,25.52,26.37,548870,-109.64957991644013,-0.8433685484100302,-0.5075682561327766,-0.3358002922772536,31.788057072423783
2018-10-24,26.29,26.52,25.6,25.75,416077,-127.41683135704872,-0.9571528509093881,-0.5974851750880988,-0.3596676758212892,29.11555970577744
2018-10-25,25.9,25.9,24.28,25.21,651695,-174.4569655397682,-1.0784692947375518,-0.6936819990179894,-0.3847872957195624,26.987414145906623
2018-10-26,25.36,25.6,24.82,25.05,419750,-144.9329443426736,-1.1739910750047713,-0.7897438142153458,-0.3842472607894255,26.37232853191958
2018-10-29,25.05,25.13,24.59,24.74,228412,-134.92043284532167,-1.2601806056984088,-0.8838311725119584,-0.3763494331864504,25.175113588104693
2018-10-30,24.59,25.05,24.36,24.98,375221,-113.22471745193015,-1.2942016840971498,-0.9659052748289967,-0.32829640926815307,27.903900676136722
2018-10-31,25.05,25.9,25.05,25.9,404715,-53.80577427821552,-1.2327173246192693,-1.0192676847870512,-0.2134496398322181,37.337785941124935
2018-11-01,25.98,26.06,24.74,24.98,420533,-65.9326139616823,-1.2438880706167232,-1.0641917619529857,-0.17969630866373754,32.72611829531726
2018-11-02,25.13,25.52,24.74,25.44,485267,-59.16311591827825,-1.20176956026582,-1.0917073216155526,-0.11006223865026743,36.92126454392447
2018-11-05,25.44,25.44,24.67,25.36,389790,-57.46481574720097,-1.1614571141474102,-1.1056572801219242,-0.05579983402548594,36.49502753779585
2018-11-06,25.36,25.67,24.98,25.21,318645,-41.20573857290016,-1.1286031222979744,-1.1102464485571342,-0.018356673740840268,35.66367236675312
2018-11-07,25.36,25.36,24.74,24.98,233370,-59.23241937519168,-1.108348819597726,-1.1098669227652525,0.00151810316752643,34.37077660386284
2018-11-08,25.05,25.75,25.05,25.6,585090,1.4740811479221543,-1.0303906186833132,-1.0939716619488646,0.06358104326555147,40.62000170371027
2018-11-09,25.6,26.68,25.44,25.98,703370,119.84045370976244,-0.9272565225972826,-1.0606286340785482,0.1333721114812656,44.13134818212059
2018-11-12,25.98,26.06,25.29,25.44,324000,62.066829287179345,-0.8789633530415912,-1.0242955778711569,0.14533222482956565,40.46906810223677
2018-11-13,25.13,25.21,24.59,24.74,989722,-103.70370370370432,-0.886950603639935,-0.9968265830249126,0.1098759793849775,36.26750402583065
2018-11-14,23.97,24.98,23.82,24.05,521550,-190.8219868885522,-0.9381434569162437,-0.9850899578031788,0.04694650088693508,32.667227950607156
2018-11-15,24.28,24.28,23.58,23.97,296004,-187.75103734439864,-0.9739424906009191,-0.9828604643627268,0.008917973761807696,32.267277636635264
2018-11-16,24.2,24.59,24.13,24.28,237936,-108.17571997780841,-0.9661617621134013,-0.9795207239128617,0.01335896179946039,35.55964345334519
2018-11-19,24.28,24.9,20.88,24.98,272695,-166.77483213943233,-0.8932149034737407,-0.9622595598250375,0.06904465635129686,42.3715337233968
2018-11-20,23.97,24.67,21.03,24.44,198036,-147.13484515971712,-0.8689606421067815,-0.9435997762813864,0.07463913417460488,38.950892499879465
2018-11-21,24.28,25.6,24.05,25.52,611399,26.488964406449764,-0.7539014841456968,-0.9056601178542485,0.1517586337085517,47.993712255125715
2018-11-22,25.52,25.67,25.13,25.29,294915,56.84955504169291,-0.6735115286588567,-0.8592304000151701,0.1857188713563135,46.41686676465887
2018-11-23,25.13,25.36,24.9,24.9,229435,25.888835903141796,-0.633963711355392,-0.8141770622832145,0.18021335092782254,43.78963962079871
2018-11-26,24.98,25.75,24.74,25.52,514996,54.725212863274386,-0.5462956070708493,-0.7606007712407414,0.2143051641698921,48.755357423403176
2018-11-27,25.67,25.67,25.13,25.21,225315,51.17876337162403,-0.4961135241462564,-0.7077033218218445,0.21158979767558805,46.541446075395065
2018-11-28,25.36,25.6,25.21,25.36,150500,57.45673126748888,-0.4391775500697648,-0.6539981674714286,0.2148206174016638,47.777145201465046
2018-11-29,25.52,26.52,25.52,25.98,1189856,120.53172707446242,-0.34010603134807127,-0.5912197402467572,0.2511137088986859,52.64915731042582
2018-11-30,25.98,26.75,25.67,26.14,277172,128.17291522405773,-0.24584651062482976,-0.5221450943223717,0.2762985836975419,53.84582004132006
2018-12-03,26.29,26.99,26.06,26.83,517134,140.47253758821708,-0.11415205409665319,-0.440546486277228,0.3263944321805748,58.6939226051222
2018-12-04,27.06,27.14,26.45,26.75,723899,132.5882352941178,-0.016053524861224133,-0.3556478939940272,0.33959436913280305,57.934085503790335
2018-12-05,26.45,26.68,26.14,26.52,397680,95.6143079315708,0.04263966499401306,-0.27599038219641914,0.3186300471904322,55.701457083689775
2018-12-06,25.9,26.91,25.9,26.6,409544,82.061035705023,0.09452020217410961,-0.20188826532231338,0.296408467496423,56.33182509780443
2018-12-07,26.68,27.3,26.52,26.99,571010,105.93693978698722,0.16520130449841375,-0.12847035135816795,0.2936716558565817,59.36738497339085
2018-12-10,26.99,26.99,26.37,26.45,295299,68.80574368084082,0.175618677493258,-0.06765254558788275,0.24327122308114074,53.791646020849704
2018-12-11,26.68,26.68,26.14,26.29,248953,36.50638678708,0.16901555174855076,-0.020318926120596048,0.1893344778691468,52.22649482103431
2018-12-12,26.37,26.6,26.21,26.29,290288,30.191119734171096,0.16191605947850007,0.016128070999223178,0.1457879884792769,52.22649482103431
2018-12-13,26.45,27.37,26.21,26.75,512614,79.36110241152488,0.19120373864608098,0.05114320452859474,0.14006053411748623,56.4514524261415
2018-12-14,26.75,26.99,26.37,26.45,281137,47.67025089605751,0.188039342111896,0.078522432045255,0.109516910066641,53.15013183317454
2018-12-17,26.52,26.52,25.52,25.52,361495,-115.91664819330487,0.10922918138440707,0.0846637819130854,0.024565399471321664,44.468331519007016
2018-12-18,25.52,25.52,24.98,25.44,451949,-227.40241871243484,0.03985678558498407,0.07570238264746514,-0.03584559706248107,43.80546593293197
2018-12-19,25.67,25.75,25.21,25.67,183140,-150.46728971962725,0.0033985633992870135,0.06124161879782951,-0.057843055398542495,46.2845780149781
2018-12-20,25.52,25.67,25.29,25.6,113733,-122.55325965080978,-0.03078834644306383,0.042835625749650844,-0.07362397219271467,45.62485973659939
2018-12-21,25.44,25.52,25.21,25.36,237869,-114.28964757709292,-0.07636739721478492,0.01899502115676369,-0.0953624183715486,43.34374801405466
2018-12-24,25.6,25.6,25.29,25.52,225323,-82.9799301919729,-0.09844366323576281,-0.004492715721741612,-0.0939509475140212,45.30697442188797
2018-12-25,24.82,25.05,24.13,24.74,363310,-149.34705184012714,-0.17684024016689293,-0.038962220610771876,-0.13787801955612106,38.33334904638747
2018-12-26,24.74,25.44,24.74,25.44,248840,-75.4970825435764,-0.18040633046715726,-0.06725104258204895,-0.11315528788510831,46.31887109606749
2018-12-27,25.83,25.9,25.52,25.6,157415,-16.77520963691334,-0.16838083049765373,-0.0874770001651699,-0.08090383033248383,47.97713572067628
2018-12-28,25.67,25.83,25.44,25.52,180698,-19.673632704221557,-0.1634220390059049,-0.1026660079333169,-0.06075603107258801,47.192159084683
2019-01-02,25.6,28.07,25.6,27.61,1723444,162.2185612300918,0.009049060185702729,-0.08032299430951298,0.08937205449521571,63.838265056030075
2019-01-03,27.68,28.07,26.52,26.6,679554,136.0923965351285,0.06350306598897859,-0.051557782249814665,0.11506084823879326,54.8415540959747
2019-01-04,26.6,27.06,26.29,26.91,472287,102.24242424242453,0.13017212391474686,-0.015211801016902358,0.14538392493164923,56.85153992978618
2019-01-07,26.83,27.61,26.75,27.45,490463,139.25425117803627,0.22399919637607724,0.03263039846169356,0.19136879791438366,60.17666782752655
2019-01-08,27.3,27.53,27.06,27.45,607856,113.51997268692317,0.29495773808935866,0.08509586638722658,0.20986187170213208,60.17666782752655
2019-01-09,27.53,28.84,27.53,28.61,1719633,149.47287713245126,0.43972630794347367,0.15602195469847602,0.28370435324499765,66.59085973982275
2019-01-10,28.53,29.0,28.3,28.69,609390,138.67966326982707,0.554519616997915,0.23572148715836383,0.31879812983955114,66.98579137739596
2019-01-11,28.69,28.84,28.46,28.61,482237,116.58282429033386,0.6317563164907334,0.31492845302483774,0.31682786346589564,66.14375633680821
2019-01-14,28.61,28.61,28.07,28.22,482904,85.933503836317,0.6539587868456103,0.38273451978899226,0.271224267056618,62.04888060597096
2019-01-15,28.22,28.53,27.99,28.46,308714,79.08012185509467,0.6830466620598834,0.4427969482431705,0.2402497138167129,63.544583235134546
2019-01-16,28.61,29.0,28.46,28.77,498036,94.38384399823964,0.7227816450675348,0.4987938876080434,0.22398775745949145,65.43927532747898
2019-01-17,28.69,28.69,28.53,28.53,477663,71.91655801825257,0.7265309150015327,0.5443412930867413,0.18218962191479138,62.721417882312004
2019-01-18,28.61,28.61,27.76,27.84,541819,25.523677443587463,0.6661460875708869,0.5687022519835704,0.09744383558731651,55.57497392344963
2019-01-21,27.84,28.46,27.53,28.22,373144,13.742590704874777,0.6415580194976371,0.5832734054863837,0.0582846140112534,58.38701817687117
2019-01-22,28.22,29.38,28.07,29.15,1198320,95.87544162353102,0.6891706952864283,0.6044528634463926,0.08471783184003567,64.3367737399375
2019-01-23,28.84,29.69,28.84,29.23,572020,131.41709771055693,0.7250020430379145,0.628562699364697,0.09643934367321749,64.80296919691354
2019-01-24,29.31,29.31,28.92,29.0,195290,104.03489640130937,0.7264653263983334,0.6481432247714243,0.07832210162690911,62.28219552548347
2019-01-25,28.92,29.0,28.61,28.77,435979,52.23880597014934,0.7009853879895651,0.6587116574150524,0.04227373057451267,59.778017832467945
2019-01-28,28.61,29.0,28.61,29.0,226840,59.9857176862658,0.6913816141594502,0.665245648763932,0.026135965395518213,61.44734036848052
2019-01-29,28.92,29.38,28.69,29.15,357285,94.37086092715285,0.6879441091454375,0.6697853408402331,0.018158768305204354,62.539285827264834
2019-01-30,29.15,29.85,29.15,29.85,740010,170.22309711286098,0.7332515441441956,0.6824785815010256,0.050772962643169994,67.20714076920648
2019-01-31,30.0,30.47,29.77,30.23,854692,203.46607669616523,0.7907060696373058,0.7041240791282817,0.08658199050902415,69.4337963282851
2019-02-01,30.08,30.23,29.85,30.16,346548,150.72744907856512,0.8211253580477198,0.7275243349121693,0.09360102313555052,68.5109426943675
2019-02-11,30.16,30.85,30.16,30.78,404522,169.0598189920884,0.8850592693886696,0.7590313218074694,0.12602794758120028,72.05386769647072
2019-02-12,30.78,31.01,30.39,30.62,764010,137.1973929236503,0.9123002623835603,0.7896851099226876,0.12261515246087273,69.86912361151086
2019-02-13,30.54,32.09,30.54,31.7,1358886,160.6181676932469,1.0094001826800287,0.8336281244741558,0.17577205820587294,75.31086198530502
2019-02-14,31.7,31.86,31.39,31.39,493193,138.16406451280466,1.049243138095438,0.8767511271984122,0.1724920108970257,71.32875295107513
2019-02-15,31.39,31.47,31.09,31.16,545138,98.86943836615572,1.0501543636990185,0.9114317744985334,0.13872258920048508,68.43740800660464
2019-02-18,31.16,31.55,30.7,31.32,758260,83.03448275862043,1.0516642485599554,0.9394782693108178,0.11218597924913765,69.36764268400124
2019-02-19,31.24,31.86,28.69,29.69,1861529,-7.773841655420544,0.9108339389944788,0.93374940324755,-0.022915464253071116,52.41823392002427
2019-02-20,29.85,30.0,29.15,29.46,743986,-57.40546524500403,0.7717693495742957,0.9013533925128991,-0.12958404293860348,50.541633510950845
2019-02-21,29.46,30.16,29.31,30.16,628856,-38.16438966911909,0.7098609749621936,0.863054909002758,-0.15319393404056447,55.73559730221781
2019-02-22,30.0,30.31,29.38,30.23,982187,-40.31735979171065,0.6588517244830605,0.8222142720988186,-0.16336254761575808,56.23060773164805
2019-02-25,30.08,30.78,29.77,29.93,655181,-32.37994350282487,0.5874473063072898,0.7752608789405129,-0.18781357263322307,53.470766801331685
2019-02-26,30.08,30.31,29.77,30.0,542700,-53.45966121159905,0.5303931632202072,0.7262873357964518,-0.19589417257624453,54.037625995340974
2019-02-27,30.0,31.32,30.0,31.09,1931085,34.53608247422645,0.5665998241836618,0.6943498334738938,-0.12775000929023195,61.83469202529282
2019-02-28,30.93,31.32,30.31,30.31,1055368,11.392405063290694,0.5262876659734452,0.6607373999738041,-0.13444973400035887,54.68554698110897
2019-03-01,30.31,31.47,30.31,31.32,1231293,53.6652325343166,0.5692762865668861,0.6424451772924205,-0.07316889072553434,60.9770381331883
2019-03-04,31.09,33.25,31.09,33.17,2159830,176.08644585388805,0.7440476982960256,0.6627656814931415,0.08128201680288405,69.36671838885148
2019-03-05,33.25,33.25,32.71,32.94,1352465,180.99801433134772,0.8541501126331461,0.7010425677211425,0.15310754491200362,67.42586601044246
2019-03-06,32.09,33.1,32.09,32.79,815962,132.98500915963572,0.9187129715852151,0.744576648493957,0.17413632309125815,66.12640171161345
2019-03-07,32.63,33.1,32.4,32.48,713115,110.69092069570807,0.9340973998629281,0.7824807987677512,0.15161660109517683,63.40665908550635
2019-03-08,32.48,32.48,31.39,31.55,1517915,47.99065117184973,0.861317708059282,0.7982481806260574,0.06306952743322458,55.969451466289186
2019-03-11,31.47,31.94,31.24,31.55,822075,26.986430912010327,0.7944809955856655,0.797494743617979,-0.003013748032313468,55.9694514662892
2019-03-12,31.63,32.09,31.55,31.86,1432746,35.29411764705893,0.757791480165185,0.7895540909274202,-0.03176261076223519,57.87938330293881
2019-03-13,31.86,31.86,31.47,31.55,1124763,13.7633223079751,0.6956809882526684,0.7707794703924699,-0.07509848213980141,55.29626524681841
2019-03-14,31.39,32.79,31.39,32.48,1510829,52.75844857453244,0.713278967657363,0.7592793698454485,-0.04600040218808554,60.9296974541372
2019-03-15,32.09,32.86,32.09,32.71,1287320,72.70547616764209,0.7372856014626663,0.7548806161688921,-0.01759501470622582,62.198426022030496
2019-03-18,32.48,33.95,32.48,33.48,2222011,126.15886326578178,0.8091166040000104,0.7657278137351158,0.04338879026489462,66.16026214358959
2019-03-19,33.56,33.71,32.48,32.63,1174541,80.66609917003613,0.7883674851446578,0.7702557480170242,0.018111737127633587,58.83031742047196
2019-03-20,32.55,32.79,32.01,32.71,930047,25.782356728912102,0.7695085745298371,0.7701063133195868,-0.0005977387897496689,59.287497215021155
2019-03-21,32.48,33.1,31.7,31.86,2197087,-25.316721863007118,0.6781574784694548,0.7517165463495604,-0.07355906788010558,52.603479346263214
2019-03-22,32.01,32.25,31.55,32.09,1009338,-56.221521205747045,0.6172053949068221,0.7248143160610128,-0.10760892115419063,54.11104504041021
2019-03-25,31.7,31.86,30.78,31.39,932690,-127.43774157248339,0.5065767779286112,0.6811668084345325,-0.17459003050592126,49.002439467347905
2019-03-26,31.39,31.7,31.09,31.32,481600,-104.06976744186015,0.4085449352484929,0.6266424337973245,-0.21809749854883165,48.50923662024066
2019-03-27,31.24,31.94,31.24,31.7,931234,-60.64814814814826,0.35739696807462806,0.5727933406527852,-0.21539637257815714,51.370624955670365
2019-03-28,31.63,31.78,31.39,31.7,296111,-57.937497114895976,0.31325087449881295,0.5208848474219907,-0.20763397292317776,51.370624955670365
2019-03-29,31.7,32.17,31.63,31.7,468418,-32.98044825941781,0.27509366871150576,0.4717266116798937,-0.19663294296838796,51.370624955670365
2019-04-01,32.01,32.01,31.63,31.63,485279,-42.54143646408857,0.23647940584439908,0.4246771705127948,-0.18819776466839572,50.72211990654816
2019-04-02,31.86,32.01,31.55,31.63,681023,-47.899320509138946,0.20353114398732686,0.3804479652077012,-0.17691682122037433,50.72211990654816
2019-04-03,31.7,31.7,31.24,31.39,394580,-77.4391227221419,0.15625223633307073,0.3356088194327751,-0.17935658309970437,48.29770165172625
2019-04-04,31.47,31.94,31.39,31.7,593592,-40.61325717721342,0.14215904958021497,0.2969188654622631,-0.15475981588204812,51.520989086017245
2019-04-05,31.7,31.94,31.47,31.7,307187,-27.652149637073798,0.12949733289828558,0.2634345589494676,-0.13393722605118202,51.520989086017245
2019-04-08,31.63,31.94,31.63,31.78,513274,8.512628624882321,0.12448319780106587,0.23564428671978727,-0.1111610889187214,52.40898669713795
2019-04-09,31.86,31.94,31.16,31.16,894113,-96.87220732796982,0.06967744297788059,0.20245091797140594,-0.13277347499352535,45.459272928408865
2019-04-10,31.32,31.39,30.31,30.54,1040263,-250.20601565718783,-0.023514273114109585,0.15725787975430283,-0.18077215286841242,39.77865095918444
2019-04-11,30.7,30.7,30.0,30.23,688483,-254.96969696969614,-0.1209891016977025,0.10160848346390176,-0.22259758516160427,37.270826601970754
2019-04-12,30.16,31.7,29.77,31.63,1174325,-81.61434977578571,-0.08429856452874773,0.06442707386537186,-0.1487256383941196,51.99120298572466
2019-04-16,31.63,32.09,31.16,31.86,1077679,49.47687693828181,-0.03624417142453851,0.04429282480738979,-0.0805369962319283,53.90496522201199
2019-04-17,31.7,31.86,31.09,31.24,670896,-8.817829457364269,-0.04764036860586174,0.025906186124739484,-0.07354655473060122,48.31397810190871
2019-04-18,31.39,31.39,30.78,31.09,635353,-60.36960985626167,-0.06799191490341272,0.007126565919109044,-0.07511848082252176,47.04271240323389
2019-04-19,31.16,31.63,30.85,31.39,713845,-14.482758620688813,-0.059230398015131414,-0.006144826867739048,-0.05308557114739237,49.88300593478463
2019-04-22,31.39,31.63,31.09,31.16,654120,-7.662588538312495,-0.07003854976345636,-0.01892357144688251,-0.05111497831657385,47.76774711102524
2019-05-07,32.01,32.86,31.32,31.32,1255680,102.32884399551111,-0.06494478204760412,-0.028127813567026833,-0.03681696848057729,49.37596355866544
2019-05-08,30.93,30.93,30.39,30.43,514730,-123.39213190276979,-0.1312109779164068,-0.04874444643690283,-0.08246653147950396,41.687100323906606
2019-05-09,30.85,30.85,30.2,30.27,332280,-119.26939152146733,-0.19439718860659028,-0.07787499487084032,-0.11652219373574996,40.4670908698248
2019-05-10,30.27,30.66,29.81,30.23,545760,-125.87997982854156,-0.24487758514612068,-0.1112755129258964,-0.1336020722202243,40.15073225097406
2019-05-13,30.16,31.28,29.77,31.01,759280,-48.97391486904925,-0.2194149034019226,-0.13290339102110163,-0.08651151238082097,48.59066468285949
2019-05-14,30.7,31.86,30.62,31.86,963990,67.74901960784365,-0.12915878632709976,-0.13215447008230125,0.0029956837552014837,55.890618363519074
2019-05-15,31.94,32.25,31.55,31.55,654310,102.78357689631203,-0.08170275401688798,-0.1220641268692186,0.040361372852330615,52.93822034988875
2019-05-16,31.55,31.7,31.39,31.39,271190,52.480998914224905,-0.05635454916966154,-0.10892221132930718,0.052567662159645645,51.428208491365915
2019-05-17,31.63,31.86,31.36,31.39,516050,52.782227918402334,-0.03585262743272466,-0.09430829454999068,0.05845566711726602,51.42820849136592
2019-05-20,31.39,31.9,31.39,31.82,839280,78.94905479013163,0.01492070301567594,-0.07246249503685735,0.08738319805253329,55.3939351078407
2019-05-21,32.01,32.83,32.01,32.71,2206220,171.06278828956042,0.1255274923639611,-0.032864497556693656,0.15839198992065476,62.26185784101216
2019-05-22,32.79,33.44,32.55,32.94,1690050,183.69151959018683,0.22910229892043787,0.019528861738732646,0.20957343718170524,63.81250340688658
2019-05-23,32.94,33.1,32.79,33.1,830590,148.50467289719697,0.3204033319898052,0.07970375578894716,0.24069957620085802,64.89319111203345
2019-05-24,33.1,33.48,32.79,33.13,1508050,129.8912469644176,0.3906773227764617,0.14189846918645008,0.24877885359001164,65.10362127302483
2019-05-27,33.13,33.56,32.98,33.56,785510,121.44547606044071,0.47558512384548024,0.2086358001182561,0.26694932372722413,68.05889961032733
2019-05-28,33.87,34.8,33.79,34.8,1946040,157.8077977663343,0.6356059352374928,0.29402982714210346,0.3415761080953893,74.71013663431893
2019-05-29,34.8,34.8,33.95,34.33,1069250,126.56098831584418,0.7162421158410694,0.37847228488189666,0.3377698309591728,68.85733733410385
2019-05-30,34.49,35.03,34.02,34.68,1309010,122.54457540042327,0.7991765352217541,0.46261313494986817,0.33656340027188597,70.69824738318479
2019-05-31,34.8,35.08,34.36,34.36,1401520,110.52300785634135,0.8295191539932603,0.5359943387585466,0.29352481523471363,66.80973747887735
2019-06-03,34.01,34.01,32.51,32.51,1032910,-1.9997471874603403,0.6962603036975139,0.56804753174634,0.12821277195117387,49.7674939334339
2019-06-04,33.14,33.14,32.51,32.78,566630,-23.997498844575336,0.6054590927398991,0.5755298439450518,0.029929248794847263,51.703811473004826
2019-06-05,33.53,33.53,32.9,33.22,463030,-1.4957264957264094,0.5625184392233749,0.5729275630007165,-0.0104091237773416,54.764008860599255
2019-06-06,33.14,33.18,32.62,32.82,354600,-45.007982522476496,0.4905561786138648,0.5564532861233461,-0.0658971075094813,51.56522083117442
2019-06-07,33.22,34.17,32.98,34.17,1115580,31.536319919007862,0.536277413992579,0.5524181116971927,-0.016140697704613682,60.04717922301753
2019-06-10,34.48,34.48,34.05,34.21,690310,68.27244315120183,0.5691783543719993,0.555770160232154,0.013408194139845286,60.269191566955506
2019-06-11,34.21,34.56,34.01,34.25,769000,60.96524131032834,0.5916599645909528,0.5629481211039138,0.028711843487039035,60.505538815869244
2019-06-12,34.25,34.64,34.17,34.33,846880,62.99553855959262,0.608912964453765,0.572141089773884,0.03677187467988097,61.005164687540734
2019-06-13,34.21,34.33,33.34,33.34,725360,-18.2559087204552,0.5365167339821326,0.5650162186155337,-0.02849948463340113,52.20396097853593
2019-06-14,33.34,33.85,33.14,33.81,519420,-28.97091722594947,0.5111747672709441,0.5542479283466158,-0.04307316107567172,55.48723681483088
2019-06-17,33.69,33.97,33.02,33.38,513740,-39.18709407081349,0.4511926022719166,0.533636863131676,-0.08244426085975942,51.96983424842201
2019-06-18,33.53,33.61,33.18,33.61,309680,-31.805500199282875,0.4174038108650251,0.5103902526783458,-0.09298644181332072,53.661877556336414
2019-06-19,34.01,34.36,33.77,33.89,580300,48.18062253397606,0.40851055479563314,0.49001431310180327,-0.08150375830617013,55.70757645849017
2019-06-20,33.89,34.56,33.89,34.48,1009120,99.00071377587507,0.4439530401566998,0.48080205851278257,-0.036849018356082786,59.74075602313278
2019-06-21,34.72,34.72,33.93,34.17,757270,80.71312803889771,0.4419327305090235,0.47302819291203074,-0.031095462403007257,56.81347874435856
2019-06-24,34.33,34.33,33.89,33.93,498780,37.7304964539003,0.4161682972465002,0.46165621377892463,-0.045487916532424455,54.58355902327141
2019-06-25,33.93,33.93,33.38,33.38,1131940,-52.64979450573194,0.3473651851776083,0.43879800805866137,-0.09143282288105309,49.76317074666364
2019-06-26,33.3,33.38,32.86,32.86,1139200,-155.88300960035767,0.24801955395351882,0.4006423172376329,-0.15262276328411406,45.65772968281714
2019-06-27,33.06,33.14,32.59,32.59,822260,-159.2489310280725,0.14581976249358064,0.34967780628882245,-0.2038580437952418,43.644353414340316
2019-06-28,32.59,33.22,32.59,33.22,662860,-105.79034597058205,0.1143433473897133,0.30261091450900063,-0.18826756711928733,49.26608933954045
2019-07-01,33.49,33.53,33.14,33.22,296100,-54.82253086419815,0.08837928031528719,0.25976458767025795,-0.17138530735497076,49.26608933954045
2019-07-02,33.46,33.46,33.06,33.22,296650,-55.277242560479614,0.06702989123628811,0.22121764838346397,-0.15418775714717586,49.26608933954045
2019-07-03,33.22,33.22,32.98,33.06,225240,-72.79706857441974,0.0367757557329611,0.1843292698533634,-0.1475535141204023,47.7550162046667
2019-07-04,33.22,33.49,33.22,33.46,467430,-18.447424547869996,0.04456210819351014,0.15637583752139275,-0.11181372932788261,51.74019362939717
2019-07-05,33.53,33.57,33.34,33.38,466800,-11.209130346172778,0.043772930113384234,0.13385525603979104,-0.0900823259264068,50.90388103522932
2019-07-08,33.26,33.93,33.18,33.93,850800,28.023648648648564,0.08653043526299342,0.12439029188443151,-0.03785985662143809,56.15139663406532
2019-07-09,33.93,34.01,33.69,33.85,489360,59.920911839962265,0.11266203690142618,0.12204464088783044,-0.009382603986404267,55.22676622867054
2019-07-10,33.81,34.52,33.81,34.21,1895640,121.22788139646339,0.160569564830098,0.12974962567628395,0.030819939153814035,58.535636977575756
2019-07-11,34.4,34.64,34.05,34.56,1048620,156.2050568313628,0.22419432813796902,0.14863856616862098,0.07555576196934805,61.51359717330912
2019-07-12,34.52,35.04,34.44,34.72,1585470,176.66971173365727,0.28425140106421765,0.1757611331477403,0.10849026791647734,62.82790633399045
2019-07-15,34.72,34.72,34.52,34.6,584740,123.8204735138828,0.31849268154986277,0.2043074428281648,0.11418523872169797,61.14146211657352
2019-07-16,34.68,35.04,33.06,33.3,3059790,16.035353535354577,0.2379866456733737,0.21104328339720657,0.026943362276167115,46.560560429584505
2019-07-17,33.3,33.73,33.06,33.61,1039330,-37.93477189870891,0.19692936234366698,0.20822049918649865,-0.011291136842831673,49.644450750384856
2019-07-18,33.3,33.69,33.3,33.61,397910,-36.213926396610944,0.1625177658620629,0.1990799525216115,-0.03656218665954861,49.644450750384856
2019-07-19,33.61,33.61,33.18,33.26,718570,-65.85027479856923,0.10578483111593329,0.18042092824047587,-0.07463609712454258,46.15668464501947
2019-07-22,33.22,33.61,33.18,33.22,553500,-69.85620067034232,0.05693954228502207,0.1557246510493851,-0.09878510876436303,45.761000377511735
2019-07-23,33.22,34.01,33.22,33.77,716430,-26.04001642903283,0.06189620155100073,0.13695896114970824,-0.0750627595987075,51.870590696565046
2019-07-24,33.85,33.93,33.61,33.61,605350,-22.40618101545215,0.052310721471059196,0.12002931321397843,-0.06771859174291923,50.102510802859676
2019-07-25,33.46,33.89,33.46,33.85,462160,-24.202483285577827,0.06334989552271963,0.10869342967572668,-0.04534353415300704,52.70660747641471
2019-07-26,33.93,33.93,33.69,33.81,421020,-11.763945446317912,0.06808600173957302,0.10057194408849594,-0.03248594234892292,52.21747364843502
2019-07-29,33.69,33.69,33.22,33.61,325580,-62.25992914413561,0.05506630146230407,0.09147081556325756,-0.036404514100953494,49.73230474942711
2019-07-30,33.22,33.53,33.14,33.14,477390,-97.14322564003325,0.006745267895063023,0.07452570602961865,-0.06778043813455563,44.3861659288405
2019-07-31,32.94,33.14,32.74,32.94,552290,-146.63282571911873,-0.04714437684160089,0.05019168945537474,-0.09733606629697564,42.302242043848494
2019-08-01,32.82,32.98,32.59,32.59,487820,-177.17250324254192,-0.11674857853737564,0.016803635856824664,-0.13355221439420029,38.86350535703105
2019-08-02,32.27,32.27,31.48,31.64,949220,-275.45465641401375,-0.24573479264617504,-0.03570404984377527,-0.21003074280239975,31.401907896747016
2019-08-05,31.64,32.03,31.6,31.68,424610,-187.79641150482215,-0.34080108811436105,-0.09672345749789243,-0.24407763061646862,31.993957937235905
2019-08-06,31.08,31.56,30.69,30.69,1086940,-195.6707827028096,-0.4903738143288763,-0.17545352886408921,-0.31492028546478706,26.010469498194784
2019-08-07,30.85,31.24,30.85,31.0,659210,-143.48757149440314,-0.5772427728806591,-0.2558113776674032,-0.32143139521325587,30.39989387489173
2019-08-08,31.0,31.6,30.85,31.6,321310,-95.86563307493545,-0.5908609851604822,-0.322821299166019,-0.26803968599446326,38.05918308259045
2019-08-09,31.24,31.64,31.08,31.12,417620,-83.59834900872866,-0.6330876644662098,-0.38487457222605714,-0.24821309224015264,34.76328311388273
2019-08-12,31.16,31.56,31.08,31.16,281730,-72.35372236544039,-0.6557656876890334,-0.4390527953186524,-0.21671289237038105,35.26637570348148
2019-08-13,30.96,31.2,30.88,31.0,347810,-77.61714626646494,-0.6788237892147322,-0.48700699409786835,-0.19181679511686384,34.132492045272514
2019-08-14,31.16,31.24,31.0,31.0,217170,-67.13969404186832,-0.6891533697352656,-0.5274362692253478,-0.16171710050991783,34.13249204527252
2019-08-15,30.13,31.0,30.13,30.53,420630,-102.45635403978918,-0.7268856237643426,-0.5673261401331468,-0.15955948363119588,30.762866029955603
2019-08-16,30.53,30.85,30.53,30.77,326360,-82.99017628852074,-0.7290190350547654,-0.5996647191174704,-0.12935431593729496,34.32812583135273
2019-08-19,31.0,31.0,30.81,30.88,145610,-62.04518020348346,-0.7136076731306851,-0.6224533099201134,-0.09115436321057169,35.955911702994555
2019-08-20,30.85,31.2,30.85,30.85,324230,-47.936786654959285,-0.6957941254906679,-0.6371214730342243,-0.0586726524564436,35.696044654798534
2019-08-21,30.85,31.16,30.85,31.08,365760,-23.964127107316973,-0.6555607861659745,-0.6408093356605743,-0.014751450505400165,39.317126258879156
2019-08-22,31.24,31.24,30.85,30.85,271630,-28.411256867361146,-0.6349157392743692,-0.6396306163833333,0.004714877108964122,37.06911966612027
2019-08-23,30.92,30.92,30.29,30.53,433570,-156.6713156671309,-0.6370324035128618,-0.639110973809239,0.002078570296377147,34.144040950565206
2019-08-26,30.05,30.53,29.54,29.66,632660,-248.62705092238144,-0.7008328395571155,-0.6514553469588142,-0.049377492598301265,27.73602645001049
2019-08-27,29.74,30.13,28.51,28.51,1169520,-265.9275683665944,-0.8345701288845859,-0.6880783033439686,-0.14649182554061735,21.888333767270428
2019-08-28,28.51,28.87,28.12,28.12,630220,-235.46740128558372,-0.960950396831926,-0.7426527220415601,-0.21829767479036588,20.323426259516584
2019-08-29,28.16,28.71,28.16,28.47,379250,-158.00898838293864,-1.0210950466843194,-0.7983411869701119,-0.22275385971420747,25.47307154132868
2019-08-30,28.67,28.91,28.47,28.67,336220,-108.64946510379625,-1.0406260966064593,-0.8467981688973814,-0.19382792770907797,28.32387841271678
2019-09-03,28.87,28.95,28.16,28.47,343430,-98.29882843845313,-1.0600236303448156,-0.8894432611868682,-0.1705803691579474,27.203253913438562
2019-09-04,28.47,28.47,27.8,27.8,388440,-108.47407407407448,-1.1165883803638152,-0.9348722850222576,-0.18171609534155764,23.80534753985334
2019-09-05,28.27,28.35,27.8,27.8,306880,-93.33889004653749,-1.1481808382947811,-0.9775339956767624,-0.17064684261801877,23.80534753985334
2019-09-06,27.84,27.88,27.09,27.13,522990,-111.15828122310863,-1.2132953755535745,-1.0246862716521248,-0.1886091039014497,20.793169648768757
2019-09-09,27.05,27.21,26.06,26.38,993180,-139.3453573814295,-1.3103133705505954,-1.081811691431819,-0.2285016791187764,18.041205412208118
2019-09-10,26.38,26.38,25.31,25.55,1074770,-164.41348073084617,-1.437603100299821,-1.1529699732054195,-0.2846331270944016,15.583212657313188
2019-09-11,25.47,25.98,25.39,25.98,508540,-141.36115594496965,-1.4866465854275646,-1.2197052956498484,-0.26694128977771614,21.546712864038163
2019-09-12,26.1,27.13,26.1,27.05,468280,-74.04801579954325,-1.4227730015769033,-1.2603188368352594,-0.16245416474164398,34.03459176163144
2019-09-13,27.05,27.29,26.5,27.05,416510,-50.46547540260329,-1.3565156580861952,-1.2795582010854465,-0.07695745700074874,34.03459176163143
2019-09-16,26.97,27.05,26.26,26.34,504630,-65.20511542933079,-1.3457839427235463,-1.2928033494130664,-0.052980593310479884,30.3204603769898
2019-09-17,26.34,26.34,25.94,26.1,553770,-82.9167740273126,-1.341184633619207,-1.3024796062542945,-0.03870502736491255,29.161973280444297
2019-09-18,26.1,26.73,26.1,26.5,401290,-52.31182795698932,-1.290388199037526,-1.3000613248109407,0.009673125773414615,33.70817613627388
2019-09-19,26.57,26.81,26.5,26.81,249340,-26.018858417908366,-1.2111557993050113,-1.282280219709755,0.07112442040474365,37.07847181323285
2019-09-20,26.81,26.89,26.34,26.38,383340,-33.28616599409567,-1.1695787818586858,-1.259739932139541,0.09016115028085525,34.461306145028445
2019-09-23,26.38,26.42,26.14,26.14,244580,-60.005283317923514,-1.1428209615590426,-1.2363561380234414,0.0935351764643988,33.05874061088181
2019-09-24,26.18,26.42,26.14,26.22,194130,-49.89085352543089,-1.1024514902523812,-1.2095752084692293,0.10712371821684807,34.022679564096705
2019-09-25,26.22,26.42,26.14,26.26,280240,-35.99511599511579,-1.0550685541545413,-1.1786738776062917,0.12360532345175046,34.53031344616845
2019-09-26,26.26,26.3,25.86,25.98,430850,-71.41673570836849,-1.0282577802413684,-1.148590658133307,0.12033287789193858,32.63730339424644
2019-09-27,26.1,26.14,25.9,25.94,224060,-73.00115874855126,-0.9987250339533666,-1.118617533297319,0.1198924993439523,32.364339134989436
2019-09-30,25.98,26.65,25.98,26.57,464990,9.926470588233887,-0.9139489502923617,-1.0776838166963274,0.16373486640396573,40.76706188873455
2019-10-01,26.61,26.61,26.42,26.57,241630,35.13609049133945,-0.8371135690731428,-1.0295697671716906,0.19245619809854775,40.76706188873454
2019-10-02,26.57,26.57,26.1,26.22,364760,-27.559661277906784,-0.7952953807210683,-0.9827148898815661,0.18741950916049777,37.74566202679161
2019-10-03,25.78,26.06,25.74,25.94,243500,-139.4114114114141,-0.7758048299526799,-0.9413328778957888,0.16552804794310894,35.480186589508996
2019-10-04,25.94,26.53,25.94,26.22,203770,-21.388120637430866,-0.729357192399636,-0.8989377407965582,0.16958054839692216,39.39732390859045
2019-10-07,26.22,26.34,25.82,25.82,181890,-104.38828115176779,-0.7165636622096478,-0.8624629250791761,0.14589926286952826,36.03183107715283
2019-10-08,26.06,26.38,25.82,26.38,335530,-25.057790106336476,-0.653701908787756,-0.8207107218208921,0.16700881303313608,43.330505698217394
2019-10-09,26.34,27.6,26.18,27.52,1391720,264.38000552333386,-0.5060614819325657,-0.7577808738432268,0.25171939191066106,54.66944911938083
2019-10-10,27.68,28.47,27.6,28.04,1067610,307.0924690181088,-0.3431402189328274,-0.6748527428611469,0.3317125239283195,58.72622162875826
2019-10-11,27.92,28.04,27.68,27.76,556930,177.53832075039858,-0.2339211072500369,-0.586666415738925,0.3527453084888881,55.8289545974805
2019-10-14,27.76,27.84,27.56,27.68,506600,119.89241244404147,-0.15206657693160963,-0.4997464479774619,0.3476798710458523,54.9941409767047
2019-10-15,27.76,28.39,27.6,28.24,691580,123.87157695939482,-0.04153021754331121,-0.40810320189063176,0.36657298434732055,59.55340479092301
2019-10-16,28.67,28.67,28.27,28.27,498840,122.59457351384465,0.04793878445656219,-0.31689480462119296,0.36483358907775515,59.788419326112695
2019-10-17,28.47,28.47,27.88,27.92,310880,82.70476190476124,0.08956904204100269,-0.23560203528875384,0.32517107732975653,55.720614344634846
2019-10-18,27.76,28.08,27.44,27.44,427470,41.12654320987632,0.08287401260384542,-0.17190682571023397,0.2547808383140794,50.63278278006395
2019-10-21,27.44,27.44,27.09,27.09,320520,1.1037140854934768,0.048763958057879364,-0.1277726689566113,0.17653662701449066,47.245228423000285
2019-10-22,27.13,27.92,27.13,27.88,311610,32.310037012845505,0.0845037847462784,-0.08531737821603336,0.16982116296231176,54.6245896744179
2019-10-23,27.88,28.0,27.6,27.6,352990,33.409494795633044,0.0892058850321007,-0.050412725566406545,0.13961861059850725,51.85592092123369
2019-10-24,27.6,27.92,27.48,27.92,278870,31.27242495843205,0.11740034098216867,-0.016850112256691502,0.13425045323886017,54.6828936130051
2019-10-25,28.08,28.27,27.92,28.16,360100,77.65020351132907,0.1572974179688913,0.017979393788425058,0.13931802418046624,56.73482638193491
2019-10-28,28.16,28.31,27.68,27.76,276140,28.4501061571121,0.15485441654288934,0.04535439833931791,0.10950001820357143,52.470507679630316
2019-10-29,27.76,28.0,27.68,27.88,312200,-1.7184331305370664,0.16074831096362274,0.06843318086417888,0.09231513009944387,53.59731326264825
2019-10-30,27.88,28.0,27.76,27.8,351700,2.5579536370893634,0.1571523785472344,0.08617702040078998,0.07097535814644443,52.700313277464396
2019-10-31,27.68,27.84,27.6,27.68,394190,-41.992337164752314,0.14297149271049392,0.09753591486273076,0.045435577847763156,51.313067734850584
2019-11-01,27.92,28.91,27.88,28.87,1540650,173.09594460929614,0.22516058223771296,0.12306084833772721,0.10209973389998575,61.99656402996979
2019-11-04,28.95,28.95,28.47,28.83,867720,171.96738022426075,0.2837969277962138,0.1552080642294245,0.12858886356678928,61.50799015299048
2019-11-05,28.79,28.87,28.55,28.83,406220,151.20887831945927,0.3265029315494985,0.1894670376934393,0.1370358938560592,61.50799015299049
2019-11-06,28.75,28.79,28.31,28.39,536950,86.91093238010085,0.3211415050707416,0.21580193116889976,0.10533957390184182,55.88908533060175
2019-11-07,28.39,28.71,28.39,28.63,313150,83.70159580403842,0.33242652415352936,0.23912684976582568,0.09329967438770367,58.1355950937256
2019-11-08,28.79,28.79,28.47,28.55,264110,74.64715107161507,0.3310979604815998,0.2575210719089805,0.07357688857261929,57.091837385375975
2019-11-11,28.71,28.83,28.43,28.43,412590,57.927590511860174,0.31671121731434226,0.26935910099005284,0.04735211632428943,55.482707279864506
2019-11-12,28.43,28.71,28.16,28.59,452140,37.59704721904084,0.31459384056148565,0.2784060489043394,0.03618779165714625,57.21427490201273
2019-11-13,28.55,28.63,28.31,28.35,299670,20.503455437388876,0.290204513013677,0.28076574172620694,0.00943877128747006,53.8318661514538
2019-11-14,28.39,28.59,28.16,28.16,332150,-9.487033882264871,0.25263219641053425,0.2751390326630724,-0.02250683625253813,51.24881752048924
2019-11-15,28.39,28.39,27.76,27.84,487800,-81.0105949470247,0.19478913130652842,0.2590690523917636,-0.06427992108523517,47.14567966022437
2019-11-18,27.84,28.08,27.4,27.44,276560,-148.93617021276555,0.11534183948650423,0.2303236098107117,-0.11498177032420748,42.55880968865225
2019-11-19,27.4,27.68,27.37,27.48,185980,-155.74052054432477,0.054973256556440475,0.19525353915985746,-0.140280282603417,43.1544114571022
2019-11-20,27.76,27.76,27.48,27.52,197170,-134.85663082437281,0.01024034108067795,0.15825089954402155,-0.1480105584633436,43.782168109339615
2019-11-21,27.52,27.68,27.44,27.52,216420,-111.06697561513906,-0.024923513962505695,0.1216160168427161,-0.1465395308052218,43.782168109339615
2019-11-22,27.52,27.64,26.73,26.73,607680,-150.28756119587462,-0.11520945721329312,0.07425092203151425,-0.18946037924480735,34.94332783711444
2019-11-25,26.61,26.65,26.1,26.57,428140,-179.65784875452098,-0.19739691181475294,0.019921355262260812,-0.21731826707701374,33.46957129513643
2019-11-26,26.73,26.85,26.57,26.81,198510,-118.62358812713464,-0.24039395559863763,-0.032141706909918875,-0.20825224868871875,37.71316401752691
2019-11-27,26.81,27.13,26.73,27.13,284510,-79.7505642909064,-0.24581450037975827,-0.07487626560388676,-0.1709382347758715,42.93922485413969
2019-11-28,27.13,27.44,26.77,27.25,387800,-55.013550135501596,-0.23768741152873218,-0.10743849478885584,-0.13024891673987635,44.80930410614504
2019-11-29,27.13,27.68,27.13,27.64,330370,-5.865594100888874,-0.19750023466221478,-0.12545084276352764,-0.07204939189868714,50.488612901068095
2019-12-02,27.68,27.8,27.29,27.76,585250,24.35110393107114,-0.15419119028346628,-0.13119891226751537,-0.022992278015950912,52.12119211817131
2019-12-03,27.76,28.04,27.29,28.0,520910,61.97660818713454,-0.0993571391003023,-0.12483055763407276,0.025473418533770456,55.296087256225114
2019-12-04,28.04,28.08,27.84,28.08,292750,108.42698340185768,-0.048881946417193234,-0.10964083539069686,0.06075888897350362,56.33547648344416
2019-12-05,28.08,28.31,28.08,28.27,456310,140.66193853427842,0.006377899091422279,-0.08643708849427303,0.09281498758569531,58.786356133350594
2019-12-06,28.27,28.31,27.8,27.8,582610,89.21160651096899,0.012107089742428911,-0.06672825284693265,0.07883534258936156,51.13956496238554
2019-12-09,27.44,27.8,27.29,27.4,226580,10.599744789451856,-0.015451032565103162,-0.05647280879056675,0.04102177622546359,45.69214282781659
2019-12-10,27.52,27.52,26.97,27.05,152340,-36.33405041646004,-0.06478630180815159,-0.05813550739408372,-0.006650794414067872,41.52414540745344
2019-12-11,26.97,27.13,26.85,26.97,137730,-58.858195211786416,-0.10908275147939506,-0.06832495621114598,-0.040757795268249075,40.61224062670491
2019-12-12,27.29,27.37,27.01,27.37,154360,-20.74498567335188,-0.11063600690296838,-0.07678716634951047,-0.03384884055345791,46.8922640603419
2019-12-13,27.37,27.68,27.37,27.37,120870,3.91576176373746,-0.11059213571741466,-0.0835481602230913,-0.027043975494323358,46.892264060341894
2019-12-16,27.37,27.48,27.01,27.05,159640,-65.3088042049922,-0.1348245199940621,-0.09380343217728546,-0.04102108781677663,42.70261058722436
2019-12-17,27.17,27.17,26.73,26.73,242640,-125.1741293532336,-0.17780061001144531,-0.11060286774411743,-0.06719774226732789,38.954446279344054
2019-12-18,26.89,26.89,26.22,26.34,269700,-168.63423817331636,-0.2405562291417418,-0.1365935400236423,-0.1039626891180995,34.93036594369551
2019-12-19,26.34,27.13,26.14,27.05,219280,-96.72006102212056,-0.23034417884050384,-0.1553436677870146,-0.07500051105348923,45.88936023416753
2019-12-20,27.29,27.29,26.73,26.77,99440,-62.591582437564405,-0.242054462178956,-0.1726858266654029,-0.0693686355135531,42.82609120594969
2019-12-23,26.89,27.25,26.77,27.17,193480,-35.96521341114535,-0.21656189827399785,-0.18146104098712187,-0.03510085728687598,48.15086647652717
2019-12-24,27.25,27.29,26.73,26.89,161890,-45.565840549418,-0.2164573322712613,-0.18846029924394975,-0.027997033027311546,44.992066928360316
2019-12-25,26.73,27.09,26.73,27.05,131980,-39.09685086155496,-0.20114512435149834,-0.19099726426545946,-0.010147860086038879,47.12659501905522
2019-12-26,27.05,27.13,26.81,26.81,90240,-40.053853921237085,-0.2060014272707562,-0.1939980968665188,-0.0120033304042374,44.34678792216565
2019-12-27,26.81,26.89,26.73,26.81,286840,-69.54683577751324,-0.20745862839244467,-0.196690203171704,-0.010768425220740674,44.34678792216566
2019-12-30,26.89,27.29,26.81,26.81,339280,-1.7493568540974818,-0.20623610928957703,-0.1985993843952786,-0.0076367248942984245,44.34678792216565
2019-12-31,26.81,26.81,26.26,26.69,490540,-134.76318141197348,-0.21250067569856057,-0.201379642655935,-0.011121033042625572,42.771264928284054
2020-01-02,26.69,27.17,26.5,27.13,134600,4.3756359936047335,-0.1798874365523382,-0.19708120143521562,0.017193764882877438,49.81200820320162
2020-01-03,27.29,27.29,26.85,26.97,151600,72.67759562841484,-0.1650492869471556,-0.19067481853760362,0.02562553159044803,47.522432467190534
2020-01-06,26.97,26.97,26.42,26.5,176000,-106.03483191575359,-0.18903592999782504,-0.1903470408296479,0.0013111108318228648,41.48958175453143
2020-01-07,26.57,26.65,26.18,26.46,108420,-150.5701926858055,-0.2088655115332756,-0.19405073497037345,-0.014814776562902143,41.012397732335685
2020-01-08,26.1,26.34,25.7,25.7,386610,-258.15602836879333,-0.2826480553398767,-0.2117701990442741,-0.07087785629560259,33.19943411081515
2020-01-09,26.1,26.26,25.78,25.78,199950,-173.24273310683407,-0.33085206481410623,-0.23558657219824053,-0.0952654926158657,34.61152588363152
2020-01-10,25.98,25.98,25.7,25.78,161600,-151.64248476854425,-0.36484834500258856,-0.2614389267591101,-0.10340941824347843,34.611525883631515
2020-01-13,25.78,25.9,25.74,25.78,127840,-122.07169537826955,-0.38732579136105727,-0.28661629967949953,-0.10070949168155774,34.61152588363152
2020-01-14,25.78,25.86,25.23,25.47,262760,-132.93859649122777,-0.42525170185431804,-0.3143433801144632,-0.11090832173985482,31.399149511310863
2020-01-15,25.35,25.47,25.15,25.19,247290,-133.56964853484578,-0.47245574338773366,-0.3459658527691173,-0.12648989061861637,28.799187880508292
2020-01-16,25.31,26.1,25.23,26.1,241750,-55.9149582384201,-0.43146226318299696,-0.36306513485189323,-0.06839712833110373,44.79754796577851
2020-01-17,26.1,26.1,25.74,25.74,155850,-42.683700280873246,-0.4231458640119605,-0.37508128068390667,-0.048064583328053856,40.88384348831424
2020-01-20,25.74,25.86,25.39,25.43,158270,-75.37797508940665,-0.4365373362966274,-0.38737249180645084,-0.04916484449017655,37.81978717360289
2020-01-21,25.7,26.06,25.51,25.9,225710,-32.168211130980794,-0.40456156858465064,-0.3908103071620908,-0.013751261422559835,44.59905853800802
2020-01-22,25.9,25.94,25.78,25.94,129780,-13.262636974196006,-0.3717080574874103,-0.38698985722715473,0.015281799739744417,45.147179729171604
2020-01-30,24.44,25.39,24.16,24.16,1031650,-258.13648293963223,-0.4837264398757526,-0.4063371737568743,-0.07738926611887831,30.626169667511462
2020-01-31,23.02,23.17,22.5,22.5,1098740,-329.78835336489607,-0.6983992301814261,-0.46474958504178465,-0.23364964513964148,23.148557936751203
2020-02-03,20.96,21.67,20.96,21.35,1041750,-262.1359678421157,-0.9503690889088752,-0.5618734858152028,-0.38849560309367237,19.58163578444131
2020-02-04,21.87,21.87,20.64,21.12,1066590,-178.93682405473731,-1.1552985327676026,-0.6805584952056828,-0.47474003756191985,18.95263110238389
2020-02-05,21.35,21.39,20.92,20.96,661210,-136.9550441790463,-1.3154535268703924,-0.8075375015386247,-0.5079160253317677,18.507258166218737
2020-02-06,20.72,20.96,20.56,20.88,1565540,-115.44057529913759,-1.4323219293512643,-0.9324943871011526,-0.4998275422501117,18.276003642496015
2020-02-07,21.2,22.15,21.12,22.15,1155030,-67.21493487168938,-1.4062521942083421,-1.0272459485225904,-0.3790062456857517,32.66109491358456
2020-02-10,22.15,22.15,21.43,21.59,411790,-60.102807433768405,-1.4144738866837372,-1.1046915361548197,-0.30978235052891745,30.14168120765488
2020-02-11,21.39,21.67,21.39,21.51,487720,-58.40318405236788,-1.4111777894871516,-1.1659887868212861,-0.2451890026658654,29.788173195368362
2020-02-12,21.51,22.15,21.51,22.07,729410,-39.35596170583109,-1.3478412143104883,-1.2023592723191265,-0.14548194199136177,35.49153859227167
2020-02-13,21.51,22.15,21.51,21.75,671580,-37.639423180245494,-1.3083855931400485,-1.223564536483311,-0.08482105665673756,33.80184497401789
2020-02-14,21.99,22.03,21.51,21.55,437250,-36.26794747330212,-1.2785171082556275,-1.2345550508377743,-0.043962057417853195,32.75232672291851
2020-02-17,21.35,21.35,20.96,21.08,711840,-64.42426743706142,-1.2780387556167696,-1.2432517917935733,-0.03478696382319635,30.366204691940506
2020-02-18,21.16,21.75,21.12,21.28,468930,-44.49347087233831,-1.2471450177302934,-1.2440304369809172,-0.0031145807493762057,32.615905231488625
2020-02-19,21.59,21.59,21.28,21.28,279240,-29.223477470457578,-1.2087280434006615,-1.236969958264866,0.028241914864204576,32.615905231488625
2020-02-20,21.43,21.75,21.28,21.35,509880,3.580246913579383,-1.1592705501976646,-1.2214300766514259,0.06215952645376133,33.48815537518801
2020-02-21,21.24,21.28,20.96,21.28,668070,-65.12729425695743,-1.1128947871446293,-1.1997230187500665,0.08682823160543718,33.0277427461171
2020-02-24,20.88,21.12,19.81,19.81,1136480,-218.4466341528154,-1.1811428954404626,-1.1960069940881457,0.014864098647683122,25.19416787393032
2020-02-25,18.63,19.22,18.63,18.9,970060,-282.5803749083679,-1.2937459102541133,-1.2155547773213393,-0.07819113293277402,21.75434651817692
2020-02-26,18.82,18.82,18.19,18.27,1109560,-220.47576031315916,-1.417480512626586,-1.2559399243823886,-0.16154058824419737,19.744487581170347
2020-02-27,18.19,18.9,18.19,18.59,674960,-148.10013210631226,-1.472742887560841,-1.2993005170180791,-0.1734423705427619,23.605284563210535
2020-02-28,18.51,18.51,18.11,18.19,783100,-127.46282483952983,-1.5311650572379811,-1.3456734250620594,-0.18549163217592168,22.169613611006543
2020-03-02,18.11,18.11,17.28,17.56,1300540,-127.51455927351668,-1.6097446482130877,-1.398487669692265,-0.2112569785208227,20.096464347976127
2020-03-03,17.8,18.19,17.8,17.95,789840,-92.39934838259256,-1.6218540753507007,-1.4431609508239522,-0.17869312452674846,24.785492139957338
2020-03-04,17.95,19.18,17.87,19.18,1625180,-48.89037582246035,-1.5147391926197642,-1.4574765991831147,-0.05726259343664952,37.285492220016714
2020-03-05,19.61,20.48,19.3,20.41,2161890,20.043731778425446,-1.3154356327294856,-1.4290684058923888,0.11363277316290321,46.80591851531392
2020-03-06,20.17,20.21,19.61,19.73,782600,14.864158829676024,-1.1985404147786483,-1.3829628076696407,0.1844223928909925,42.926207463254364
2020-03-09,18.39,18.51,18.39,18.39,1236390,-54.94133349269895,-1.2001918489792303,-1.3464086159315587,0.14621676695232844,36.50481353286379
2020-03-10,17.12,18.43,17.12,18.19,1358740,-78.31076682005282,-1.2037627236494401,-1.317879437475135,0.11411671382569488,35.647681043891914
2020-03-11,18.51,18.51,17.52,17.83,945960,-72.47125277385517,-1.2215602724805237,-1.2986156044762127,0.07705533199568904,34.09580865483162
2020-03-12,17.16,17.4,16.61,16.61,1190690,-157.4492367682726,-1.318905243530736,-1.3026735322871175,-0.016231711243618552,29.42136848445143
2020-03-13,15.82,16.61,15.46,16.45,942390,-192.44459002074484,-1.3929059445697298,-1.32072001474364,-0.07218592982608985,28.86250281269469
2020-03-16,16.45,16.61,15.98,16.29,432720,-145.2684434144459,-1.4477736625396531,-1.3461307443028425,-0.1016429182368106,28.283915665903343
2020-03-17,16.13,16.77,15.82,16.77,746910,-110.31200423056599,-1.4359717474159233,-1.3640989449254586,-0.07187280249046468,32.64609495822085
2020-03-18,16.77,17.0,16.37,16.45,782900,-82.48611404063838,-1.4358879478470108,-1.378456745509769,-0.05743120233724186,31.28010179846411
2020-03-19,16.21,16.37,15.66,15.74,1030030,-106.66581940649412,-1.4760970741352146,-1.397984811234858,-0.07811226290035655,28.436989842198084
2020-03-20,15.66,16.13,15.66,15.74,739420,-92.61762756792565,-1.4907783317782801,-1.4165435153435424,-0.07423481643473773,28.43698984219809
2020-03-23,15.66,15.66,14.67,14.67,1101930,-116.53363740022796,-1.5706479401108417,-1.4473644002970023,-0.12328353981383944,24.53871530122723
2020-03-24,14.35,14.71,13.84,14.47,716080,-132.30197492350027,-1.6312791382048921,-1.4841473478785803,-0.14713179032631185,23.879769299910006
2020-03-25,14.83,15.26,14.79,15.26,810880,-89.9996983317747,-1.597172194965701,-1.5067523172960045,-0.0904198776696965,31.683550291081858
2020-03-26,15.26,15.58,14.87,15.3,562310,-75.76182740117149,-1.5490579551633061,-1.5152134448694647,-0.03384451029384139,32.06332570282709
2020-03-27,15.11,15.82,15.11,15.26,808780,-55.91586327782643,-1.496899414518543,-1.5115506387992803,0.014651224280737285,31.872515069487434
2020-03-30,14.63,14.95,14.24,14.32,998870,-114.66011466011409,-1.5139615332211562,-1.5120328176836555,-0.0019287155375007359,27.700597750154415
2020-03-31,14.87,14.87,14.08,14.08,1126200,-112.71858368632564,-1.5292214662990293,-1.5154705474067303,-0.013750918892299069,26.738274867815214
2020-04-01,14.08,14.75,14.04,14.63,1344060,-89.89164948116112,-1.4798755851913903,-1.5083515549636624,0.02847596977227207,32.52350106158204
2020-04-03,14.63,15.26,14.63,15.26,826490,-28.40112935271348,-1.3740931930393518,-1.4814998825788002,0.10740668953944832,38.51298187721774
2020-04-06,15.66,16.33,15.66,16.33,1510090,83.19948602634142,-1.190199943426908,-1.4232398947484217,0.23303995132151378,47.10132424896844
2020-04-07,16.61,16.93,15.82,16.06,1547550,104.1671235881126,-1.0540989650305246,-1.3494117088048423,0.2953127437743177,45.378883110393026
2020-04-08,15.26,15.74,15.19,15.66,987730,38.06986382474842,-0.9673634524404164,-1.2730020575319572,0.3056386050915407,42.877274547957924
2020-04-09,15.66,16.49,15.5,16.33,1629860,105.56277994509449,-0.8349369003833189,-1.1853890261022295,0.3504521257189106,48.0438416973152
2020-04-10,16.61,17.44,16.25,17.44,2440190,177.748497944556,-0.6331219447786598,-1.0749356098375156,0.4418136650588558,55.263090310951334
2020-04-13,18.63,18.63,18.19,18.63,1751120,220.85493898821062,-0.37286097449263167,-0.9345206827685388,0.5616597082759072,61.4477199920602
2020-04-14,19.61,19.61,17.4,18.55,2779780,169.17464660282758,-0.17108544535694037,-0.7818336352862192,0.6107481899292788,60.83880578212296
2020-04-15,17.95,19.22,17.8,19.14,1763390,144.0672357884987,0.03601601416939104,-0.6182637053950971,0.6542797195644882,63.696071724268336
2020-04-16,19.14,19.38,18.82,19.26,1633830,129.65585906762394,0.2074372030954983,-0.45312352369697806,0.6605607267924763,64.26712498474842
2020-04-17,19.38,20.52,19.34,20.44,2561940,135.49844172604585,0.4335086507943515,-0.2757970887987121,0.7093057395930636,69.36940080554504
2020-04-20,20.96,21.87,20.8,21.87,3756320,152.94562025563255,0.7197639599510701,-0.07668487904875565,0.7964488389998258,74.1808567396554
2020-04-21,21.87,22.94,20.96,21.51,3415200,135.61061663058285,0.9071176755587409,0.12007563187274367,0.7870420436859973,71.15079201439045
2020-04-22,21.51,21.75,20.56,21.51,1530240,104.33255545340984,1.0435672513133696,0.30477395576086885,0.7387932955525007,71.15079201439045
2020-04-23,22.54,22.54,21.83,21.99,1520660,117.11580048002652,1.176870283584794,0.4791932213256539,0.6976770622591401,72.86475675376171
2020-04-24,21.99,21.99,21.31,21.63,1101860,85.89634864546524,1.2391804053520374,0.6311906581309306,0.6079897472211069,69.5283729691748
2020-04-27,21.67,21.75,20.96,21.0,1365730,61.394557823129496,1.2236207525445835,0.7496766770136611,0.4739440755309223,64.00510834085496
2020-04-28,21.0,21.0,20.25,20.64,1154220,30.99143275842637,1.1687677966123076,0.8334949009333904,0.33527289567891716,61.0220142060337
2020-04-29,20.72,21.43,20.72,21.28,887800,44.62118534228825,1.163526673911953,0.8995012555291029,0.2640254183828501,64.21512496230223
2020-05-04,21.12,21.24,20.64,20.64,573850,20.12049705033259,1.0951066869084052,0.9386223418049633,0.1564843451034419,59.00918792671812
2020-05-05,20.64,20.8,20.25,20.56,649350,-9.104658197217441,1.0226396693197763,0.9554258073079259,0.06721386201185042,58.37215482307716
2020-05-06,20.56,20.88,20.37,20.88,797520,-9.799295331571996,0.979736568139856,0.9602879594743119,0.019448608665544098,60.2219780202031
2020-05-07,21.16,21.35,21.04,21.12,725660,21.01648900067793,0.9541032373790621,0.9590510150552619,-0.004947777676199805,61.60020621301718
2020-05-08,21.2,21.59,21.12,21.31,1244600,30.7917888563045,0.9383038672687078,0.9549015854979511,-0.016597718229243275,62.70197588652183
2020-05-11,21.31,21.35,21.16,21.28,938070,6.56811124611801,0.9128393594355977,0.9464891402854805,-0.03364978084988279,62.39754984833166
2020-05-12,21.28,21.35,21.08,21.31,989670,7.400312189583855,0.8848789688605336,0.9341671060004911,-0.0492881371399575,62.59313530627164
2020-05-13,21.31,22.3,21.2,22.11,2738210,134.71346504133373,0.9167062529528813,0.9306749353909691,-0.013968682438087798,67.45456406504465
2020-05-14,21.99,22.15,21.91,21.91,1099110,128.37984777093112,0.9152409484331798,0.9275881379994113,-0.012347189566231487,65.17415520542674
2020-05-15,21.87,21.99,21.43,21.63,729330,87.51164337990586,0.8813266392119523,0.9183358382419196,-0.037009199029967244,62.01333919923333
2020-05-18,21.59,21.59,20.96,21.24,1173050,11.446729505855078,0.8136008796886323,0.897388846531262,-0.08378796684262979,57.80798215175604
2020-05-19,21.67,21.99,21.39,21.39,946220,69.9625618398175,0.7632333942536853,0.8705577560757467,-0.1073243618220614,58.96071554107423
2020-05-20,21.75,21.75,21.43,21.55,741240,57.29166666666623,0.7278374054456336,0.842013685949724,-0.11417628050409045,60.209510858415236
2020-05-21,21.59,21.79,21.51,21.59,660700,58.924731182795,0.6950019452063287,0.812611337801045,-0.11760939259471626,60.53284531732188
2020-05-22,21.63,21.67,21.28,21.28,961980,7.266982622431291,0.6366265624523813,0.7774143827313122,-0.140787820278931,56.68823742393395
2020-05-25,21.31,21.31,21.04,21.2,687010,-62.22222222222339,0.5772540937710602,0.7373823249392618,-0.16012823116820163,55.70497837577526
2020-05-26,21.28,21.67,21.24,21.63,1307740,10.227696901826581,0.5584608024250528,0.7015980204364201,-0.14313721801136725,59.74647370402057
2020-05-27,22.07,22.54,22.07,22.15,4179840,192.35836627140822,0.5788539695764712,0.6770492102644303,-0.09819524068795915,64.02159675493981
2020-05-28,22.15,22.3,21.87,21.99,779720,113.56285863327973,0.5754713629905304,0.6567336408096504,-0.08126227781911999,61.84513252029185
2020-05-29,21.91,21.91,21.59,21.75,849850,28.52704678362502,0.5471177952894024,0.6348104717056008,-0.08769267641619838,58.625631904209776
2020-06-01,22.38,22.38,21.75,21.91,1088590,84.48826805441364,0.5314320337538803,0.6141347841152567,-0.08270275036137642,60.116269880181946
2020-06-02,21.91,22.03,21.71,21.71,933450,33.30545488337326,0.49713199797814056,0.5907342268878335,-0.09360222890969294,57.33553629152341
2020-06-03,21.71,21.71,21.51,21.63,534160,-15.370539798721792,0.4582116622794494,0.5642297139661567,-0.1060180516867073,56.21540892925414
2020-06-04,21.99,22.42,21.63,22.03,1782690,88.6932177368367,0.45440556835848867,0.5422648848446231,-0.08785931648613443,60.382953994085234
2020-06-05,22.15,22.7,21.99,22.34,2174220,141.76544766708642,0.47097451963570336,0.5280068118028391,-0.05703229216713579,63.298557890381616
2020-06-08,22.54,22.86,22.54,22.74,2200190,174.9155812831644,0.5104974926348191,0.5245049479692352,-0.014007455334416052,66.70362991790111
2020-06-09,22.94,24.08,22.86,23.85,3082330,245.97953216374148,0.6241921581739049,0.5444423900101691,0.0797497681637358,73.93145503436588
2020-06-10,23.89,23.92,23.09,23.65,1710790,174.51410200204535,0.6902014584318898,0.5735942036945133,0.11660725473737654,70.943229312824
2020-06-11,23.73,23.73,22.15,22.15,2610590,55.76281088299071,0.6143944833242507,0.5817542596204608,0.03264022370378994,53.483123973524606
2020-06-12,21.43,22.15,21.43,21.99,2078150,-54.641051567239764,0.535236374811717,0.572450682658712,-0.037214307846994976,52.01264686498389
2020-06-15,21.59,22.15,20.96,21.51,2156210,-96.9922271037511,0.4288277556088893,0.5437260972487474,-0.11489834163985813,47.76940962929298
2020-06-16,21.51,22.18,21.51,22.15,830710,-39.003605375286966,0.3916263843746606,0.51330615467393,-0.12167977029926946,53.24622906614922
2020-06-17,22.38,22.38,21.87,22.11,995810,-17.4595842956122,0.354826148970357,0.48161015353321546,-0.12678400456285843,52.873062560541605
2020-06-18,21.99,21.99,21.71,21.79,478230,-56.1489857000339,0.29642338734054263,0.4445728002946809,-0.14814941295413825,49.8624028347059
2020-06-19,21.75,21.83,21.51,21.63,637820,-72.83236994219664,0.23452466085176127,0.40256317240609696,-0.1680385115543357,48.37906735133489
2020-06-22,21.35,21.55,21.16,21.35,872120,-102.28507019161803,0.16101967957591867,0.3542544738400613,-0.19323479426414264,45.810707267822565
2020-06-23,21.35,21.83,21.28,21.43,531200,-81.33982947624897,0.10797709105979081,0.3049989972840072,-0.1970219062242164,46.6816542633607
2020-06-24,21.51,21.59,21.35,21.35,333470,-81.7441524689572,0.05880723292254331,0.2557606444117144,-0.19695341148917112,45.887405712478085
2020-06-25,20.96,21.35,20.96,21.12,455080,-99.53604371825193,0.0012660935509387627,0.20486173423955928,-0.20359564068862052,43.591095741168566
2020-06-26,21.28,21.43,20.8,20.8,671180,-104.62159281254772,-0.06935748964391664,0.1500178894628641,-0.21937537910678073,40.55062137896294
2020-06-29,20.8,20.8,19.5,19.69,860600,-204.55910792906263,-0.2124459666240064,0.07752511824549,-0.2899710848694964,32.168835173054525
2020-06-30,19.85,20.56,19.73,19.85,576000,-178.12636165577337,-0.309367753812122,0.0001465438339675884,-0.3095142976460896,34.277628312422834
2020-07-01,19.85,20.44,19.85,20.33,280530,-126.11765663471843,-0.3434874702266022,-0.06858025897814637,-0.27490721124845585,40.276328305121524
2020-07-02,20.56,20.56,20.25,20.25,258190,-89.67173738991156,-0.3726868210330849,-0.1294015713891341,-0.24328524964395082,39.6271408971767
2020-07-03,20.41,20.72,20.41,20.48,213820,-58.60215053763457,-0.37296908367596515,-0.17811507384650033,-0.19485400982946482,42.496828022637914
2020-07-06,20.56,20.8,20.48,20.56,208620,-41.800998437559606,-0.36255810331154237,-0.21500367973950874,-0.14755442357203363,43.50275603659947
2020-07-07,20.56,20.96,20.56,20.76,450690,-16.255051638975768,-0.3343152200823063,-0.23886598780806825,-0.09544923227423804,46.04396188382862
2020-07-08,20.8,21.0,20.76,20.8,345230,4.894863840055106,-0.3051868617678615,-0.2521301626000269,-0.053056699167834565,46.5616642932877
2020-07-09,20.8,21.2,20.8,21.04,365740,38.560214436147376,-0.2597422863161718,-0.2536525873432559,-0.006089698972915891,49.6813108026912
2020-07-10,21.04,21.04,20.68,20.88,389310,22.267638173093797,-0.23394106866808428,-0.2497102836082216,0.015769214940137305,47.68279498035685
2020-07-13,20.84,20.96,20.72,20.76,278810,24.421319458341333,-0.22063309394473052,-0.2438948456755234,0.023261751730792868,46.18229497024679
2020-07-14,20.76,20.96,20.72,20.88,283090,45.02009825815026,-0.1981196311962954,-0.2347398027796778,0.036620171583382405,47.94634230247803
2020-07-15,21.04,21.04,20.8,20.92,243980,66.06655755591922,-0.17503222156494402,-0.22279828653673103,0.04776606497178701,48.55171026139817
2020-07-16,20.96,21.0,20.84,20.84,259920,63.42281879194616,-0.1613308924057364,-0.2105048077105321,0.0491739153047957,47.36527799703928
2020-07-17,20.88,20.88,20.64,20.72,241890,19.999024913460893,-0.15833035369233173,-0.20006991690689202,0.041739563214560294,45.56656987564907
2020-07-20,20.72,20.84,20.56,20.56,257240,-25.22279925626885,-0.16693870252151655,-0.19344367402981694,0.02650497150830039,43.21037061083693
2020-07-21,20.56,20.72,20.37,20.48,225820,-99.04849600982223,-0.17816246639029032,-0.19038743250191162,0.0122249661116213,42.039843551904
2020-07-22,20.64,20.64,20.41,20.41,162030,-129.94011976047835,-0.19050971766764846,-0.190411889535059,-9.782813258946144e-05,40.99343680063001
2020-07-23,20.41,20.56,20.41,20.41,203920,-134.14440203562424,-0.19801243912235478,-0.19193199945251815,-0.006080439669836624,40.99343680063
2020-07-24,20.41,20.52,18.98,19.26,898830,-305.9505002632948,-0.29337197941738324,-0.21221999544549117,-0.08115198397189208,27.806273194702108
2020-07-27,17.91,17.95,17.91,17.91,844630,-345.3204241585994,-0.4724329072335216,-0.26426257780309725,-0.20817032943042435,19.76724146211552
2020-07-28,16.77,18.19,16.77,18.19,1314370,-214.1399312002533,-0.5850027748133044,-0.3284106172051387,-0.2565921576081657,24.634058636183408
2020-07-29,17.12,17.72,16.93,17.12,1210250,-170.936665598633,-0.7518879670787939,-0.41310608717986974,-0.33878187989892417,19.71301886530263
2020-07-30,17.12,17.68,17.12,17.4,513710,-124.01375316684772,-0.851733767661969,-0.5008316232762896,-0.35090214438567935,23.991988568566978
2020-07-31,17.2,17.24,16.81,17.16,421410,-112.2478765402563,-0.9393994659232945,-0.5885451918056905,-0.35085427411760395,22.86701713603549
2020-08-03,17.0,17.64,16.85,17.64,568280,-81.3417001489774,-0.9590874122428694,-0.6626536358931263,-0.2964337763497431,29.942329525519057
2020-08-04,17.72,18.27,17.72,18.23,820570,-42.662337662337656,-0.9165171432654091,-0.7134263373675829,-0.20309080589782624,37.52788143576518
2020-08-05,18.51,19.1,18.35,18.98,925870,-2.6705673030863144,-0.8128906687871691,-0.7333192036515002,-0.07957146513566893,45.59250593688126
2020-08-06,18.98,18.98,18.35,18.78,773860,-0.7842682738371265,-0.7383925401357025,-0.7343338709483407,-0.004058669187361863,43.96270074510252
2020-08-07,18.35,18.74,18.35,18.7,389600,1.718931475028793,-0.6779920970026652,-0.7230655161592056,0.045073419156540395,43.295994341526
2020-08-10,18.74,18.98,18.67,18.7,544400,24.971363115693137,-0.6229434068328743,-0.7030410942939394,0.08009768746106505,43.295994341526
2020-08-11,18.74,18.98,18.59,18.63,562500,35.47231603725324,-0.5782990665934911,-0.6780926887538496,0.09979362216035859,42.639784584135946
2020-08-12,18.7,19.18,18.7,19.02,948460,75.02076658360012,-0.5056198932823648,-0.6435981296595527,0.13797823637718787,47.42120412339644
2020-08-13,19.77,19.77,19.06,19.77,719630,132.64112662608906,-0.38308641113510333,-0.5914957859546628,0.20840937481955946,55.16181814173049
2020-08-14,19.77,19.77,19.38,19.46,560450,111.71450980392142,-0.30744808283015246,-0.5346862453297607,0.22723816249960826,51.769299971326866
2020-08-17,19.46,19.46,18.82,19.06,658400,64.87717272785596,-0.27659243435385505,-0.4830674831345796,0.20647504878072453,47.693388260730934
2020-08-18,19.06,19.38,19.02,19.06,253430,63.975178086215855,-0.249265730455285,-0.43630713259872067,0.18704140214343568,47.693388260730934
2020-08-19,19.06,19.34,19.06,19.22,194430,66.226521985445,-0.2122517518401068,-0.3914960564469979,0.17924430460689111,49.53653085971767
2020-08-20,19.22,19.22,18.9,19.06,430960,38.754045307443626,-0.19359690532576224,-0.35191622622275076,0.15831932089698852,47.72545312322158
2020-08-21,19.1,19.18,19.02,19.14,331710,36.077972709552135,-0.17039328591622294,-0.3156116381614452,0.14521835224522228,48.73468240569662
2020-08-24,19.38,19.38,19.18,19.34,679010,71.73850984870032,-0.1343175922373412,-0.2793528289766244,0.1450352367392832,51.267716415108545
2020-08-25,19.46,19.69,19.34,19.61,759750,121.24874118831784,-0.08298401351756368,-0.24007906588481226,0.15709505236724858,54.53378023879982
2020-08-26,19.73,19.73,19.5,19.54,471370,114.38900939985473,-0.04740375653178219,-0.20154400401420625,0.15414024748242405,53.532072744198175
2020-08-27,19.46,19.57,19.22,19.46,462700,57.3872014155122,-0.025369039445696018,-0.1663090111005042,0.14093997165480818,52.34860330212354
2020-08-28,19.69,19.69,19.34,19.5,631340,72.57019438444878,-0.00462538315949601,-0.13397228551230256,0.12934690235280655,52.909178582653915
2020-08-31,19.85,20.48,19.77,20.33,1369150,223.95833333333226,0.07789030633151128,-0.09159976714353979,0.16949007347505107,62.711626308636546
2020-09-01,20.72,21.04,20.56,20.96,1425850,285.15151515151524,0.19190812224233866,-0.034898189266364094,0.22680631150870276,68.13382412943206
2020-09-03,21.35,21.35,20.56,20.88,1279610,195.71712896480526,0.2726695663634473,0.026615361859598195,0.2460542045038491,66.80536745883026
2020-09-04,20.41,20.72,20.17,20.72,1125480,105.38674033149222,0.3200733238217133,0.08530695425202123,0.23476636956969205,64.11293411408978
2020-09-07,20.88,21.08,20.72,20.72,954110,111.56021747487533,0.3535654605901897,0.13895865551965492,0.21460680507053476,64.11293411408978
2020-09-08,20.88,20.92,20.56,20.72,320450,83.08943089430903,0.3757765026670299,0.18632222494912992,0.18945427771789997,64.11293411408977
2020-09-09,20.56,20.72,20.48,20.72,286550,63.08789747309894,0.38889596295324935,0.2268369725499538,0.16205899040329555,64.11293411408977
2020-09-10,20.88,20.92,20.68,20.72,465920,67.49836565700583,0.3947428795540979,0.2604181539507826,0.13432472560331532,64.11293411408977
2020-09-11,20.76,20.76,20.64,20.72,350280,53.048098434004615,0.39482530276496774,0.28729958371361963,0.10752571905134811,64.11293411408975
2020-09-14,20.8,21.55,20.8,21.55,1593440,112.78943675448132,0.4566012719157655,0.3211599213540488,0.1354413505617167,72.93863971581264
2020-09-15,21.59,21.59,21.08,21.31,1011440,110.35725991478213,0.48065251530267616,0.3530584401437743,0.12759407515890187,67.75016533446254
2020-09-16,21.51,21.59,21.28,21.28,624310,114.78600261983077,0.49162539812373396,0.38077183173976625,0.1108535663839677,67.1075543787332
2020-09-17,21.28,21.31,21.2,21.2,614640,88.62526168876425,0.4882380510675972,0.4022650756053324,0.08597297546226479,65.32808264523122
2020-09-18,21.2,21.28,21.16,21.24,375150,76.06610237807226,0.4832110634758351,0.41845427317943296,0.06475679029640213,65.81616726675124
2020-09-21,21.24,21.35,21.24,21.24,714820,73.99691358024589,0.47376586164780576,0.4295165908731075,0.04424927077469826,65.81616726675125
2020-09-22,20.96,21.2,20.96,21.08,324540,20.52679382379581,0.4482032008235919,0.43325391286320436,0.014949287960387525,61.78152313597782
2020-09-23,21.28,21.31,21.16,21.24,362250,53.0036813922351,0.4358312790858321,0.4337693861077299,0.0020618929781021644,64.14834993800382
2020-09-24,21.2,21.24,21.12,21.16,409270,30.352303523034944,0.4147896734042753,0.429973443567039,-0.015183770162763677,62.078268706698644
2020-09-25,21.16,21.24,21.08,21.12,320370,17.960042060987224,0.3903862538713838,0.42205600562790796,-0.031669751756524145,61.0180033336479
2020-09-28,21.08,21.2,21.08,21.12,469570,5.955955955956352,0.3668179194353982,0.411008388389406,-0.0441904689540078,61.01800333364788
2020-09-29,21.12,21.28,21.08,21.16,916640,9.020006781958404,0.3473633221486807,0.39827937514126094,-0.05091605299258023,61.775167307079315
2020-09-30,21.12,21.2,21.0,21.12,343720,-46.060606060606744,0.3249716767286195,0.3836178354587326,-0.05864615873011314,60.50945847310064
2020-10-01,21.2,21.75,21.2,21.59,1559450,209.36936936936456,0.34121786135132126,0.37513784063725036,-0.0339199792859291,68.63998532111484
2020-10-02,21.59,21.59,20.8,21.24,929580,-15.956020380802165,0.3221376030203764,0.3645377931138756,-0.04240019009349916,58.91274342295044
2020-10-05,21.28,21.59,21.28,21.43,484960,139.2199612403114,0.3186742940372085,0.35536509329854216,-0.03669079926133367,62.0563078271556
2020-10-06,21.43,21.51,21.2,21.28,550300,71.94593216016169,0.30036344746592647,0.344364764132019,-0.04400131666609253,58.26617796298235
2020-10-07,20.96,21.24,20.96,21.08,466110,-90.36513545347482,0.26663998137770406,0.32881980758115603,-0.06217982620345197,53.56832276115012
2020-10-08,21.08,21.2,21.0,21.08,499750,-78.55091672189096,0.23717983009630217,0.31049181208418525,-0.07331198198788308,53.56832276115012
2020-10-09,21.12,21.16,21.04,21.12,383110,-62.52366633255598,0.21458649413398945,0.29131074849414607,-0.07672425436015662,54.42073519094273
2020-10-12,21.12,21.16,20.84,20.84,637920,-150.97609353794752,0.17210355007082256,0.2674693088094814,-0.09536575873865882,47.804821560879226
2020-10-13,20.88,20.96,20.76,20.76,348660,-184.11458333333408,0.13047613178690654,0.2400706734049664,-0.10959454161805987,46.081108474319606
2020-10-14,20.72,20.96,20.72,20.76,409830,-154.27184466019523,0.09637515014809139,0.2113315687535914,-0.11495641860550002,46.0811084743196
2020-10-15,20.8,20.8,20.56,20.76,461430,-161.12482853223676,0.06855956453194878,0.18277716790926288,-0.1142176033773141,46.08110847431959
2020-10-16,20.76,20.76,20.56,20.6,447420,-141.4852037967618,0.033221888456257176,0.15286611201866174,-0.11964422356240456,42.27355433109209
2020-10-19,20.64,20.76,20.6,20.64,255690,-106.78902703769461,0.008347961178081675,0.12396248185054573,-0.11561452067246406,43.5297790909769
2020-10-20,20.56,20.56,20.25,20.29,739960,-150.58275058275157,-0.03915551986525401,0.09133888150738578,-0.1304944013726398,36.12243830590933
2020-10-21,20.29,20.37,19.93,20.01,596180,-177.50611246943808,-0.09826331247908726,0.05341844271009117,-0.15168175518917842,31.50380444116965
2020-10-22,19.97,20.25,19.97,20.21,394600,-140.14120020171507,-0.12749861082350122,0.01723503200337269,-0.1447336428268739,37.63742832489345
2020-10-23,20.33,20.48,20.33,20.41,283830,-72.62569832402208,-0.1329963675227006,-0.01281124790184197,-0.12018511962085864,43.12242589200848
2020-10-26,20.48,20.48,20.33,20.33,271330,-68.16993464052359,-0.14216986502181328,-0.038682971325836236,-0.10348689369597705,41.54826195428806
2020-10-27,20.25,20.33,20.05,20.13,265650,-98.98489140698825,-0.16369132471460546,-0.06368464200359009,-0.10000668271101537,37.83025081025538
2020-10-28,20.01,20.01,19.54,19.54,463260,-168.46846846846782,-0.22575296607260853,-0.09609830681739379,-0.12965465925521474,29.456115117537202
2020-10-29,18.98,19.69,18.98,19.46,376600,-194.80079681274952,-0.2781858421670833,-0.1325158138873317,-0.14567002827975162,28.533792352046095
2020-10-30,19.5,19.69,19.5,19.65,174420,-120.81327903245685,-0.30093882666085037,-0.16620041644203543,-0.13473841021881494,33.8328448246384
2020-11-02,19.65,19.69,19.46,19.54,105160,-109.91217063989944,-0.32411066549031275,-0.19778246625169088,-0.12632819923862187,32.3378740063754
2020-11-03,19.54,19.77,19.54,19.77,253640,-74.39737034331661,-0.3202240928867255,-0.2222707915786978,-0.09795330130802768,38.46088807567565
2020-11-04,19.85,19.97,19.65,19.97,264860,-34.81453106046102,-0.2975753640048673,-0.2373317060639317,-0.060243657940935585,43.2685135092622
2020-11-05,19.97,20.13,19.85,19.89,124400,-9.041231992051596,-0.2828212275418167,-0.2464296103595087,-0.03639161718230802,41.85980456991633
2020-11-06,19.89,19.93,19.61,19.69,170030,-44.76110645431688,-0.28399310093923447,-0.25394230847545385,-0.030050792463780618,38.486308246070294
2020-11-09,19.69,20.56,19.69,20.56,578530,82.47422680412423,-0.2122731373510085,-0.24560847425056478,0.033335336899556284,55.34509042324154
2020-11-10,21.99,21.99,21.35,21.75,3518100,273.9027683997305,-0.058734440666775356,-0.2082336675338069,0.14949922686703154,68.18788093998026
2020-11-11,21.83,21.83,21.2,21.35,875460,173.04104477611943,0.03031991645810095,-0.16052295073542533,0.19084286719352628,61.75829245587114
2020-11-12,21.35,21.43,21.0,21.2,576710,117.11880994323771,0.0877805105991527,-0.11086225846850972,0.19864276906766243,59.49283154081556
2020-11-13,20.96,21.47,20.84,21.47,1459130,101.48064172592682,0.1533376084521194,-0.058022285084383896,0.2113598935365033,62.18199439985057
2020-11-16,21.67,21.67,21.12,21.2,921370,87.89824275853759,0.18141410838305205,-0.010135006390896706,0.19154911477394876,58.032981499773804
2020-11-17,21.43,21.51,21.35,21.43,821070,80.45567616463191,0.21969154726474827,0.035830304340232294,0.18386124292451597,60.45364989465638
2020-11-18,22.07,22.07,21.51,21.59,2813620,89.4993181375412,0.2599409190693258,0.080652427286051,0.17928849178327483,62.09174027910933
2020-11-19,21.59,21.59,21.28,21.35,763200,55.517732972563955,0.26936773835702255,0.11839548950024531,0.15097224885677724,58.197592606701576
2020-11-20,21.28,21.63,21.12,21.51,977970,50.20225950458509,0.28644723793163607,0.15200583918652347,0.1344413987451126,59.99872581720188
2020-11-23,21.59,21.63,21.24,21.35,673760,43.605088828666,0.28380072349087015,0.1783648160473928,0.10543590744347736,57.338166034613636
2020-11-24,21.35,21.47,21.16,21.16,982590,20.88370448921805,0.2633363520801204,0.1953591232539383,0.0679772288261821,54.261092802672316
2020-11-25,21.2,21.35,21.2,21.24,657860,11.164052676856754,0.2506837949682179,0.20642405759679422,0.04425973737142369,55.34766668474872
2020-11-26,21.24,21.28,21.04,21.12,449000,-52.285395763657185,0.2283413779150969,0.21080752166045474,0.017533856254642155,53.30219027471129
2020-11-27,21.12,21.2,21.12,21.16,334760,-102.5014543339149,0.21142533745564052,0.2109310848194919,0.0004942526361486066,53.91359865155596
2020-11-30,21.16,21.51,21.12,21.12,806660,-50.029052876234594,0.19257174065742788,0.2072592159870791,-0.014687475329651228,53.16398568681648
2020-12-01,20.25,20.92,20.25,20.92,790900,-269.28961748633736,0.1596514384291119,0.19773766047548566,-0.03808622204637377,49.46096577191217
2020-12-02,20.8,20.8,20.6,20.72,807120,-197.208783029402,0.11608537328237745,0.18140720303686403,-0.06532182975448658,46.009742905922074
2020-12-03,20.68,20.72,20.6,20.68,587680,-152.409841590833,0.07743862283086855,0.16061348699566494,-0.08317486416479639,45.3285085815062
2020-12-04,20.68,20.96,20.68,20.88,483950,-85.39741219962981,0.062231754268221806,0.1409371404501763,-0.0787053861819545,49.36541479478054
2020-12-07,20.96,21.08,20.92,21.04,563080,-33.311012901210624,0.0623718799895876,0.12522408835805857,-0.06285220836847097,52.393897095080014
2020-12-08,21.2,21.2,21.0,21.08,539900,-0.5717202654424052,0.06496175763465217,0.11317162221337729,-0.048209864578725115,53.14834184571083
2020-12-09,21.12,21.39,21.12,21.24,793890,51.736387254122924,0.07901409188494668,0.10634011614769116,-0.027326024262744483,56.14236202488916
2020-12-10,21.35,21.35,20.96,21.0,683250,14.13168157834435,0.06997801083449318,0.09906769508505156,-0.029089684250558384,50.889084578076535
2020-12-11,21.12,21.75,21.04,21.71,2357600,142.22670250896022,0.1187391665831754,0.10300198938467633,0.01573717719849907,62.1672679764012
2020-12-14,21.99,22.03,21.75,21.91,1550880,218.45949535192477,0.17154361434544185,0.11671031437682944,0.054833299968612415,64.63124803577377
2020-12-15,21.75,22.07,21.67,21.91,1228820,169.81852913084992,0.21095970744299564,0.13556019299006267,0.07539951445293297,64.63124803577375
2020-12-16,21.83,22.82,21.75,22.54,1920380,195.89552238806064,0.28969357289044595,0.16638686897013932,0.12330670392030663,71.42912052749826
2020-12-17,22.42,22.7,22.07,22.15,1586160,137.62870589359656,0.3169671874388449,0.19650293266388044,0.12046425477496445,63.31620595651397
2020-12-18,22.18,22.46,22.18,22.26,942350,108.99484004127955,0.3434981710600802,0.2259019803431204,0.11759619071695979,64.53957720862142
2020-12-21,22.3,22.38,22.18,22.34,1802010,92.384504331087,0.36675181154896563,0.25407194658428944,0.11267986496467619,65.44221174995192
2020-12-22,22.15,22.3,21.99,22.18,1207330,64.65863453815287,0.36802743516220815,0.2768630442998732,0.09116439086233497,62.04079331669572
2020-12-23,22.22,22.26,21.91,21.95,1552100,42.81577994933126,0.34648523217927973,0.2907874818757545,0.05569775030352525,57.42057826371426
2020-12-24,21.95,22.07,20.48,21.63,1157430,-53.25178997613359,0.3001318226379084,0.29265635002818524,0.007475472609723144,51.656657820041374
2020-12-25,21.99,22.46,21.55,22.26,1618240,42.089042055420286,0.310651153366031,0.2962553106957544,0.014395842670276604,60.13993525557522
2020-12-28,22.94,22.94,22.15,22.26,1556300,94.46096654275064,0.3153526101659452,0.30007477058979254,0.015277839576152641,60.13993525557522
2020-12-29,22.26,22.46,22.03,22.38,1277340,58.91308944808713,0.3250149753491698,0.305062811541668,0.01995216380750181,61.62743827278933
2020-12-30,22.38,22.86,22.38,22.42,1104710,111.86803770351285,0.3320722133092566,0.3104646918951857,0.021607521414070907,62.13469145957895
2020-12-31,22.42,22.58,22.34,22.38,742640,75.27106336417093,0.33062620643115537,0.31449699480237964,0.01612921162877573,61.26255631263702
2021-01-04,22.58,22.86,22.38,22.58,1966600,112.95116772823786,0.3416798909975327,0.31993357404141026,0.021746316956122447,63.984585326299694
2021-01-05,22.38,22.54,22.34,22.38,1310800,52.415458937198295,0.33049198128745516,0.32204525549061924,0.008446725796835919,59.483251949046036
2021-01-06,22.38,22.38,22.15,22.26,1150000,2.0583392143032695,0.3083875850042048,0.31931372139333636,-0.010926136389131536,56.896884423270365
2021-01-07,22.54,22.9,22.26,22.62,1668700,101.81678467534051,0.31627288609277926,0.31870555433322495,-0.00243266824044569,62.206023070503704
2021-01-08,22.78,23.25,22.78,23.09,2478600,185.78110383536202,0.35633945661980704,0.32623233479054137,0.03010712182926567,67.78498921226965
2021-01-11,24.6,24.68,24.2,24.68,2407600,330.5539407026013,0.5105074026837748,0.36308734836918805,0.14742005431458677,79.05113859417344
2021-01-12,25.63,25.63,25.27,25.31,2311500,260.7768242472347,0.6757329170907731,0.42561646211350507,0.25011645497726803,81.77133464052994
2021-01-13,25.31,25.31,24.6,24.6,2170500,146.1694176269075,0.7408442697789823,0.4886620236466005,0.2521822461323818,70.63898773643237
2021-01-14,24.64,24.68,24.08,24.36,1864700,87.66839876828288,0.7642694689531773,0.5437835127079158,0.22048595624526146,67.30348885713144
2021-01-15,24.44,24.83,24.36,24.4,1423200,80.05526585550662,0.7771038048423264,0.590447571134798,0.18665623370752848,67.57826938778048
2021-01-18,24.4,24.44,24.2,24.24,1523800,54.43128578865167,0.7655397796290657,0.6254660128336516,0.14007376679541417,65.21729119920725
2021-01-19,24.16,24.16,22.58,22.62,1713800,-25.40637895264819,0.6185247766314532,0.6240777655932119,-0.005552988961758709,47.22649633705043
2021-01-20,22.62,23.09,21.39,22.7,1204200,-72.63122248560764,0.5026751329537618,0.5997972390653219,-0.09712210611156014,47.989520184090175
2021-01-21,22.94,23.33,22.94,23.29,1008300,-24.679964979531924,0.4532467781298877,0.5704871468782351,-0.11724036874834742,53.34686637313537
2021-01-22,23.33,23.49,22.94,23.09,1001700,-29.491051042203893,0.3934012377051417,0.5350699650436164,-0.1416687273384747,51.413566383208234
2021-01-25,22.94,23.33,22.94,23.02,651900,-40.32233189389284,0.3364464554611928,0.4953452631271317,-0.1588988076659389,50.72073334870992
2021-01-26,23.02,23.09,21.99,22.22,905900,-92.45935752373548,0.22417195136167933,0.4411106007740412,-0.21693864941236185,43.50519689358718
2021-01-27,22.15,22.15,21.39,21.55,1005700,-135.37170263788934,0.08020563673827752,0.36892960796688845,-0.28872397122861093,38.55792020181293
2021-01-28,20.09,20.41,20.05,20.05,1638500,-193.72210223182128,-0.1531606284138256,0.26451156069074566,-0.41767218910457127,30.2611114920194
2021-01-29,18.74,21.43,18.74,20.44,1063900,-158.44703711027637,-0.3031409144627517,0.15098106566004618,-0.4541219801227979,34.224095649635785
2021-02-01,20.48,20.56,19.85,19.85,748100,-132.84991392352222,-0.4642577663305687,0.0279332992619232,-0.4921910655924919,31.324095977332366
2021-02-02,19.93,20.01,19.38,20.01,570500,-121.86851154278592,-0.5724346985195332,-0.0921403002943681,-0.4802943982251651,32.982561496845655
2021-02-03,20.13,20.76,20.13,20.68,530100,-72.55187124297052,-0.5972179394251995,-0.1931558281205344,-0.40406211130466513,39.56422481103824
2021-02-04,20.56,21.04,20.56,20.64,529900,-52.22883955964643,-0.6130199892581238,-0.2771286603480523,-0.33589132891007156,39.31597623075414
2021-02-05,20.72,21.04,20.72,20.96,433300,-35.38040941521625,-0.5928874643208637,-0.3402804211426146,-0.2526070431782491,42.42818487752433
2021-02-08,20.96,20.96,19.54,20.21,820100,-64.03100775193789,-0.6301866261014055,-0.39826166213437275,-0.23192496396703277,37.56546677985368
2021-02-09,20.21,20.84,20.17,20.84,446800,-36.34970130292796,-0.6019715918713295,-0.4390036480817641,-0.16296794378956542,43.430505799518656
2021-02-17,20.88,21.55,20.88,21.55,680200,18.63034883575934,-0.5163675440629092,-0.45447642727799314,-0.061891116784916045,49.2200070913204
2021-02-18,21.59,21.59,21.31,21.55,837900,46.99512723335129,-0.44341431522083496,-0.4522640048665615,0.008849689645726522,49.2200070913204
2021-02-19,21.35,21.51,21.08,21.28,1482400,51.910647465699505,-0.40274253404575333,-0.4423597107023999,0.03961717665664655,47.09430671392885
2021-02-22,21.63,21.83,21.43,21.75,1278800,111.80986123413025,-0.32879464242373047,-0.419646697046666,0.09085205462293555,51.05682512298808
2021-02-23,21.75,22.78,21.75,22.62,1423300,175.8488980558422,-0.19770960320506248,-0.3752592782783453,0.17754967507328284,57.41498909567427
2021-02-24,22.94,23.17,22.38,22.78,1925300,168.57133617901906,-0.0799910157465078,-0.3162056257719778,0.23621461002547,58.48318049103452
2021-02-25,23.17,23.33,22.78,22.94,1601700,153.33937745542457,0.025913758082804605,-0.24778174900102132,0.27369550708382595,59.57518648199732
2021-02-26,22.66,23.92,22.46,23.69,2176900,147.79122779437242,0.16842133007918747,-0.16454113318497954,0.332962463264167,64.31356811506767
2021-03-01,23.96,24.87,23.89,24.83,2520200,178.91131660645425,0.36909340124354273,-0.05781422629927507,0.4269076275428178,70.05848837151841
2021-03-02,25.39,25.39,24.12,24.76,2010900,149.68729208250167,0.5165248712299331,0.05705359320656657,0.4594712780233665,69.32054889705739
2021-03-03,24.52,24.52,24.12,24.44,1388500,107.00661000944272,0.6006204688405816,0.16576696833336957,0.43485350050721205,65.90309688400549
2021-03-04,24.44,24.44,23.57,23.65,1615200,70.61411779495856,0.5966427123379177,0.25194211713427916,0.3447005952036385,58.26616895193294
2021-03-05,23.53,24.36,23.09,24.24,1307800,62.34707128699323,0.6337924163618958,0.3283121769798025,0.3054802393820933,61.8242066402735
2021-03-08,24.83,24.83,23.92,24.08,1311600,74.36971701580282,0.6429120714648775,0.3912321558768175,0.25167991558806,60.3222665957897
2021-03-09,23.73,24.04,23.57,23.85,920400,38.63861785804902,0.6243828887510929,0.43786230245167257,0.18652058629942037,58.13586119457037
2021-03-10,23.69,24.36,23.65,24.36,1190200,52.03081775640509,0.6434340089753228,0.4789766437564026,0.16445736521892018,61.470674104047475
2021-03-11,24.52,24.68,24.2,24.28,1396000,66.53586221931542,0.6446457526384606,0.5121104655328141,0.13253528710564644,60.654473996919954
2021-03-12,24.36,24.36,24.08,24.08,693100,40.64637447564723,0.6222943181564347,0.5341472360575382,0.08814708209889643,58.56102663445243
2021-03-15,24.08,24.16,23.81,23.89,1081900,0.3763440860210831,0.5825341422157422,0.543824617289179,0.03870952492656321,56.563716835037155
2021-03-16,23.89,24.44,23.73,23.96,1295600,0.38337783254518065,0.5503284870802645,0.5451253912473961,0.005203095832868376,57.14365409481342
2021-03-17,23.96,24.52,23.96,24.36,1251700,37.58672699849173,0.5507334183891572,0.5462469966757484,0.00448642171340885,60.39750423678198
2021-03-18,24.68,25.7,24.6,25.63,3907200,242.18706633361174,0.6460850492620622,0.5662146071930112,0.07987044206905103,68.55955820009363
2021-03-19,25.63,26.89,25.39,26.53,3332500,277.68624190663434,0.7852228221765927,0.6100162501897275,0.17520657198686518,72.83269618543177
2021-03-22,26.53,26.77,26.22,26.5,1803600,204.22354574043848,0.8828923271987854,0.664591465591539,0.21830086160724638,72.47907818283187
2021-03-23,26.1,26.38,25.7,25.78,2279800,112.06712301071592,0.8919166707096338,0.710056506615158,0.1818601640944758,64.39788467189013
2021-03-24,25.31,25.63,24.91,24.91,2220800,35.765256607867414,0.8194210233667398,0.7319294099654743,0.08749161340126554,56.238325997698745
2021-03-25,25.15,26.18,24.91,25.59,1543100,58.89531149646794,0.8075293221907778,0.747049392410535,0.06047992978024275,60.45579816597162
2021-03-26,25.31,25.59,24.83,25.31,1505700,27.63066547654529,0.7666736666005995,0.7509742472485479,0.015699419352051658,57.97805797819162
2021-03-29,26.1,26.1,25.7,25.94,1075200,73.54469396741584,0.7761836382424754,0.7560161254473334,0.02016751279514195,61.774193149064736
2021-03-30,25.98,26.02,25.63,25.78,997400,57.456999782277364,0.7620255403750846,0.7572180084328837,0.00480753194220096,60.28470582528368
2021-03-31,25.66,26.18,25.55,25.82,1253300,53.98469304673574,0.745439845004622,0.7548623757472314,-0.009422530742609347,60.54086035122496
2021-04-01,26.18,26.77,26.1,26.73,2190000,105.99679101484156,0.7965429059536397,0.763198481788513,0.03334442416512673,65.92531993207447
2021-04-02,26.89,27.05,26.5,26.53,1254000,112.75375110326584,0.8115490886806036,0.7728686031669312,0.038680485513672425,63.86271903947822
2021-04-05,26.65,26.89,26.34,26.42,1202900,92.78142794568599,0.8052827180116395,0.7793514261358728,0.025931291875766704,62.70078018905899
2021-04-06,26.26,26.42,26.02,26.14,1453000,36.06026243317716,0.7688599749745677,0.7772531359036118,-0.008393160929044075,59.72211900629599
2021-04-07,26.1,26.1,25.9,26.1,948200,2.730518798572122,0.7283708176096297,0.7674766722448154,-0.03910585463518568,59.28880027121573
2021-04-08,26.1,26.5,26.1,26.34,851000,51.16666666666751,0.7074933203281581,0.755480001861484,-0.04798668153332586,61.11195810484642
2021-04-09,26.34,26.42,26.22,26.22,710600,51.13858165257017,0.6735010552748335,0.7390842125441539,-0.0655831572693204,59.67301689765122
2021-04-12,25.55,26.02,25.55,25.94,2002500,-28.668363019507535,0.6168575307427417,0.7146388761838715,-0.09778134544112971,56.33958227622041
2021-04-13,25.86,25.94,25.31,25.35,1076200,-94.4863875543366,0.5183834584655429,0.6753877926402058,-0.15700433417466286,50.00126982674558
2021-04-14,25.03,25.31,24.91,25.31,884100,-146.22561492790618,0.4321330205450522,0.6267368382211751,-0.1946038176761229,49.593907360795505
2021-04-15,25.31,25.39,24.91,24.99,831400,-154.29042904290569,0.33410623276638063,0.5682107171302162,-0.23410448436383557,46.34122148032376
2021-04-16,24.99,25.31,24.08,24.52,1212200,-176.38819409704968,0.21600426248090798,0.4977694262003546,-0.2817651637194466,41.98563094878958
2021-04-19,24.68,24.87,23.96,24.48,1165100,-154.58215037565006,0.11782175855376309,0.42177989267103627,-0.3039581341172732,41.627037878169446
2021-04-20,24.48,24.87,24.32,24.68,796300,-106.6019482252461,0.05550986221706822,0.34852588658024264,-0.2930160243631744,44.19353290211809
2021-04-22,24.68,24.68,23.89,23.89,1080800,-126.2872628726282,-0.05696253362754433,0.26742820253868527,-0.3243907361662296,37.23035284208739
2021-04-23,23.73,23.89,23.41,23.89,860800,-136.96450428396582,-0.1444327863989372,0.18505600475116077,-0.329488791150098,37.23035284208739
2021-04-26,23.89,23.89,22.22,22.78,1106400,-167.07353218548744,-0.29986466208707796,0.08807187138351301,-0.387936533470591,29.624259341759174
2021-04-27,22.78,22.86,22.22,22.74,790800,-157.10174369392257,-0.42141539475343137,-0.013825581843875875,-0.4075898129095555,29.391233536644236
2021-04-28,22.74,22.94,22.54,22.78,528100,-124.60885891106302,-0.508654112429312,-0.1127912879609631,-0.3958628244683489,29.98434505088106
2021-04-29,22.78,23.09,22.78,22.94,466300,-94.94663722513559,-0.5584433742844404,-0.20192170522565855,-0.3565216690587818,32.42935412700076
2021-05-04,21.35,22.94,21.35,21.59,1477900,-133.5328422344995,-0.6987803358600004,-0.30129343135252695,-0.3974869045074735,24.61786032639249
2021-05-05,21.91,22.15,21.91,22.15,693200,-107.93289303879101,-0.7560952734378894,-0.39225379976959945,-0.36384147366828995,31.94134987558284
2021-05-06,22.15,22.54,21.99,21.99,637400,-87.51447764651395,-0.8051472014725576,-0.4748324801101911,-0.3303147213623665,31.014247916357718
2021-05-07,21.99,21.99,21.35,21.51,1021800,-109.07232704402502,-0.8726933308276656,-0.554404650253686,-0.31828868057397963,28.35527432342424
2021-05-10,20.96,21.28,20.96,21.04,1107600,-132.2050036896855,-0.9531617417944602,-0.6341560685618408,-0.3190056732326194,26.004342913952982
2021-05-11,21.35,22.07,21.35,21.83,768900,-77.41256767505696,-0.9423246080300451,-0.6957897764554817,-0.24653483157456346,35.66037204171673
2021-05-12,21.83,22.15,21.75,22.07,432100,-51.349730053988914,-0.9039499350461853,-0.7374218081736224,-0.1665281268725629,38.2947802632168
2021-05-13,21.79,22.11,21.35,21.59,627100,-68.91780050981538,-0.9018734825939205,-0.770312143057682,-0.1315613395362385,35.1912636888609
2021-05-14,21.59,21.75,21.43,21.59,925400,-73.08287603770917,-0.889968871896631,-0.7942434888254718,-0.09572538307115919,35.19126368886089
2021-05-17,21.75,21.91,21.51,21.63,468800,-56.46993205557217,-0.8673089191064847,-0.8088565748816744,-0.05845234422481027,35.694935661775546
2021-05-18,21.67,21.67,21.39,21.43,555900,-77.10699342498445,-0.8556259484691182,-0.8182104495991631,-0.0374154988699551,34.26119238967557
2021-05-19,21.83,21.83,21.08,21.12,698600,-91.19440990110711,-0.8614512455655507,-0.8268586087924407,-0.034592636773110086,32.10841074870776
2021-05-20,20.96,21.35,20.41,20.48,1289500,-179.72972972973,-0.9072522476147142,-0.8429373365568954,-0.06431491105781884,28.17265412935975
2021-05-21,20.17,21.31,20.17,21.16,1103900,-139.90918092116488,-0.8785521523812676,-0.8500602997217699,-0.02849185265949772,37.00773039540534
2021-05-24,21.16,21.75,21.16,21.31,631600,-27.019616114743272,-0.834088520476076,-0.8468659438726311,0.012777423396555188,38.79613733167279
2021-05-25,21.31,21.35,21.0,21.12,579300,-66.73141952658466,-0.8049037545050446,-0.8384735059991139,0.033569751494069267,37.349656359607934
2021-05-26,21.12,21.28,20.72,20.96,625600,-88.30672363391092,-0.7856290375248349,-0.827904612304258,0.04227557477942312,36.128081184798404
2021-05-27,20.88,20.96,20.56,20.64,572900,-119.4719471947193,-0.7871017915998877,-0.819744048163384,0.032642256563496286,33.75053517194044
2021-05-28,20.64,20.88,20.6,20.72,493800,-102.7690020442296,-0.7729040713840476,-0.8103760528075167,0.03747198142346908,34.90389215387169
2021-05-31,20.56,20.68,20.41,20.44,707200,-119.49531949531958,-0.7753086601450363,-0.8033625742750206,0.02805391412998426,32.75454914884899
2021-06-01,20.41,20.44,20.25,20.29,750100,-130.60476481368406,-0.7803229828478635,-0.7987546559895892,0.01843167314172567,31.630823533854603
2021-06-02,20.33,21.67,20.17,21.67,1603400,21.982467970329672,-0.6652735435654833,-0.772058433504768,0.1067848899392847,48.97471670888029
2021-06-03,21.67,21.71,21.2,21.35,1146200,74.02234636871395,-0.5930806946284015,-0.7362628857294947,0.1431821911010932,46.057035759019335
2021-06-04,20.96,21.2,20.92,21.04,863700,12.818449986590561,-0.5544899361206781,-0.6999082958077314,0.1454183596870533,43.36195887326145
2021-06-07,21.04,21.12,20.84,21.04,1276500,9.854923169369767,-0.517936037732909,-0.6635138441927669,0.14557780645985796,43.36195887326145
2021-06-08,21.51,21.75,21.2,21.43,1617100,120.5867602808414,-0.45228342745493677,-0.6212677608452009,0.16898433339026409,47.81723422149932
2021-06-09,21.43,21.63,21.35,21.63,1021800,117.84733662822602,-0.37973755413225163,-0.572961719502611,0.19322416537035936,49.98980984868182
2021-06-10,21.59,21.59,21.28,21.35,648800,75.81493165089323,-0.34090830803462424,-0.5265510372090136,0.1856427291743894,47.03722606266182
2021-06-11,21.39,22.54,20.96,22.54,1465900,175.08045977011517,-0.21167276413438074,-0.46357538259408704,0.2519026184597063,58.3078641301175
2021-06-14,22.7,22.7,22.07,22.15,1260700,173.28377095855865,-0.13911873100302685,-0.398684052275875,0.25956532127284815,54.234478057003635
2021-06-15,22.15,22.38,22.11,22.18,872200,128.85862516212745,-0.07829584201403961,-0.3346064102235079,0.2563105682094683,54.497809112675235
2021-06-16,22.18,22.22,21.75,21.79,1255600,76.83647621728083,-0.06086143221339313,-0.27985741462148495,0.21899598240809182,50.43502334573996
2021-06-17,20.64,21.35,20.64,21.28,1447800,-43.7805730258559,-0.08719217744407359,-0.24132436718600267,0.15413218974192908,45.64309598149347
2021-06-18,21.28,21.67,21.04,21.43,1107900,-11.92861255037453,-0.09486222367957353,-0.21203193848471685,0.11716971480514332,47.23113624488822
2021-06-21,21.35,22.15,21.2,21.91,1281500,38.20239249919078,-0.06149986989052536,-0.18192552476587856,0.1204256548753532,52.057924928475195
2021-06-22,22.38,22.38,21.79,21.79,1071800,69.09852463115699,-0.04423306997157894,-0.15438703380701863,0.11015396383543968,50.80672577216896
2021-06-23,21.79,21.79,21.43,21.51,693800,-8.540422526168209,-0.05253705214366988,-0.13401703747434887,0.08147998533067899,47.91301853063844
2021-06-24,21.51,21.75,21.35,21.47,747300,-27.160234899329392,-0.06163519142785745,-0.11954066826505058,0.05790547683719313,47.496835182924436
2021-06-25,21.51,21.71,21.47,21.55,448900,-27.67710049423414,-0.061679201506034786,-0.10796837491324743,0.04628917340721264,48.461066588521184
2021-06-28,21.79,21.79,21.43,21.51,575800,-30.349099099099988,-0.06420166864413801,-0.09921503365942555,0.03501336501528754,47.98652987007503
2021-06-29,21.51,21.91,21.43,21.87,1026500,4.257801108194291,-0.03672836889599651,-0.08671770070673974,0.049989331810743234,52.49513437903725
2021-06-30,21.87,21.87,21.67,21.83,573500,11.446540880503969,-0.017976030131542586,-0.07296936659170031,0.05499333646015772,51.95623687272717
2021-07-01,21.83,21.87,21.55,21.83,504600,6.2862108922362765,-0.0030791717818274833,-0.05899132762972574,0.05591215584789826,51.95623687272716
2021-07-02,21.83,21.83,21.51,21.67,532100,-4.176706827308859,-0.004136286501772446,-0.04802031940413508,0.04388403290236263,49.594404037454495
2021-07-05,21.59,21.67,21.28,21.35,717200,-73.37868480725457,-0.030444438644160243,-0.04450514325214011,0.014060704607979868,45.171656364644235
2021-07-06,21.35,21.39,20.96,20.96,702100,-165.63523844193412,-0.08182040469709406,-0.0519681955411309,-0.029852209155963164,40.43847088050489
2021-07-07,20.88,20.96,20.17,20.6,725600,-271.860465116278,-0.1498577524058362,-0.07154610691407196,-0.07831164549176425,36.623669416920166
2021-07-08,20.6,21.12,20.6,20.8,457700,-150.99984254448097,-0.18550117009894507,-0.09433711955104658,-0.09116405054789849,40.00954908944113
2021-07-09,20.8,20.8,20.48,20.64,539700,-144.76299694189598,-0.2240764840169156,-0.12028499244422039,-0.10379149157269521,38.24903469941454
2021-07-12,20.56,20.64,19.38,19.69,871000,-194.97039257255716,-0.3275292059296646,-0.16173383514130923,-0.16579537078835538,29.850314101277526
2021-07-13,19.85,20.41,19.85,20.21,388200,-124.99471704492616,-0.363367900238174,-0.2020606481606822,-0.1613072520774918,37.88966439191911
2021-07-14,20.8,20.96,20.21,20.33,398900,-70.17288149317764,-0.3777330550355771,-0.2371951295356612,-0.1405379254999159,39.60965208251987
2021-07-15,20.37,20.56,20.37,20.52,241400,-61.920714684534,-0.3695264605886912,-0.2636613957462672,-0.10586506484242403,42.33265710450398
2021-07-16,20.6,20.6,20.17,20.17,457600,-71.7019740009628,-0.38680589273898036,-0.2882902951448098,-0.09851559759417056,38.85690905075381
2021-07-19,19.77,19.85,18.9,18.98,810100,-169.542815395855,-0.4908646399480219,-0.32880516410545224,-0.16205947584256963,29.87538764962033
2021-07-20,19.38,19.42,19.02,19.38,358300,-147.911547911548,-0.534889417505557,-0.3700220147854732,-0.16486740272008377,35.28980904241877
2021-07-21,19.61,19.89,19.46,19.77,268200,-84.8769193273223,-0.5321750475861826,-0.4024526213456151,-0.1297224262405675,40.142570474951974
2021-07-22,19.77,20.01,19.77,19.93,264600,-50.83589675003396,-0.51122019881646,-0.4242061368397841,-0.08701406197667588,42.06220384298231
2021-07-23,19.77,19.77,19.38,19.38,668500,-88.81381381381478,-0.5328513549220482,-0.4459351804562369,-0.08691617446581124,37.59847460246275
2021-07-26,18.98,19.38,18.98,19.02,652900,-120.83130378308219,-0.5724444105042323,-0.471237026465836,-0.10120738403839635,34.98167247831917
2021-07-27,19.22,19.22,19.02,19.1,784000,-106.43162977134007,-0.5905592613392301,-0.4951014734405148,-0.09545778789871529,36.046880819969644
2021-07-28,18.82,19.06,18.67,18.82,1268800,-120.80389386088885,-0.6203579705536661,-0.5201527728631451,-0.10020519769052105,33.95037501865849
2021-07-29,19.8,20.1,19.8,20.1,505600,40.56620058691522,-0.5345266689917167,-0.5230275520888594,-0.01149911690285732,48.65261034344711
2021-07-30,21.5,21.5,21.5,21.5,412300,193.52697095435593,-0.3495075390615092,-0.4883235494833894,0.1388160104218802,59.31880421397161
2021-08-02,23.0,23.0,22.0,22.75,2559800,225.013371367445,-0.10085143966819388,-0.4108291275203503,0.3099776878521564,66.09156204904926
2021-08-03,22.75,22.8,22.1,22.25,787600,159.6138706200115,0.055227856889736415,-0.31761773063833293,0.37284558752806934,61.668909890196375
2021-08-04,22.1,22.25,21.8,21.8,946800,106.03432758383357,0.1409853928608804,-0.22589710593849027,0.3668824987993707,57.91279810585044
2021-08-05,21.5,21.75,21.2,21.65,1013400,67.59453630481677,0.1946018624353023,-0.14179731226373177,0.3363991746990341,56.67366778005216
2021-08-06,21.7,21.95,21.6,21.7,805600,66.95203903157524,0.23837998688893336,-0.06576185243319874,0.3041418393221321,57.00391168578258
2021-08-09,21.6,21.6,21.25,21.35,788200,40.61574896388433,0.2420422782769478,-0.0042010262911694185,0.24624330456811722,53.90644730771131
2021-08-10,21.35,21.5,21.3,21.5,597000,36.58833063209094,0.2541190902957382,0.04746299702621211,0.2066560932695261,55.03414430095275
2021-08-11,21.5,22.1,21.4,21.8,897600,49.26157200911902,0.2846166599367237,0.09489372960831444,0.18972293032840926,57.28499840341684
2021-08-12,21.6,21.95,21.6,21.7,473500,43.11944718657454,0.29729006452796014,0.13537299659224358,0.16191706793571656,56.273805079530185
2021-08-13,21.8,21.95,21.5,21.55,573600,32.34965530395929,0.2918656371902877,0.1666715247118524,0.1251941124784353,54.71365995692135
2021-08-16,21.5,21.55,21.3,21.5,590000,2.338147165733414,0.28030102161586967,0.18939742409265586,0.09090359752321381,54.17450070531714
2021-08-17,21.5,21.55,21.4,21.4,440200,-30.38251366120166,0.2600689037542523,0.20353172002497516,0.05653718372927713,53.048575096958984
2021-08-18,21.4,21.4,21.2,21.3,564100,-98.56321839080415,0.23327657319310546,0.20948069065860123,0.023795882534504237,51.88723350819866
2021-08-19,21.2,21.25,21.1,21.25,467300,-110.20015396458787,0.20563840454043358,0.2087122334349677,-0.003073828894534114,51.282711765707845
2021-08-20,21.15,21.2,20.8,20.85,774300,-156.86021505376215,0.14973227919101362,0.19691624258617688,-0.04718396339516326,46.60475396672146
2021-08-23,20.85,20.85,20.5,20.55,538100,-215.92039800994974,0.08029320914014804,0.1735916358969711,-0.09329842675682307,43.40668459597736
2021-08-24,20.4,20.6,20.25,20.4,489100,-196.8670309653913,0.013008545036019115,0.14147501772478072,-0.1284664726887616,41.85996630115748
2021-08-25,20.5,21.15,20.45,21.15,432700,-74.73309608540903,0.01997345441271392,0.11717470506236735,-0.09720125064965343,51.21952404349941
2021-08-26,21.3,21.3,21.1,21.2,352800,-11.12314915131772,0.029191278517959773,0.09957801975348583,-0.07038674123552606,51.77687509240321
2021-08-27,21.2,21.2,20.9,21.15,346200,-30.943396226415235,0.032091952349496466,0.08608080627268797,-0.0539888539231915,51.147525292473176
2021-08-30,21.2,21.7,21.15,21.5,680000,46.11528822055193,0.061919067717802534,0.08124845856171088,-0.019329390843908348,55.24814961354214
2021-08-31,21.45,21.45,21.0,21.1,586800,-1.4227642276411012,0.05267342798963526,0.07553345244729576,-0.0228600244576605,50.07493561003914
2021-09-01,20.7,21.1,20.6,20.95,692200,-60.54852320674945,0.032863614208427094,0.06699948479952203,-0.034135870591094936,48.25037072205687
2021-09-06,20.95,21.8,20.95,21.55,1082900,84.53654188948354,0.06483183857690022,0.06656595555499767,-0.0017341169780974441,55.27095439621793
2021-09-07,21.6,22.2,21.6,22.1,1483900,190.88386841062348,0.13301398771371709,0.07985556198674156,0.05315842572697553,60.55379306449876
2021-09-08,22.5,22.8,22.0,22.4,1438400,223.55962124859795,0.2088488454395545,0.10565421867730415,0.10319462676225036,63.1129388163845
2021-09-09,22.45,23.95,22.45,23.95,2369400,251.92505661931173,0.38953029983512977,0.16242943490886927,0.2271008649262605,72.89672032986627
2021-09-10,25.4,25.45,24.6,25.05,3492400,252.00353937555315,0.6144000398905227,0.25282355590519995,0.36157648398532277,77.46485341034446
2021-09-13,25.1,26.8,25.1,26.8,3733800,217.59332454984667,0.923179465405255,0.386894737805211,0.536284727600044,82.51417539547224
2021-09-14,28.6,28.65,28.55,28.65,3343700,216.80127263827714,1.3021584516016382,0.5699474805644964,0.7322109710371418,86.06805553163248
2021-09-15,30.65,30.65,26.8,26.8,5463200,146.74741357557397,1.436661549600494,0.7432902943716959,0.6933712552287981,70.61254935895246
2021-09-16,26.1,26.5,25.3,25.5,2737700,65.29450405079928,1.4219655545899066,0.879025346415338,0.5429402081745686,62.16478168549748
2021-09-17,25.5,27.25,25.3,26.75,1237300,70.61704211557306,1.4939619624352858,1.0020126696193277,0.4919492928159581,66.33526693548937
2021-09-20,26.75,26.8,26.05,26.15,1535900,58.10276679841902,1.4854809490670178,1.0987063255088656,0.3867746235581522,62.759293281385354
2021-09-21,25.5,25.8,25.0,25.4,1559800,26.164604084918103,1.4020786628204611,1.1593807929711848,0.24269786984927633,58.51311937621286
2021-09-22,25.7,26.0,25.5,25.9,1005400,31.61570085036891,1.3606429267262037,1.1996332197221886,0.16100970700401507,60.4349912162837
2021-09-23,26.0,26.0,25.4,25.6,909200,19.215966758625385,1.2887415046953592,1.2174548767168227,0.07128662797853647,58.67856834072488
2021-09-24,25.6,26.2,25.4,25.9,910000,16.745980707395262,1.241653592794325,1.2222946199323232,0.019358972862001833,59.93262230297083
2021-09-27,26.2,26.3,25.4,25.55,1128100,-1.4423076923077482,1.1626912277118109,1.2103739414882209,-0.04768271377640998,57.73129979973978
2021-09-28,25.7,25.7,24.5,25.0,860100,-70.92427917003529,1.0437014405079985,1.1770394412921763,-0.1333380007841778,54.352816510419785
2021-09-29,25.0,25.0,24.3,24.5,941200,-122.97776812223945,0.8986957503567723,1.1213707031050955,-0.22267495274832316,51.407519563304646
2021-09-30,24.5,25.2,24.5,25.0,611200,-95.78577069423503,0.8147317965305199,1.0600429217901803,-0.24531112525966048,54.08686474234236
2021-10-01,25.0,25.0,24.5,24.9,552200,-92.0746887966805,0.7316861712076133,0.994371571673667,-0.2626854004660537,53.45206207656001
2021-10-04,24.95,26.0,24.9,25.9,1019500,-13.668061366806201,0.7380557106702028,0.9431083994729741,-0.20505268880277128,58.67531621348149
2021-10-05,26.45,26.5,25.9,26.2,801900,91.70768648239317,0.7585668232329716,0.9062000842249736,-0.1476332609920019,60.12105653084004
2021-10-06,26.2,26.3,25.85,25.9,768900,60.137457044673695,0.7420605231242234,0.8733721720048235,-0.1313116488806001,57.93817460518637
2021-10-07,26.0,26.1,25.65,25.95,714700,51.851851851851,0.7246603105247864,0.8436297997088161,-0.11896948918402972,58.21051003466624
2021-10-08,26.0,26.2,25.9,26.1,867100,82.92945611200857,0.7147352401346296,0.8178508877939789,-0.10311564765934922,59.066755213251
2021-10-11,26.7,27.5,26.5,27.0,1453400,188.80918220946916,0.7706089286878175,0.8084024959727466,-0.03779356728492911,63.85245848285235
2021-10-12,27.1,27.45,26.5,26.7,1112900,142.06098843322854,0.78167111853789,0.8030562204857753,-0.021385101947885343,61.28054905100141
2021-10-13,26.7,26.9,26.4,26.45,636900,89.52380952380938,0.7614871234798244,0.7947424010845852,-0.03325527760476077,59.142673419243685
2021-10-14,26.45,26.55,26.25,26.3,757400,57.20596355604638,0.7250297242351316,0.7807998657146944,-0.05577014147956283,57.83885999734951
2021-10-15,26.1,26.3,26.0,26.05,1000600,27.045744486969273,0.6682607678555534,0.7582920461428662,-0.09003127828731272,55.637380705702476
2021-10-18,26.05,26.3,25.6,25.6,999000,-10.306748466257188,0.5802707220555376,0.7226877813254005,-0.1424170592698628,51.814396426199686
2021-10-19,25.6,25.8,25.45,25.75,441800,-46.87045123726247,0.5166856921887941,0.6814873634980791,-0.16480167130928502,52.97433296498528
2021-10-20,26.2,26.5,25.7,25.9,554500,-7.427055702917442,0.4729460170260893,0.6397790942036812,-0.16683307717759188,54.16262009747801
2021-10-21,26.0,26.2,25.8,25.95,436200,-37.12404342409573,0.4372759465478886,0.5992784646725227,-0.16200251812463407,54.57466824525328
2021-10-22,25.9,26.05,25.85,25.95,683200,-52.262443438913046,0.40434610846327956,0.560291993430674,-0.15594588496739448,54.57466824525328
2021-10-25,25.9,25.9,25.4,25.4,771800,-117.88958770090863,0.3300638010355854,0.5142463549516563,-0.18418255391607086,48.959912524989136
2021-10-26,25.4,26.0,25.1,25.8,427800,-93.89249459144499,0.3000128330961047,0.47139965058054595,-0.17138681748444123,52.76598140277565
2021-10-27,25.8,25.85,25.45,25.65,750200,-83.99101700352945,0.2610838658147898,0.42933649362739473,-0.16825262781260492,51.22339484514955
2021-10-28,25.0,25.2,24.95,25.0,2624300,-159.39241917502716,0.175756796112168,0.37862055412434936,-0.20286375801218137,45.07404953542978
2021-10-29,24.9,24.9,24.05,24.8,2089300,-199.25093632958732,0.09094776091937717,0.3210859954833549,-0.23013823456397775,43.3496135558142
2021-11-01,24.8,24.8,24.5,24.7,718200,-158.12672176308482,0.015488285928793033,0.2599664535724425,-0.2444781676436495,42.47462032903474
2021-11-02,24.6,24.65,24.4,24.6,789600,-139.40042826552468,-0.05178609802028333,0.19761594325389736,-0.2494020412741807,41.57098243960869
2021-11-03,24.6,24.6,22.9,22.95,2071700,-198.36512261580387,-0.23552772535337496,0.1109872095324429,-0.34651493488581786,30.166825871899682
2021-11-04,22.95,24.55,22.55,24.15,1205300,-134.13577274915747,-0.2810742684165852,0.03257491394263727,-0.3136491823592225,42.51749655988262
2021-11-05,24.15,25.0,24.15,24.65,902700,-46.03174603174613,-0.2736697164756059,-0.028674012141011368,-0.24499570433459453,46.74390549526767
2021-11-08,25.0,25.0,24.65,24.9,1128800,-17.406749555950338,-0.24480666619163927,-0.07190054295113696,-0.1729061232405023,48.772043762350656
2021-11-09,24.9,24.95,24.5,24.8,700000,-20.20997375328086,-0.227380553676376,-0.10299654509618476,-0.12438400858019123,47.98485817306127
2021-11-10,24.6,24.8,24.5,24.65,820400,-23.908344141806566,-0.22310219710542967,-0.12701767549803375,-0.09608452160739592,46.76556454538351
2021-11-11,24.75,25.1,24.5,24.9,841400,11.538461538461444,-0.19726471321531136,-0.14106708304148927,-0.056197630173822094,49.08756034554283
2021-11-12,24.9,25.15,24.9,25.05,736800,52.970795568982666,-0.16280782739581312,-0.14541523191235403,-0.01739259548345909,50.483149933995755
2021-11-15,24.9,24.9,24.5,24.6,1337600,3.1531531531535957,-0.16985376782331585,-0.1503029390945464,-0.019550828728769454,46.37606532550659
2021-11-16,24.6,25.7,24.45,25.1,1134800,105.68549153831468,-0.13355239616026893,-0.1469528305076909,0.013400434347421969,51.13317836404294
2021-11-17,26.0,26.1,25.5,25.8,2083200,223.71859296482427,-0.04774873008625491,-0.1271120104234037,0.07936328033714879,56.89810608539043
2021-11-18,25.8,25.9,25.1,25.2,1250100,117.4406604747155,-0.027842738374861398,-0.10725815601369523,0.07941541763883384,51.31052166683351
2021-11-19,23.45,24.0,23.45,23.45,17810300,-146.83388663469742,-0.1515307193602382,-0.11611266868300382,-0.035418050677234386,39.21445967346079
2021-11-22,22.9,23.6,22.9,23.0,4234500,-154.9333333333336,-0.28260784726205657,-0.14941170439881438,-0.1331961428632422,36.81132467515752
2021-11-23,23.0,23.45,23.0,23.35,2245800,-136.9146005509642,-0.3541627725724581,-0.19036191803354313,-0.16380085453891496,39.896446354372635
2021-11-24,23.35,24.0,23.25,23.65,3797000,-94.59459459459428,-0.38225665681767396,-0.22874086579036929,-0.15351579102730467,42.48839520285952
2021-11-25,23.65,23.8,23.5,23.8,3171700,-72.42159715486557,-0.38794552160446827,-0.26058179695318906,-0.1273637246512792,43.79356496670694
2021-11-26,23.9,24.4,23.85,23.85,3782400,-34.638027048528436,-0.3839929738265475,-0.28526403232786074,-0.09872894149868677,44.247754695724275
2021-11-29,23.0,23.4,22.7,23.15,3961300,-102.38457635717945,-0.43236071589425507,-0.3146833690411396,-0.11767734685311548,39.44238154583993
2021-11-30,23.1,23.5,23.0,23.0,2663100,-82.19367315927603,-0.47729429482599883,-0.34720555419811144,-0.1300887406278874,38.478048997559476
2021-12-01,23.0,23.3,22.8,23.05,2435200,-81.5769417307558,-0.503070810572229,-0.37837860547293495,-0.12469220509929407,39.0133058265245
2021-12-02,23.05,23.1,22.9,22.9,1797000,-79.99709576708045,-0.5294988977173105,-0.40860266392181005,-0.12089623379550046,37.946680608575214
2021-12-03,22.95,23.05,22.8,22.8,2173400,-79.94518044769283,-0.5521476965037166,-0.43731167043819136,-0.11483602606552529,37.216173845109566
2021-12-06,22.7,22.8,22.0,22.05,2759600,-127.2088353413657,-0.6234292602651017,-0.47453518840357345,-0.14889407186152825,32.2081920323395
2021-12-07,22.05,22.45,22.0,22.2,1328900,-135.56878721403945,-0.6602062203600347,-0.5116693947948657,-0.148536825565169,34.11766999439968
2021-12-08,22.5,23.5,22.45,22.95,2014400,-32.578209277238216,-0.6216673005442672,-0.533668975944746,-0.08799832459952117,42.79395908396445
2021-12-09,23.0,23.1,22.75,22.9,1069700,-34.79125248508985,-0.5883770664943739,-0.5446105940546716,-0.04376647243970233,42.3931348046421
2021-12-10,23.0,24.45,23.0,23.6,4189400,95.6047197640114,-0.49974936669466175,-0.5356383485826697,0.03588898188800793,49.521511108574536
2021-12-13,24.1,25.0,24.1,24.9,8010400,188.26023881263274,-0.32091285697472216,-0.4926932502610802,0.17178039328635802,59.53574849520983
2021-12-14,25.1,25.3,24.2,24.95,4842100,162.16216216216174,-0.17315305184400387,-0.42878521057766494,0.2556321587336611,59.865540626407174
2021-12-15,24.95,24.95,24.1,24.3,2899900,105.00289423633467,-0.10726542045276588,-0.36448125255268515,0.2572158320999193,53.73429938617107
2021-12-16,24.3,24.55,23.35,23.35,5399700,40.43321299638932,-0.13020513465675165,-0.31762602897349845,0.1874208943167468,46.27478084050327
2021-12-17,23.05,23.85,23.05,23.45,2654800,7.554395126195842,-0.1387168180398568,-0.28184418678677015,0.14312736874691334,47.107152402674316
2021-12-20,23.45,23.7,23.0,23.7,2121700,7.160493827160195,-0.12386167746490884,-0.2502476849223979,0.12638600745748907,49.22508874908176
2021-12-21,23.5,23.5,23.1,23.35,1995400,-10.687022900763514,-0.1387317333966216,-0.22794449461724264,0.08921276122062105,46.42251324033695
2021-12-22,23.5,23.6,23.1,23.1,2190000,-18.972332015811002,-0.16874409364628917,-0.21610441442305195,0.047360320776762777,44.474729321424036
2021-12-23,23.2,23.5,23.0,23.1,2447700,-29.90052662375701,-0.19033504149265212,-0.21095053983697198,0.02061549834431986,44.47472932142404
2021-12-24,23.15,23.45,23.15,23.3,1326800,-29.42942942942954,-0.18912755001624149,-0.2065859418728259,0.017458391856584404,46.55527072294288
2021-12-27,23.35,23.75,23.2,23.35,1268000,-26.710414388140162,-0.18203760598183294,-0.2016762746946273,0.01963866871279435,47.089042967189584
2021-12-28,23.4,23.55,23.1,23.1,1845500,-57.587158264359424,-0.19435132383541998,-0.20021128452278583,0.005859960687365856,44.685917359661644
2021-12-29,23.2,23.3,23.1,23.2,1051900,-70.19043917605907,-0.19380678569979537,-0.19893038475818775,0.005123599058392381,45.8757695556251
2021-12-30,23.25,23.35,23.15,23.2,1628200,-58.20185324317603,-0.19117152891889333,-0.19737861359032888,0.006207084671435548,45.8757695556251
2021-12-31,23.2,23.25,23.0,23.15,2083300,-73.18489835430726,-0.1909168801142691,-0.19608626689511693,0.005169386780847829,45.3105772145871
2022-01-04,23.2,23.5,23.15,23.3,1832000,-29.818956336528117,-0.1765758660352681,-0.19218418672314716,0.015608320687879068,47.404067745887495
2022-01-05,23.4,23.4,23.1,23.1,2256200,-70.68627450980382,-0.17928218416670205,-0.18960378621185814,0.010321602045156086,44.93423020670915
2022-01-06,23.1,23.1,22.8,22.85,2466400,-228.2352941176464,-0.19930243701421801,-0.1915435163723301,-0.007758920641887906,41.98922965483231
2022-01-07,22.85,22.85,22.6,22.65,2127400,-262.11723534558143,-0.22867098341025738,-0.19896900977991555,-0.029701973630341827,39.74501002974384
2022-01-10,22.75,24.0,22.75,23.2,3188800,64.97890295358599,-0.20519994729991353,-0.20021519728391515,-0.004984750015998379,47.97921588363998
2022-01-11,23.15,23.3,22.9,23.05,1685900,-51.50709219858216,-0.19643830992229638,-0.1994598198115914,0.0030215098892950043,46.12779708482873
2022-01-12,23.05,23.1,22.6,22.95,1593700,-119.81981981981924,-0.19531237397205814,-0.19863033064368474,0.0033179566716265985,44.884314954584426
2022-01-13,22.95,22.95,22.6,22.65,1427600,-140.3444034440356,-0.21613607231335763,-0.20213147897761932,-0.014004593335738308,41.28838923287399
2022-01-14,22.5,22.7,22.2,22.7,1433700,-158.86524822695108,-0.2259992425543942,-0.2069050316929743,-0.01909421086141988,42.12067600864312
2022-01-17,22.7,23.5,22.7,22.9,2074000,-1.5555555555572964,-0.215196891688489,-0.20856340369207724,-0.006633487996411752,45.451679275952856
2022-01-18,22.9,23.15,22.7,22.95,1544300,-27.521367521368287,-0.20029252116177076,-0.20690922718601595,0.006616706024245189,46.28397972646449
2022-01-19,22.75,23.0,22.6,22.7,1050700,-71.345029239767,-0.20627579187546274,-0.20678254012390532,0.0005067482484425734,42.77004911718073
2022-01-20,22.6,22.8,22.45,22.8,1127900,-86.56548622821842,-0.2006356103334781,-0.20555315416581987,0.004917543832341775,44.5824508803265
2022-01-21,22.8,22.8,22.65,22.7,1163900,-66.66666666666752,-0.20190742695632835,-0.20482400872392156,0.0029165817675932126,43.112119714829255
2022-01-24,22.8,23.5,22.75,22.8,2579000,46.08501118568205,-0.19262571716561183,-0.2023843504122596,0.009758633246647774,45.0633046655569
2022-01-25,23.0,23.4,22.9,23.35,2913000,120.00000000000057,-0.13928391357270442,-0.18976426304434857,0.05048034947164415,54.339443838201774
2022-01-26,23.8,24.2,23.6,24.1,5819400,256.6360052562424,-0.03607556131532519,-0.1590265226985439,0.1229509613832187,63.41194956330028
2022-01-27,24.15,24.2,23.8,24.0,3012200,192.7909011373582,0.037219592861426065,-0.1197772995865499,0.15699689244797596,61.652959435233846
2022-01-28,24.0,24.6,23.9,24.3,3385600,181.122864117169,0.1181520402322569,-0.07219143162278854,0.19034347185504544,64.8069150181006
2022-02-07,25.7,26.0,25.3,26.0,11637900,242.18065385911717,0.3158267264603154,0.005412199993832245,0.31041452646648315,76.5679646711768
2022-02-08,26.1,27.3,25.75,26.0,9015000,199.60920803565986,0.46710089115226694,0.0977499382255192,0.36935095292674774,76.5679646711768
2022-02-09,26.0,26.5,25.9,26.25,5478100,146.21447832399946,0.600240468718301,0.19824804432407556,0.4019924243942254,77.83149481998487
2022-02-10,26.5,26.8,26.2,26.4,7410000,128.92347600518818,0.7096775683074341,0.30053394912074727,0.40914361918668685,78.57789821770218
2022-02-11,26.4,26.5,25.75,26.2,6889400,91.33409834672129,0.7713769760390079,0.3947025545043994,0.3766744215346085,74.95416363595456
2022-02-14,26.5,27.3,26.4,26.4,7858800,97.4147414741475,0.8268807629963497,0.48113819620278947,0.34574256679356025,76.13918434792103
2022-02-15,26.1,26.5,25.8,26.25,4059500,62.9938786867001,0.8489776814045662,0.5547060932431448,0.2942715881614214,73.3366097688357
2022-02-16,26.3,26.5,26.15,26.35,3865200,61.437742861970044,0.8645923305118046,0.6166833406968768,0.24790898981492782,74.02309282917926
2022-02-17,26.35,27.5,26.15,26.8,7745200,78.55304412934635,0.9028705618008175,0.6739207849176649,0.22894977688315254,76.90470286178963
2022-02-18,26.65,27.35,26.5,27.3,6504800,88.23658029955183,0.9624575457246785,0.7316281370790676,0.23082940864561086,79.61105714021953
2022-02-21,27.3,27.3,26.8,26.8,4712600,82.45469522240553,0.9582882875940903,0.7769601671820722,0.18132812041201818,70.6902291309028
2022-02-22,26.2,26.55,26.0,26.1,5663400,12.058905251459285,0.8882606547271727,0.7992202646910923,0.08904039003608044,60.473545884553204
2022-02-23,26.0,26.6,25.95,26.25,3076300,-0.19782393669523313,0.8352388836237203,0.8064239884776179,0.02881489514610247,61.749302419897376
2022-02-24,26.2,26.35,25.0,25.65,7196700,-151.4416896235073,0.7363159702677535,0.792402384835645,-0.05608641456789143,54.211937385918304
2022-02-25,25.75,26.2,25.75,25.9,2367700,-95.98484848484814,0.6703642179772658,0.7679947514639691,-0.09763053348670336,56.58962332134714
2022-02-28,25.7,25.75,25.0,25.35,2599200,-178.43137254902018,0.5671784950376839,0.7278315001787121,-0.1606530051410282,50.3901443977661
2022-03-01,25.3,25.5,25.05,25.4,3286200,-150.91787439613452,0.4838600113096625,0.6790372024049022,-0.19517719109523968,50.91657993532922
2022-03-02,25.35,25.4,24.95,25.0,3082400,-144.6666666666665,0.38115909088104516,0.6194615801001307,-0.2383024892190856,46.65158688669067
2022-03-03,25.0,25.2,24.8,25.0,3149000,-124.88066825775641,0.29635171344117595,0.5548396067683398,-0.2584878933271638,46.651586886690666
2022-03-04,25.0,25.75,25.0,25.4,2181900,-68.60304287690147,0.2584387913621775,0.4955594436871073,-0.2371206523249298,51.37531874933349
2022-03-07,25.35,25.35,24.85,24.9,3002100,-91.90567240280396,0.18590372373490283,0.4336282996966664,-0.24772457596176356,45.903809284938504
2022-03-08,24.7,25.8,24.55,25.2,3556300,-66.27069834413211,0.15088731777353104,0.37708010331203934,-0.2261927855385083,49.38680029037546
2022-03-09,25.2,25.5,24.8,25.0,1877100,-68.20832098033401,0.10577888213116537,0.3228198590758645,-0.21704097694469915,47.20474981292458
2022-03-10,25.4,26.5,25.2,26.2,5220700,49.36530324400558,0.16495855355516653,0.29124759797172495,-0.12628904441655842,58.92984083722871
2022-03-11,26.2,26.2,25.7,25.8,3302400,61.84738955823348,0.1775356915249091,0.26850521668236177,-0.09096952515745266,54.5786550362383
2022-03-14,25.6,26.5,25.6,26.15,5080600,97.05014749262533,0.2132866037060488,0.2574614940870992,-0.04417489038105038,57.53335284832628
2022-03-15,26.15,26.7,26.1,26.15,3315400,135.4640980735558,0.23886596107069025,0.2537423874838174,-0.014876426413127142,57.53335284832629
2022-03-16,26.6,26.6,25.7,25.7,4013300,71.98581560283722,0.22028721301084175,0.24705135258922226,-0.026764139578380503,52.446134255815316
2022-03-17,25.7,25.95,25.0,25.6,2675900,-0.6252791424745484,0.19524361025157688,0.2366898041216932,-0.041446193870116305,51.3593277846092
2022-03-18,25.7,25.85,25.3,25.35,2556500,-5.305441867515588,0.15345453560826172,0.2200427504190069,-0.06658821481074517,48.645359059362065
2022-03-21,25.35,25.35,25.05,25.2,2922400,-56.401074306177414,0.10699922600899114,0.19743404553700375,-0.0904348195280126,47.03922568763091
2022-03-22,25.1,25.65,25.05,25.3,1830700,-36.79114799446704,0.07736045950233716,0.17341932833007043,-0.09605886882773326,48.26557238340877
2022-03-23,25.3,25.35,25.15,25.2,2079400,-59.80625694775258,0.04528039503698267,0.14779154167145286,-0.1025111466344702,47.0912592276933
2022-03-24,25.1,25.7,25.05,25.45,3041300,-28.97166507481572,0.03957344544119579,0.12614792242540146,-0.08657447698420567,50.34395386252503
2022-03-25,25.45,25.7,25.35,25.35,1600300,-23.761031907670958,0.02667400122294694,0.10625313818491056,-0.07957913696196361,49.04511201327904
2022-03-28,25.35,25.35,24.7,24.95,3047000,-111.17715040449038,-0.015645210073092386,0.08187346853330997,-0.09751867860640236,44.13962361572351
2022-03-29,24.9,25.35,24.85,25.1,2584900,-91.76159815089865,-0.03665718234123716,0.058167338358400544,-0.0948245206996377,46.30837141039062
2022-03-30,25.0,25.3,24.9,24.9,2364300,-96.44282491757751,-0.06865622406310479,0.032802625874099475,-0.10145884993720426,43.863095388936244
2022-03-31,24.85,25.1,24.85,24.9,1322000,-101.02076733544517,-0.09294429123478665,0.007653242452322247,-0.10059753368710889,43.863095388936244
2022-04-01,24.8,25.25,24.65,25.05,1926000,-85.93628593628522,-0.09894839752331919,-0.013667085542806039,-0.08528131198051314,46.328253281119395
2022-04-04,25.0,25.05,24.65,24.9,2564000,-108.0736543909345,-0.11449066430181531,-0.033831801294607895,-0.08065886300720743,44.2362642366847
2022-04-05,24.85,25.5,24.85,25.2,1914600,-5.263157894736174,-0.10143129309634347,-0.04735169965495501,-0.054079593441388456,49.17904118963785
2022-04-06,25.2,25.2,24.9,24.95,1382700,-57.276995305164455,-0.10998669978041775,-0.05987869968004756,-0.05010800010037019,45.555266546480915
2022-04-07,24.95,25.0,24.7,24.7,1458500,-127.0963270963254,-0.13537926399408917,-0.07497881254285588,-0.060400451451233295,42.20606937151038
2022-04-08,24.7,24.85,24.05,24.1,2567100,-236.07843137254912,-0.20159418736384183,-0.10030188750705307,-0.10129229985678875,35.46670559686193
2022-04-12,24.5,24.5,24.0,24.0,1663900,-217.47572815533812,-0.25915181464938897,-0.13207187293552025,-0.12707994171386872,34.47854760636161
2022-04-13,24.0,24.25,23.4,23.85,1763900,-206.66666666666663,-0.3132593367147116,-0.16830936569135851,-0.1449499710233531,32.993599824784475
2022-04-14,23.9,24.4,23.9,24.0,995000,-118.12760882528403,-0.3401155510198528,-0.20267060275705737,-0.13744494826279544,35.963713302534586
2022-04-15,24.0,24.1,23.4,23.4,1619000,-149.67221381744773,-0.4051440317316306,-0.243165288551972,-0.1619787431796586,30.197703825869066
2022-04-18,23.4,23.4,22.45,22.55,2324400,-194.3529411764708,-0.5192815134091582,-0.2983885335234092,-0.22089297988574896,24.262905226953286
2022-04-19,22.2,23.0,22.2,22.3,1727700,-176.22377622377647,-0.6227307481888822,-0.3632569764565038,-0.2594737717323784,22.841054573380113
2022-04-20,22.3,22.85,22.3,22.55,1727300,-136.86098654708522,-0.6767410518118702,-0.42595379152757706,-0.2507872602842931,27.42146169242182
2022-04-21,22.55,22.55,21.3,22.3,2011800,-142.4159854677564,-0.7312876879630785,-0.48702057081467737,-0.24426711714840116,25.773754032475267
2022-04-22,22.3,23.0,21.75,21.9,2540300,-107.07878787878778,-0.7975987255406558,-0.5491362017598731,-0.2484625237807827,23.35559347532989
2022-04-25,21.9,22.4,20.7,20.7,1980600,-138.97502153316148,-0.9361888692206328,-0.6265467352520251,-0.30964213396860774,17.92283787774517
2022-04-26,20.7,21.5,20.0,21.5,1797200,-130.39110154287786,-0.9702844077822022,-0.6952942697580605,-0.27499013802414163,29.668385542453397
2022-04-27,21.7,21.85,21.15,21.85,717100,-82.82009724473289,-0.9580198364810713,-0.7478393831026626,-0.21018045337840863,34.11088472416906
2022-04-28,22.0,22.0,21.55,21.7,934200,-66.80983058935836,-0.9494590488635914,-0.7881633162548484,-0.16129573260874308,33.144616568637645
2022-04-29,21.7,21.8,21.55,21.75,1417400,-63.18289786223269,-0.9279432289483189,-0.8161192987935425,-0.11182393015477643,33.81760959062449
2022-05-04,21.75,22.8,21.75,22.3,1341900,-8.729792147806013,-0.8566366095964852,-0.824222760954131,-0.03241384864235419,40.86888407731003
2022-05-05,22.65,22.65,21.65,21.95,880200,-18.37069436850732,-0.8189275874878206,-0.823163726260869,0.0042361387730484035,38.08787770524964
2022-05-06,21.5,21.65,21.0,21.0,1179000,-103.75318066157772,-0.8558344495110859,-0.8296978709109124,-0.026136578600173488,31.768841706436547
2022-05-09,20.7,20.8,19.55,19.55,2926600,-212.80445372303413,-0.9906664986801879,-0.8618915964647675,-0.12877490221542032,24.961669166625136
2022-05-10,19.55,20.1,18.6,20.1,965000,-192.73579379027598,-1.041139853457345,-0.897741247863283,-0.14339860559406203,31.000983688573214
2022-05-11,20.5,20.5,20.05,20.3,682100,-102.85087719298262,-1.0528652470467712,-0.9287660476999806,-0.12409919934679059,33.10923620527658
2022-05-12,20.1,20.3,19.0,19.0,1320300,-145.29987239472595,-1.1537570483257014,-0.9737642478251247,-0.17999280050057664,27.275459035545552
2022-05-13,19.0,19.1,17.7,17.75,1721500,-180.2527646129546,-1.3193702026231442,-1.0428854387847286,-0.2764847638384156,23.066835848984198
2022-05-16,18.0,18.9,17.85,18.1,1226600,-136.86098654708536,-1.4061683126553497,-1.1155420135588527,-0.29062629909649695,26.48720984871548
2022-05-17,18.1,19.35,17.8,19.2,1721500,-90.42518662771846,-1.3703985320520324,-1.1665133172574886,-0.2038852147945438,36.10232292629975
2022-05-18,19.5,19.5,18.8,18.8,1136000,-66.90899299946153,-1.358665529789583,-1.2049437597639074,-0.15372177002567566,34.343246047177
2022-05-19,18.35,18.6,18.2,18.35,973200,-88.49928622412575,-1.3698870746860727,-1.2379324227483406,-0.13195465193773215,32.42890561369682
2022-05-20,18.35,18.6,18.25,18.4,967000,-77.34411300065041,-1.3590790306626843,-1.2621617443312094,-0.0969172863314749,32.876612598638424
2022-05-23,18.4,18.45,17.7,17.85,1874700,-91.15989320676361,-1.3789977536567477,-1.285528946196317,-0.09346880746043063,30.483949665196832
2022-05-24,17.85,17.85,17.0,17.4,1682900,-115.90163934426222,-1.4147859525420508,-1.3113803474654637,-0.10340560507658703,28.64695684473525
2022-05-25,17.5,17.9,17.1,17.8,1347800,-98.9130434782607,-1.3947933909559822,-1.3280629561635675,-0.0667304347924147,32.538521404830234
2022-05-26,17.8,18.35,17.7,17.85,1006800,-64.25120772946858,-1.359246017736627,-1.3342995684781793,-0.02494644925844769,33.03020464814788
2022-05-27,17.85,18.6,17.85,18.6,2084900,-21.604938271604592,-1.2560764687159214,-1.3186549485257277,0.06257847980980635,40.084369842920445
2022-05-30,18.6,19.2,18.6,19.15,1508100,55.76519916142626,-1.1170567198396846,-1.2783353027885191,0.16127858294883457,44.68576639702921
2022-05-31,19.15,19.25,18.55,18.65,1471400,63.30466510294497,-1.035294161947025,-1.2297270746202202,0.19443291267319518,41.560933329799624
2022-06-01,18.6,18.7,18.3,18.6,984200,35.021485573972456,-0.9634255577639195,-1.17646677124896,0.21304121348504057,41.25028484045645
2022-06-02,18.45,18.5,18.0,18.0,1450800,-30.82568807339369,-0.9440022860220125,-1.1299738742035705,0.185971588181558,37.61673607211595
2022-06-03,18.0,18.4,17.9,18.05,944600,-36.34218289085462,-0.9140381581783892,-1.0867867309985342,0.172748572820145,38.106014343100256
2022-06-06,18.05,18.4,17.9,17.9,1108100,-37.513397642014766,-0.8921114123387603,-1.0478516672665794,0.15574025492781907,37.164298846211125
2022-06-07,17.9,17.9,17.4,17.65,1296900,-101.21033693163216,-0.8847088460844752,-1.0152231030301586,0.13051425694568342,35.58582753398769
2022-06-08,17.6,18.35,17.6,18.05,1217900,-29.25442995653522,-0.8369181306877067,-0.9795621085616683,0.14264397787396155,39.978438159370995
2022-06-09,18.05,18.55,17.95,18.5,1320100,38.21221426134412,-0.7540402980470766,-0.9344577464587499,0.1804174484116733,44.558910237689
2022-06-10,18.2,18.5,18.0,18.0,960500,2.4509803921577675,-0.720400511242623,-0.8916462994155245,0.17124578817290148,40.83045179065613
2022-06-13,17.2,17.65,17.1,17.1,1993500,-172.38095238095138,-0.7576297322791063,-0.8648429859882409,0.10721325370913459,35.13202336428869
2022-06-14,17.0,17.4,17.0,17.1,1129900,-173.25870646766043,-0.7781639683358499,-0.8475071824577627,0.0693432141219128,35.13202336428869
2022-06-15,17.2,17.3,16.05,16.15,1679600,-204.3278084714549,-0.8611675553508391,-0.8502392570363779,-0.010928298314461182,30.00550703696721
2022-06-16,16.2,16.95,16.15,16.25,982000,-153.84049981624327,-0.9084077724668447,-0.8618729601224713,-0.0465348123443734,31.144494467189336
2022-06-17,15.9,15.9,15.15,15.6,2157800,-186.79504814305332,-0.986918965107968,-0.8868821611195706,-0.10003680398839732,27.9596723724667
2022-06-20,15.6,15.6,14.55,14.6,1809400,-182.17468805704112,-1.1169557232728593,-0.9328968735502283,-0.18405884972263098,23.908924129939948
2022-06-21,14.6,15.0,14.1,14.95,1305700,-153.41733486063373,-1.178187306185265,-0.9819549600772357,-0.1962323461080293,27.84894556241253
2022-06-22,15.4,15.5,15.1,15.35,758700,-92.87818754444761,-1.1808253007042673,-1.021729028202642,-0.15909627250162517,32.171623804494665
2022-06-23,15.3,15.3,14.7,15.3,699800,-89.92088063295478,-1.173424010931928,-1.0520680247484993,-0.1213559861834288,31.914235170485384
2022-06-24,15.35,15.5,15.25,15.25,808200,-66.8077601410934,-1.1582415302164826,-1.073302725842096,-0.08493880437438661,31.64161392726919
2022-06-27,15.6,16.3,15.3,16.3,1801300,-23.207686622320516,-1.0493864068044765,-1.0685194620345722,0.019133055230095675,42.709439418082326
2022-06-28,16.5,17.1,16.5,16.5,1459000,30.7443365695793,-0.9361878182987269,-1.042053133287403,0.10586531498867613,44.551014733949565
2022-06-29,16.25,16.25,15.8,16.05,904700,-4.046242774566244,-0.8727280943321247,-1.0081881254963474,0.13546003116422267,41.331745071935245
2022-06-30,15.8,16.0,15.5,15.5,1210300,-23.31002331002321,-0.8569379619442508,-0.977938092785928,0.12100013084167727,37.74203081060979
2022-07-01,15.5,15.8,15.1,15.6,1089900,-31.173547400611543,-0.8268238928432758,-0.9477152527973975,0.1208913599541217,38.783076127680495
2022-07-04,15.9,16.1,15.7,15.75,755100,22.875816993463957,-0.7818419424895975,-0.9145405907358375,0.13269864824624,40.3931535962428
2022-07-05,15.8,16.0,15.45,15.45,697100,1.883239171374898,-0.7616214179391125,-0.8839567561764925,0.12233533823737996,38.22760922474974
2022-07-06,15.45,16.05,15.2,15.6,967600,10.087719298245412,-0.7251338683005386,-0.8521921786013017,0.1270583103007631,39.96080985776176
2022-07-07,15.6,15.8,15.45,15.65,632400,11.949099937927269,-0.6842945189449541,-0.8186126466700322,0.13431812772507812,40.55949754901654
2022-07-08,15.8,16.45,15.75,16.35,1608100,100.00000000000003,-0.5886591937353653,-0.7726219560830988,0.18396276234773346,48.327940713963
2022-07-11,16.4,16.8,16.0,16.3,1210300,113.00653594771231,-0.5110114694972516,-0.7202998587659294,0.20928838926867777,47.84692178017424
2022-07-12,16.25,16.45,16.2,16.35,899000,90.86538461538439,-0.4403642613961978,-0.6643127392919831,0.22394847789578531,48.400014754918054
2022-07-13,16.8,16.85,16.4,16.45,1650800,115.93220338983087,-0.372018280560372,-0.6058538475456609,0.23383556698528885,49.552336950340866
2022-07-14,16.4,16.5,16.1,16.45,970700,64.28571428571395,-0.3142313351128081,-0.5475293450590903,0.23329800994628225,49.55233695034086
2022-07-15,16.45,16.7,16.4,16.4,1058000,79.82456140350894,-0.26936428286628455,-0.4918963326205292,0.22253204975424462,48.918846707061576
2022-07-18,16.6,16.8,16.3,16.4,1036900,85.84474885844799,-0.23114235551796725,-0.4397455372000168,0.20860318168204955,48.91884670706156
2022-07-19,16.4,16.45,16.25,16.4,541700,53.010552451893375,-0.19856230012520726,-0.3915088897850549,0.19294658965984762,48.91884670706156
2022-07-20,16.55,16.65,16.5,16.6,1263300,83.27721661055,-0.1548193815112171,-0.34417098813028735,0.18935160661907025,51.98548382332532
2022-07-21,16.6,16.6,16.4,16.45,742600,59.111111111111285,-0.13074935260839027,-0.30148666102590793,0.17073730841751766,49.58131119641375
2022-07-22,16.45,16.75,16.45,16.6,1223300,78.24184566428,-0.09843523477730542,-0.26087637577618744,0.16244114099888202,51.97325721692623
2022-07-25,16.6,16.6,16.3,16.35,643500,29.030585795750056,-0.09193915687799503,-0.22708893199654895,0.13514977511855392,47.89492363362488
2022-07-26,16.3,16.4,16.15,16.2,609500,-50.256410256410305,-0.09776770944260704,-0.20122468748576056,0.10345697804315351,45.583667847823655
2022-07-27,16.1,16.1,15.6,15.95,1119900,-244.05797101449016,-0.12116309724174457,-0.18521236943695735,0.06404927219521278,41.950164017255965
2022-07-28,16.1,16.3,15.95,16.1,740200,-123.8095238095237,-0.1261462290246378,-0.17339914135449344,0.04725291232985565,44.793589175783715
2022-07-29,16.1,16.7,16.1,16.5,1593500,22.616233254532723,-0.09670399633004223,-0.1580601123496032,0.06135611601956098,51.601668540968895
2022-08-01,16.6,17.0,16.6,16.95,2317100,174.6361746361746,-0.03663724426071724,-0.13377553873182602,0.09713829447110878,57.89279881063073
2022-08-02,17.1,17.15,16.7,16.95,1573600,172.15189873417768,0.010841119830757862,-0.10485220701930924,0.1156933268500671,57.89279881063072
2022-08-03,16.7,17.55,16.6,17.05,1780800,171.8918918918927,0.055892930787543094,-0.07270317945793878,0.12859611024548187,59.25769839351288
2022-08-04,17.1,17.4,17.0,17.1,1449300,150.6402313093765,0.09454158118630573,-0.039254227329089876,0.1337958085153956,59.9566220172712
2022-08-05,17.2,17.95,17.2,17.8,2785500,188.86792452830244,0.17958492174161833,0.004513602485051768,0.17507131925656655,68.18521938420447
2022-08-08,17.8,17.85,17.5,17.6,1350600,144.85956544780078,0.22821335184345415,0.04925355235673225,0.17895979948672192,64.13036329751817
2022-08-09,17.6,17.6,17.3,17.55,1223300,98.57262804366091,0.2597232232697557,0.09134748653933694,0.16837573673041878,63.119772544505956
2022-08-10,17.55,18.5,17.35,18.1,2060500,137.99849510910406,0.32532527953515356,0.13814304513850026,0.1871822343966533,68.92140672771473
2022-08-11,18.4,18.4,17.8,17.8,1928100,115.94798083504422,0.3490838674406902,0.18033120959893825,0.16875265784175195,63.091386389028024
2022-08-12,17.75,17.95,17.55,17.85,825500,79.15818058384241,0.3677085859713429,0.2178066848734192,0.14990190109792373,63.6433785222431
2022-08-15,18.0,18.05,17.6,17.65,1310500,67.51412429378487,0.3621557747236075,0.24667650284345685,0.11547927188015064,59.79136086649653
2022-08-16,17.65,17.9,17.6,17.7,968900,55.19888346126951,0.357666754233513,0.2688745531214681,0.08879220111204494,60.43606318859028
2022-08-17,17.8,17.8,17.35,17.35,1411900,12.378426171529275,0.32215351306055595,0.27953034510928565,0.0426231679512703,53.918832911502435
2022-08-18,17.35,17.75,17.3,17.35,1206100,-8.130081300812774,0.2906584835027033,0.28175597278796916,0.008902510714734135,53.918832911502435
2022-08-19,17.35,17.55,17.25,17.4,832800,-37.24569640062576,0.2666591471425299,0.2787366076588813,-0.01207746051635139,54.72768832666608
2022-08-22,17.4,17.55,17.3,17.4,841000,-48.55072463768186,0.24481739760515708,0.2719527656481365,-0.02713536804297939,54.72768832666608
2022-08-23,17.35,17.9,17.3,17.45,1203000,-21.935483870968188,0.22890357790943483,0.26334292810039617,-0.03443935019096134,55.63091604467413
2022-08-24,17.6,18.0,17.5,17.9,2044000,59.43859649122831,0.24972433367022973,0.2606192092143629,-0.010894875544133154,62.82038297731647
2022-08-25,17.9,18.15,17.8,17.9,940500,99.78213507625226,0.26319103025010904,0.2611335734215121,0.0020574568285969264,62.82038297731647
2022-08-26,17.9,18.0,17.6,17.65,1130600,23.677736777367617,0.25079951298078385,0.2590667613333665,-0.008267248352582635,56.88175552859318
2022-08-29,17.3,17.5,16.85,17.05,1772000,-164.7497337593174,0.190369697308455,0.24532734852838417,-0.05495765121992918,45.71266176378242
2022-08-30,17.05,17.35,17.0,17.1,1014000,-132.63157894736878,0.14484354887790118,0.22523058859828757,-0.08038703972038638,46.652732560565944
2022-08-31,17.1,17.3,17.0,17.25,412100,-108.46846846846918,0.11949008729979838,0.20408248833858972,-0.08459240103879134,49.47916415164743
2022-09-05,17.2,17.2,17.0,17.0,958500,-122.33676975945076,0.07832153378647533,0.17893029742816685,-0.10060876364169152,45.182512814614576
2022-09-06,17.0,17.1,16.85,16.85,876100,-133.9743589743591,0.03320860401066028,0.14978595874466555,-0.11657735473400527,42.781996089954475
2022-09-07,16.7,16.95,16.25,16.25,1159300,-190.74074074074116,-0.050377977483332614,0.10975317149906591,-0.16013114898239852,34.81424121947722
2022-09-08,16.1,16.25,15.15,15.15,4808000,-267.8030303030303,-0.20304121965117972,0.04719429326901678,-0.2502355129201965,25.454472138192635
2022-09-09,14.55,15.0,14.45,14.85,3956200,-241.5474880821421,-0.34426693679520426,-0.031097952743827442,-0.31316898405137683,23.591616689850735
2022-09-12,14.85,15.4,14.65,14.65,2214421,-159.35919055649177,-0.46694501220097706,-0.11826736463525737,-0.3486776475657197,22.413938424855314
2022-09-13,14.55,14.95,14.5,14.8,1033300,-130.0761570005859,-0.545773190798652,-0.2037685298679363,-0.34200466093071574,25.420927706712824
2022-09-14,14.6,14.8,14.55,14.75,960900,-107.36354544976015,-0.6053021262720613,-0.2840752491487613,-0.32122687712329995,25.07210685985526
2022-09-15,15.2,15.35,15.1,15.15,1440500,-63.900113977826024,-0.613134743793708,-0.3498871480777507,-0.26324759571595735,32.99351749693883
2022-09-16,15.3,15.3,14.8,14.85,867500,-66.06942889137726,-0.6362157433472078,-0.4071528671316421,-0.22906287621556565,30.397856819075482
2022-09-19,14.75,14.85,14.5,14.55,845700,-78.01370632513195,-0.6709804496259082,-0.4599183836304953,-0.21106206599541288,28.023598922570837
2022-09-20,14.65,14.95,14.6,14.95,916800,-58.03722504230125,-0.6586624223556488,-0.499667191375526,-0.15899523098012275,35.281886863051454
2022-09-21,14.9,14.9,14.5,14.65,995200,-63.44526344526353,-0.6654370457495418,-0.5328211622503292,-0.1326158834992126,32.62461828987917
2022-09-22,14.6,14.85,14.5,14.8,617700,-56.369636963696465,-0.6511956589983221,-0.5564960615999277,-0.0946995973983944,35.250497657469516
2022-09-23,14.8,14.85,14.6,14.6,521000,-57.18353044240075,-0.6485712601590681,-0.5749111013117558,-0.07366015884731225,33.38233916960768
2022-09-26,14.6,14.65,14.1,14.25,1365000,-117.47126436781588,-0.6670442096706601,-0.5933377229835367,-0.07370648668712343,30.35093863092596
2022-09-27,14.1,14.4,14.05,14.05,645700,-183.2310838445807,-0.6898700908017297,-0.6126441965471753,-0.0772258942545544,28.744626767814292
2022-09-28,14.05,14.15,13.65,13.65,899690,-234.33190679981092,-0.7318006803967059,-0.6364754933170814,-0.09532518707962445,25.80327327603428
2022-09-29,13.65,13.9,13.6,13.6,555418,-178.4455958549232,-0.7603012770264268,-0.6612406500589505,-0.0990606269674763,25.45266791318478
2022-09-30,13.5,13.6,12.8,13.35,1111982,-186.04468835750734,-0.793909422226049,-0.6877744044923702,-0.10613501773367884,23.71740378883715
2022-10-03,13.25,13.35,12.5,12.5,891783,-184.6358157115128,-0.8789994571006705,-0.7260194150140302,-0.1529800420866403,18.979548827411723
2022-10-04,12.5,13.0,12.35,12.4,776155,-156.96969696969677,-0.9436255589870477,-0.7695406438086337,-0.17408491517841396,18.51104693046228
2022-10-05,12.55,12.75,12.5,12.6,608804,-123.77654662973222,-0.9675505612172621,-0.8091426272903595,-0.15840793392690267,22.62483340028802
2022-10-06,12.7,12.8,12.2,12.2,634183,-119.51219512195112,-1.0071778357712233,-0.8487496689865323,-0.15842816678469107,20.40604205300349
2022-10-07,12.0,12.2,11.35,11.35,1817832,-145.83333333333334,-1.0945533034614048,-0.8979103958815068,-0.196642907579898,16.66579192345607
2022-10-10,11.1,11.35,10.8,11.25,890994,-149.06731549067317,-1.158513532523953,-0.950031023209996,-0.20848250931395707,16.28755534056628
2022-10-11,11.25,11.45,11.0,11.0,625734,-124.67130703789637,-1.215365409623967,-1.0030979004927902,-0.21226750913117676,15.349646465702389
2022-10-12,11.1,11.55,11.1,11.4,693778,-98.87410440122822,-1.2141483286097454,-1.0453079861161814,-0.16884034249356406,22.9906894419465
2022-10-13,11.4,11.8,11.4,11.6,423397,-73.4286952752492,-1.1834039109648735,-1.0729271710859198,-0.11047673987895368,26.560210725739434
2022-10-14,11.7,11.8,11.5,11.65,630970,-59.62962962962954,-1.1418417158190053,-1.0867100800325369,-0.0551316357864684,27.465394346597847
2022-10-17,11.65,11.7,11.3,11.45,411195,-62.08271051320351,-1.1122207171626268,-1.0918122074585548,-0.020408509704072042,26.0806537854224
2022-10-18,11.6,11.75,11.45,11.65,573404,-42.74206541002076,-1.0603840861109042,-1.0855265831890246,0.02514249707812044,29.887478200394273
2022-10-19,11.8,11.9,11.6,11.8,709115,-19.101683099292888,-0.9957213798896287,-1.0675655425291455,0.07184416263951676,32.687407053773846
2022-10-20,11.8,11.8,11.6,11.7,454203,-17.879948914431882,-0.9416896712559844,-1.0423903682745133,0.1007006970185289,31.776343336155904
2022-10-21,11.6,11.7,11.1,11.15,731162,-73.9405439595189,-0.9325002736512094,-1.0204123493498525,0.08791207569864312,27.273769717758622
2022-10-24,11.15,11.25,10.45,10.55,841029,-167.86570743405306,-0.9625370672810725,-1.0088372929360965,0.04630022565502401,23.381503157103342
2022-10-25,10.5,11.0,10.0,10.55,772498,-179.48717948717956,-0.9751010843155115,-1.0020900512119795,0.026988966896468014,23.381503157103346
2022-10-26,10.55,10.9,10.5,10.55,438529,-131.19810201660744,-0.9738324243360488,-0.9964385258367934,0.022606101500744602,23.38150315710334
2022-10-27,10.55,10.85,10.55,10.85,707480,-91.65879760780615,-0.9378090306275126,-0.9847126267949372,0.046903596167424566,29.651088816611175
2022-10-28,11.0,11.15,10.75,10.75,497512,-60.262138814417845,-0.906875499595154,-0.9691452013549806,0.0622697017598266,28.80496107499174
2022-10-31,10.75,11.0,10.6,10.8,479518,-65.55832640620724,-0.8683164596171515,-0.9489794530074148,0.08066299339026328,29.882361780472216
2022-11-01,11.0,11.15,10.9,10.9,519703,-31.034482758621014,-0.8202338333139618,-0.9232303290687243,0.10299649575476244,32.095659015800706
2022-11-02,10.95,11.15,10.9,10.9,400654,-25.34028381117867,-0.7732148658876579,-0.893227236432511,0.12001237054485314,32.095659015800706
2022-11-03,10.8,11.0,10.8,10.85,344640,-36.27404228262638,-0.7315536821104942,-0.8608925255681077,0.12933884345761348,31.518732398346554
2022-11-04,10.85,10.9,10.5,10.7,542022,-64.81481481481475,-0.7025421713778393,-0.829222454730054,0.1266802833522147,29.788784589790218
2022-11-07,10.6,10.7,10.1,10.1,670889,-138.55399061032853,-0.7196694245488047,-0.8073118486938041,0.08764242414499945,24.09250931882256
2022-11-08,10.1,10.3,10.1,10.25,545000,-151.3513513513513,-0.7129210397163828,-0.7884336868983198,0.07551264718193706,27.80910487455554
2022-11-09,10.3,10.5,10.3,10.4,624058,-96.89567430025407,-0.687543575363728,-0.7682556645914015,0.08071208922767348,31.424963161697995
2022-11-10,10.5,10.5,9.76,9.76,792637,-170.05704744677894,-0.7108798232314353,-0.7567804963194082,0.045900673087972965,25.545729929809426
2022-11-11,10.15,10.15,9.9,9.9,383154,-136.15673392773348,-0.7098939225781411,-0.7474031815711548,0.03750925899301372,28.688677579151552
2022-11-14,9.8,9.8,9.25,9.25,819552,-187.60637660314,-0.7528833859115647,-0.7484992224392368,-0.00438416347232784,23.688788291069656
2022-11-15,9.0,9.25,8.61,8.61,1484250,-209.35122423571732,-0.8290388527863364,-0.7646071485086567,-0.06443170427767964,19.993918943796128
2022-11-16,8.01,9.21,8.01,9.21,1520826,-161.4801052794551,-0.8313938327846753,-0.7779644853638604,-0.05342934742081484,30.87879525362719
2022-11-17,9.7,9.7,9.31,9.42,552692,-71.7827715355807,-0.8070121922388189,-0.7837740267388521,-0.023238165499966823,34.250471534234286
2022-11-18,9.3,9.35,9.0,9.3,625149,-85.5321861057999,-0.7882856967429053,-0.7846763607396627,-0.003609336003242536,33.25230509684749
2022-11-21,9.31,9.5,9.31,9.35,658837,-56.364990689013,-0.7606420242404894,-0.779869493439828,0.019227469199338598,34.11390103711098
2022-11-22,9.3,9.7,9.25,9.38,635577,-41.12517580872016,-0.7279224286988182,-0.7694800804916261,0.041557651792807904,34.65889262143414
2022-11-23,9.38,9.48,9.23,9.23,401713,-48.365924926949845,-0.7059578176197459,-0.7567756279172501,0.05081781029750421,33.18100886417567
2022-11-24,9.2,9.23,8.97,9.22,519265,-65.09353411472499,-0.6815016942088512,-0.7417208411755702,0.06021914696671904,33.07973879900721
2022-11-25,9.22,9.4,9.22,9.4,559977,-28.485401459853904,-0.6402155383261405,-0.7214197806056843,0.08120424227954381,36.81777584649162
2022-11-28,9.47,10.0,9.47,10.0,1190744,70.40701825971647,-0.5527096835653147,-0.6876777611976104,0.13496807763229568,47.3707845951898
2022-11-29,10.1,10.4,10.05,10.35,966147,167.0867309117861,-0.4499320516750345,-0.6401286192930952,0.1901965676180607,52.36855834881127
2022-11-30,10.5,10.5,10.15,10.3,1005520,158.3317167798255,-0.36826943920629596,-0.5857567832757353,0.21748734406943937,51.61449467521195
2022-12-01,10.4,10.75,10.4,10.45,1593534,165.55741360089158,-0.288126145229862,-0.5262306556665607,0.23810451043669867,53.76534864923047
2022-12-02,10.45,10.7,10.2,10.65,1005408,123.7753882915176,-0.20609791040240033,-0.4622041066137286,0.2561061962113283,56.53940172193229
2022-12-05,10.85,11.1,10.85,11.05,1379989,148.06493401344022,-0.1075732488093486,-0.39127793505285263,0.28370468624350403,61.5130528735809
2022-12-06,11.1,11.1,10.5,10.6,1490468,97.8369384359403,-0.06505309230414369,-0.32603296650311087,0.2609798741989672,54.02283883309109
2022-12-07,10.4,10.75,10.3,10.55,897423,63.96870362876027,-0.03498683758007637,-0.26782374071850396,0.2328369031384276,53.24701276322643
2022-12-08,10.55,11.1,10.55,11.0,1155332,90.97522075699207,0.02486549119325332,-0.2092858943361525,0.23415138552940581,58.95951801396101
2022-12-09,11.0,11.75,11.0,11.75,1541257,142.36787037570323,0.131304033779843,-0.14116790871295337,0.2724719424927964,66.34111604955285
2022-12-12,12.55,12.55,12.55,12.55,866345,213.61502347417868,0.27701737587725894,-0.05753085179491091,0.33454822767216985,72.10458736915
2022-12-13,13.4,13.4,12.5,12.9,5430525,195.52731969601382,0.415943585487744,0.037164035661620076,0.37877954982612394,74.1870836719001
2022-12-14,13.6,13.6,13.1,13.35,1966854,173.8805970149257,0.5559462444647583,0.14092047742224773,0.41502576704251054,76.60531480194334
2022-12-15,13.35,14.25,13.35,14.25,4028025,161.02985310377505,0.7310942394528492,0.25895522982836805,0.4721390096244812,80.53328424407762
2022-12-16,14.65,15.2,14.3,15.1,5137648,161.86241171854553,0.9277931615722625,0.392722816177147,0.5350703453951156,83.37272646591455
2022-12-19,15.45,15.85,14.2,14.2,4645181,124.19442503299936,0.9995339904513205,0.5140850510319817,0.48544893941933887,71.483480651872
2022-12-20,14.2,15.0,13.75,14.9,3959919,97.41176470588233,1.1001909476591134,0.631306230357408,0.46888471730170544,74.526214737934
2022-12-21,15.4,15.4,14.1,14.25,1481186,86.10240334378277,1.1146635956406161,0.7279777034140495,0.3866858922265666,67.34089096716885
2022-12-22,14.25,14.55,13.3,13.45,3627107,42.94856411487083,1.0494821820005882,0.7922785991313572,0.25720358286923095,59.71046090794667
2022-12-23,13.4,13.9,13.05,13.55,1042347,24.099868593955353,0.9944314199521269,0.8327091632955111,0.16172225665661577,60.31577770846717
2022-12-26,13.55,13.6,12.65,12.65,1945880,-13.490364025695914,0.8681730574360706,0.839801942123623,0.028371115312447626,52.649078944676084
2022-12-27,12.6,13.5,12.6,13.5,1848136,-13.509933774834293,0.8271652456934522,0.8372746028375888,-0.010109357144136633,58.06989330370337
2022-12-28,14.1,14.4,14.0,14.15,2631148,49.55659885237331,0.8374620855453205,0.8373120993791352,0.0001499861661853341,61.68243691673839
2022-12-29,14.2,14.35,13.8,13.85,1426872,22.0502901353964,0.8120540588133611,0.8322604912659803,-0.020206432452619216,59.14946411131583
2022-12-30,13.95,14.25,13.85,13.9,966423,12.66968325791851,0.7868819118431567,0.8231847753814157,-0.036302863538258956,59.44835379544116
2023-01-03,13.9,14.5,13.9,14.5,1963792,43.38701805758884,0.8060560769024754,0.8197590356856276,-0.013702958783152197,62.95143709104589
2023-01-04,14.5,14.7,14.1,14.2,1639499,40.071877807726686,0.7879611227249903,0.8133994530935001,-0.025438330368509843,60.15337922283967
2023-01-05,14.2,14.5,13.95,14.35,1594472,26.442062276671443,0.7767703623554496,0.80607363494589,-0.02930327259044041,61.08475617534407
2023-01-06,14.3,14.6,14.1,14.15,1815306,38.27366083819036,0.7431961727513325,0.7934981425069785,-0.05030196975564594,59.10115932393999
2023-01-09,14.45,15.1,14.45,14.9,3638299,123.30310524869476,0.7682511960215948,0.7884487532099017,-0.020197557188306958,63.842825755437715
2023-01-10,14.9,14.9,14.45,14.55,1271964,91.58523344191083,0.751205972703179,0.7810001971085572,-0.029794224405378156,60.327796619738905
2023-01-11,14.65,15.2,14.55,14.95,3722139,124.74708171206214,0.7611995330924177,0.7770400643053292,-0.015840531212911513,62.84550171928846
2023-01-12,14.95,15.05,14.6,14.9,1457209,102.91508238276298,0.7563660031057271,0.7729052520654088,-0.01653924895968173,62.31315695314261
2023-01-13,15.05,15.15,14.55,14.6,1755211,83.14176245210696,0.7200278698898774,0.7623297756303026,-0.04230190574042514,59.079517009860226
2023-01-16,14.6,14.7,14.15,14.25,2041027,3.4825870646764185,0.655432148767602,0.7409502502577625,-0.08551810149016048,55.463342205334406
2023-01-17,14.45,14.5,14.2,14.5,1878308,-9.32090545938766,0.6172966732584975,0.7162195348579095,-0.098922861599412,57.46599387359598
2023-01-18,14.5,14.65,14.3,14.55,1694150,11.326860841423775,0.5843723357712101,0.6898500950405696,-0.10547775926935954,57.8739869851187
2023-01-19,14.6,15.0,14.55,14.75,1546806,71.51079136690518,0.567871816819391,0.6654544393963339,-0.09758262257694283,59.545567607820296
2023-01-27,14.7,14.7,14.2,14.25,3627473,-49.20127795527238,0.5085865462238708,0.6340808607618412,-0.12549431453797044,53.79819483861588
2023-01-30,14.15,14.25,13.6,13.85,2941457,-171.82425978987587,0.4244332824100123,0.5921513450914755,-0.16771806268146316,49.66799359316008
2023-01-31,13.85,14.3,13.65,14.1,1820366,-121.96620583717413,0.37360741153123556,0.5484425583794275,-0.1748351468481919,52.141035676521064
2023-02-01,14.1,14.25,13.35,13.45,1941186,-169.8412698412697,0.27767708635235167,0.4942894639740123,-0.21661237762166063,45.83517732787963
2023-02-02,13.5,13.75,13.0,13.1,2555898,-193.84615384615333,0.17143336051302782,0.4297182432818154,-0.2582848827687876,42.83140992949801
2023-02-03,12.7,12.9,12.4,12.4,3605515,-212.12121212121193,0.03039986180115939,0.3498545669856842,-0.3194547051845248,37.533536813769345
2023-02-06,12.1,12.35,11.95,12.15,1436886,-190.36351165980773,-0.10038592621299713,0.2598064683459479,-0.36019239455894503,35.8290219713177
2023-02-07,12.3,12.85,12.2,12.65,1706791,-119.22299922299896,-0.1618233848997246,0.1754804976968134,-0.337303882596538,41.54652388945354
2023-02-08,12.7,12.8,12.3,12.6,773554,-98.05725971370144,-0.2121026088292126,0.0979638763916082,-0.3100664852208208,41.15166694906241
2023-02-09,12.5,12.8,12.5,12.5,428139,-79.6335747763103,-0.2570552474197907,0.02696005162932842,-0.2840152990491191,40.326186268182596
2023-02-10,12.5,12.5,12.0,12.1,961790,-95.49549549549533,-0.3212539785386781,-0.04268275440427288,-0.2785712241344052,37.118753648633934
2023-02-13,12.1,12.15,11.55,11.65,1185095,-110.19283746556471,-0.40378855159719684,-0.11490391384285768,-0.28888463775433915,33.85628122709671
2023-02-14,11.6,11.85,11.6,11.8,494654,-99.4121576486306,-0.45188499998666565,-0.18230013107161927,-0.2695848689150464,35.879368795501016
2023-02-15,11.9,12.15,11.85,12.0,841371,-73.71809611404917,-0.46846330000705727,-0.2395327648587069,-0.22893053514835038,38.57698774628541
2023-02-16,12.0,12.2,12.0,12.1,577708,-60.71096221849978,-0.4681361755215274,-0.285253446991271,-0.18288272853025644,39.937617789118384
2023-02-17,12.1,12.25,12.0,12.1,660658,-53.36426914153119,-0.46254499621780454,-0.3207117568365777,-0.14183323938122683,39.937617789118384
2023-02-20,12.1,12.7,12.1,12.7,1097752,13.333333333333577,-0.40503002672095256,-0.33757541081345266,-0.0674546159074999,47.95941585131257
2023-02-21,12.85,12.85,12.55,12.6,977459,64.2771804062125,-0.36332992210978965,-0.34272631307272006,-0.020603609037069592,46.836651933903106
2023-02-22,12.4,12.6,12.1,12.1,1010375,-1.8276762402090967,-0.3664044279317018,-0.3474619360445164,-0.018942491887185386,41.593475617233814
2023-02-23,12.1,12.35,12.0,12.35,1266714,-4.666666666666403,-0.3446946598100453,-0.3469084807976222,0.0022138209875768866,44.91398465293681
2023-02-24,12.5,13.05,12.4,13.0,2235611,125.44184134813023,-0.2719055860986632,-0.3319079018578304,0.0600023157591672,52.478655771272464
2023-02-27,12.95,12.95,12.5,12.55,897757,84.95009980039887,-0.24767590628377611,-0.3150615027430196,0.06738559645924347,47.60469204018691
2023-02-28,12.8,12.8,12.0,12.1,1301603,3.631647211414184,-0.2617674573543507,-0.30440269366528583,0.04263523631093513,43.276229262322786
2023-03-01,12.15,12.35,12.0,12.35,649371,-7.364897178383767,-0.24988172149962296,-0.29349849923215326,0.04361677773253031,46.202779242184974
2023-03-02,12.45,12.45,12.1,12.15,569698,-8.104196816207867,-0.2536762962972041,-0.28553405864516346,0.03185776234795934,44.23649529017465
2023-03-03,12.4,12.4,12.0,12.0,852207,-47.28986645718816,-0.26572416776200747,-0.28157208046853227,0.015847912706524803,42.76646123302765
2023-03-06,12.2,12.5,12.15,12.5,936481,17.40387395200906,-0.23224914776705852,-0.2717074939282375,0.03945834616117899,48.86628715656036
2023-03-07,12.5,12.5,12.3,12.4,512095,14.446529080675557,-0.21135277429218924,-0.25963655000102787,0.04828377570883863,47.76972251116692
2023-03-08,12.3,12.45,12.15,12.45,575768,-11.475409836066252,-0.1885837890991482,-0.24542599782065194,0.05684220872150375,48.39329325371646
2023-03-09,13.3,13.3,13.3,13.3,1134564,238.94149065307155,-0.10078946977013636,-0.21649869221054882,0.11570922244041246,57.649893497536574
2023-03-10,14.2,14.2,13.7,13.95,5237212,251.51515151515133,0.020995703148834366,-0.16899981313867218,0.18999551628750655,63.100501406884945
2023-03-13,13.7,13.8,13.0,13.0,2432877,103.87096774193549,0.040388693861430625,-0.12712211173865162,0.16751080560008225,52.47116659047373
2023-03-14,13.05,13.4,12.7,13.15,1612086,63.00451321727932,0.0670881744042191,-0.08828005451007748,0.15536822891429658,53.79464815392989
2023-03-15,13.4,13.65,13.15,13.5,1778106,95.3028135431568,0.11516226116105521,-0.047591591375850936,0.16275385253690616,56.81628462999486
2023-03-16,13.45,13.45,13.05,13.1,1017525,55.12304250559272,0.11960592159833716,-0.01415208878101331,0.13375801037935048,52.58395206036697
2023-03-17,13.2,13.35,13.0,13.1,790207,42.479213907785514,0.12172439149537162,0.01302320727426368,0.10870118422110794,52.58395206036697
2023-03-20,13.1,13.1,12.65,12.7,1318891,-4.878048780487428,0.09008815689623617,0.02843619719865818,0.06165195969757799,48.402349385929504
2023-03-21,12.8,12.9,12.6,12.9,914539,-13.829787234042383,0.08022970349923497,0.03879489845877354,0.04143480504046143,50.521027131317055
2023-03-22,12.95,13.35,12.95,13.1,1071883,28.753816264224454,0.08754596133920067,0.048545111034858965,0.03900085030434171,52.61633715301991
2023-03-23,13.0,13.1,12.85,13.0,482273,-6.787027749916136,0.0843031894321733,0.05569672671432183,0.028606462717851465,51.44330170363467
2023-03-24,12.95,13.1,12.9,12.95,723429,-17.780382962094226,0.07681323207558854,0.059920027786575174,0.01689320428901337,50.833074463877026
2023-03-27,13.0,13.25,13.0,13.2,962921,9.985734664764855,0.09001268734236056,0.06593855969773225,0.02407412764462831,53.78496807280858
2023-03-28,13.2,13.3,12.95,12.95,1191682,-34.86348634863414,0.0793853353451901,0.06862791482722383,0.01075742051796627,50.51861047898222
2023-03-29,12.95,13.2,12.8,13.1,1035452,-41.51061173533136,0.08212019819247551,0.07132637150027417,0.010793826692201344,52.386987045894664
2023-03-30,13.2,13.25,12.85,12.9,2003525,-42.30769230769183,0.06737263833559126,0.07053562486733758,-0.00316298653174632,49.69273132932641
2023-03-31,12.95,12.95,12.75,12.85,897198,-106.03174603174648,0.05106189897950664,0.06664087968977139,-0.015578980710264756,49.01405805937794
2023-04-03,12.85,13.0,12.8,12.85,1430460,-76.17823479005969,0.03770092770075628,0.06085288929196837,-0.023151961591212092,49.01405805937794
2023-04-04,12.85,13.5,12.85,13.1,1350336,80.85106382978768,0.046746310001442026,0.0580315734338631,-0.011285263432421075,52.7556556222853
2023-04-05,13.1,13.2,13.0,13.1,1122723,59.09090909090952,0.05330042650481204,0.05708534404805289,-0.003784917543240854,52.75565562228531
2023-04-06,13.3,13.4,13.15,13.2,2534060,140.42553191489384,0.06580521377662762,0.05882931799376784,0.006975895782859787,54.31107298982515
2023-04-07,13.2,13.2,13.05,13.05,1079712,43.13725490196142,0.06288668284968502,0.05964079096495127,0.0032458918847337453,51.56850381188808
2023-04-10,13.15,13.3,13.0,13.1,1430872,56.75675675675744,0.06387203117929197,0.06048703900781941,0.0033849921714725548,52.43080393554085
2023-04-11,13.1,13.25,13.0,13.25,1295889,78.36477987421253,0.0758819533044317,0.06356602186714187,0.012315931437289832,55.018258689893685
2023-04-12,13.35,13.35,13.1,13.15,1131744,90.21065675340849,0.07644947686909376,0.06614271286753225,0.01030676400156151,52.950451484715046
2023-04-13,12.8,12.95,12.45,12.5,4502789,-227.81641168289164,0.02417104687708793,0.057748379669443385,-0.033577332792355453,41.92142297920747
2023-04-14,12.5,12.65,12.2,12.25,1526704,-235.1145038167936,-0.037006310488468586,0.03879744163786099,-0.07580375212632957,38.59194889982855
2023-04-17,12.2,12.35,12.1,12.35,1058761,-185.35211267605752,-0.07653835616816806,0.015730282076655177,-0.09226863824482325,40.623369470166956
2023-04-18,12.35,12.45,12.2,12.35,564718,-129.75338106603093,-0.10663852465034473,-0.008743479268744806,-0.09789504538159993,40.62336947016695
2023-04-19,12.35,12.55,12.3,12.4,672773,-90.52480745119176,-0.1250174199038998,-0.03199826739577581,-0.093019152508124,41.74094614699314
2023-04-20,12.3,12.45,12.25,12.4,487726,-83.5087719298247,-0.13799213932017373,-0.0531970417806554,-0.08479509753951833,41.74094614699313
2023-04-21,12.3,12.35,12.25,12.25,482831,-83.43558282208645,-0.15855076975377713,-0.07426778737527975,-0.08428298237849738,39.175477557895846
2023-04-24,12.25,12.3,12.0,12.05,705830,-97.17223650385606,-0.18880552841538645,-0.09717533558330109,-0.09163019283208536,35.99851283655093
2023-04-25,12.1,12.3,12.0,12.05,631566,-86.78861788617876,-0.21035776920821192,-0.11981182230828326,-0.09054594689992866,35.99851283655093
2023-04-26,12.05,12.1,11.95,12.05,540701,-92.63420724094898,-0.22484618841389192,-0.14081869552940499,-0.08402749288448694,35.99851283655093
2023-04-27,12.05,12.35,12.05,12.2,620728,-57.09219858155994,-0.22166935231106066,-0.15698882688573612,-0.06468052542532454,40.51712780989571
2023-04-28,12.2,12.3,12.1,12.1,550346,-61.81015452538682,-0.22463143966854737,-0.17051734944229838,-0.054114090226248995,38.562458004403375
2023-05-04,12.9,12.9,12.75,12.9,1595184,138.93939393939337,-0.1605745971176482,-0.16852879897736833,0.007954201859720123,56.6006395305368
2023-05-05,13.1,13.35,12.7,12.7,1809853,187.79504893494513,-0.12451211822885,-0.15972546282766467,0.03521334459881467,52.4543013566237
2023-05-08,12.2,12.55,12.2,12.25,2327274,-2.7450980392153412,-0.1307365337065285,-0.15392767700343743,0.02319114329690894,44.54698833097079
2023-05-09,12.25,12.45,12.2,12.25,723588,-13.806706114398747,-0.13412333747158733,-0.14996680909706742,0.015843471625480082,44.54698833097079
2023-05-10,12.25,12.5,12.2,12.4,1136966,9.240924092409214,-0.12328253315678595,-0.14462995390901112,0.021347420752225177,47.60065610310444
2023-05-11,12.4,12.65,12.35,12.4,892731,42.026266416510204,-0.1133840963499555,-0.1383807823972,0.024996686047244504,47.60065610310444
2023-05-12,12.25,12.4,12.25,12.4,698102,0.9026434558346059,-0.10433678436340799,-0.1315719827904416,0.02723519842703362,47.60065610310444
2023-05-15,12.65,12.65,12.4,12.45,1074448,50.72463768115922,-0.09207080734416628,-0.12367174770118654,0.031600940357020255,48.775042600200024
2023-05-16,12.55,12.9,12.5,12.7,2108261,97.48477627746887,-0.06146845147616631,-0.11123108845618249,0.04976263698001618,54.29123465389356
2023-05-17,12.8,12.85,12.5,12.5,1025604,59.80083857442307,-0.05274616751717787,-0.09953410426838157,0.0467879367512037,49.681973827112444
2023-05-18,12.55,12.6,12.45,12.5,641117,21.696252465483013,-0.045311373332587834,-0.08868955808122282,0.04337818474863499,49.68197382711244
2023-05-19,12.6,12.6,12.4,12.45,866846,0.0,-0.04295862719557242,-0.07954337190409275,0.03658474470852033,48.48840131851448
2023-05-22,12.5,12.7,12.35,12.7,976179,30.283687943262475,-0.020682730624455914,-0.06777124364816538,0.04708851302370946,54.38873737600298
2023-05-23,12.65,12.85,12.55,12.6,671997,53.19789315274557,-0.010971612449088397,-0.05641131740834998,0.045439704959261584,51.83128042742291
2023-05-24,12.6,12.7,12.5,12.5,494674,21.155555555555896,-0.011215361884922004,-0.047372126303664386,0.03615676441874238,49.333107427994136
2023-05-25,12.4,12.55,12.4,12.5,571981,-8.130081300812371,-0.011278523273281493,-0.04015340569758781,0.028874882424306317,49.333107427994136
2023-05-26,12.5,12.85,12.5,12.7,1263068,109.47488584474594,0.004754937442656981,-0.031171737069538852,0.03592667451219583,54.42792605823745
2023-05-29,12.9,13.25,12.7,13.1,2876376,247.9166666666669,0.04917141022645133,-0.015103107610340814,0.06427451783679214,62.54084464983109
2023-05-30,13.1,13.25,12.95,13.1,1778046,212.12121212121295,0.08341028308866782,0.004599570529460913,0.07881071255920691,62.54084464983107
2023-05-31,13.2,13.2,13.0,13.15,1736040,164.6284101599253,0.11327367028170165,0.026334390479909063,0.08693927980179258,63.48327555357043
2023-06-01,13.2,13.4,13.15,13.15,1639000,152.17391304347925,0.13538004292260553,0.04814352096844836,0.08723652195415717,63.48327555357044
2023-06-02,13.25,13.3,13.1,13.2,1219899,111.11111111111143,0.15514566202391045,0.06954394917954078,0.08560171284436967,64.5185656815243
2023-06-05,13.55,13.55,13.25,13.35,2201610,125.03858024691448,0.18082931616853415,0.09180102257733945,0.0890282935911947,67.49581671551377
2023-06-06,13.35,13.4,13.15,13.4,1302773,92.52217997465166,0.20287970826282908,0.11401675971443738,0.0888629485483917,68.44626499676215
2023-06-07,13.5,13.5,13.3,13.4,1932704,96.25629949604087,0.2178436370174719,0.13478213517504428,0.08306150184242761,68.44626499676217
2023-06-08,13.4,14.0,13.35,13.65,3472645,136.42987249544666,0.2470279841954124,0.15723130497911791,0.08979667921629447,73.0208965028289
2023-06-09,13.65,13.65,13.4,13.5,1268485,94.9471661863593,0.25511226777704366,0.17680749753870306,0.07830477023834059,66.76630937047643
2023-06-12,13.6,13.6,13.3,13.45,1153517,71.31214343928312,0.25455024189054853,0.19235604640907217,0.062194195481476366,64.77462808261372
2023-06-13,13.5,13.75,13.5,13.5,1337924,95.5555555555559,0.2551976547499546,0.20492436807724865,0.05027328667270595,65.87103134842957
2023-06-14,13.6,13.7,13.3,13.3,1336274,46.587704455724705,0.23684223571102692,0.2113079416040043,0.025534294107022626,58.083304277659934
2023-06-15,13.3,13.35,13.2,13.2,1175522,-35.353535353534056,0.21178494460404984,0.2114033422040134,0.0003816024000364293,54.606988844970374
2023-06-16,13.25,13.55,13.2,13.2,2203433,-18.713450292395844,0.1897396601800203,0.2070706057992148,-0.017330945619194488,54.606988844970374
2023-06-19,13.5,13.5,13.25,13.25,900325,-21.33333333333227,0.17429404235287294,0.20051529310994642,-0.02622125075707349,56.12956550604991
2023-06-20,13.3,13.35,13.2,13.35,759035,-53.09829059829137,0.16818372590877928,0.194048979669713,-0.02586525376093371,59.08541936901478
2023-06-21,13.35,13.4,13.25,13.35,1054947,-38.88888888888909,0.16147981728837912,0.18753514719344622,-0.026055329905067093,59.08541936901477
2023-06-22,13.45,14.25,13.45,13.9,4920532,224.87695749440525,0.19826188526625899,0.18968049480800878,0.00858139045825021,71.3839408530403
2023-06-23,13.95,14.3,13.85,14.3,3682955,233.12178906013847,0.25672918199803085,0.2030902322460132,0.05363894975201766,76.83711570277772
2023-06-26,14.65,15.0,14.4,14.55,4371519,250.4819277108418,0.3195542243719487,0.2263830306712003,0.09317119370074839,79.4703303384133
2023-06-27,14.55,14.7,14.3,14.4,2039168,151.21168351789393,0.35316866811935554,0.25174015816083134,0.1014285099585242,74.03219300907764
2023-06-28,14.4,14.75,14.3,14.4,1861471,118.24199099814611,0.3754800566038554,0.27648813784943616,0.09899191875441926,74.03219300907763
2023-06-29,14.5,14.6,14.15,14.15,1758377,74.97549019607791,0.3687384942301293,0.2949382091255748,0.0738002851045545,65.38383501395293
2023-06-30,14.15,14.2,13.9,13.9,1507394,26.52705061081988,0.33931147534210915,0.30381286236888166,0.035498612973227484,58.07740945119867
2023-07-03,13.95,14.15,13.95,14.15,1104431,33.73493975903602,0.3323323411666834,0.30951675812844204,0.022815583038241383,62.5805606916073
2023-07-04,14.15,14.6,14.15,14.45,1925626,70.70707070707049,0.34700871933503485,0.3170151503697606,0.029993568965274275,67.141756299932
2023-07-05,14.5,14.6,14.25,14.25,1585687,59.010503040353406,0.3385983749445973,0.32133179528472794,0.017266579659869385,61.73878198118249
2023-07-06,13.4,13.8,13.3,13.3,8633400,-91.73789173789211,0.25236692706098296,0.3075388216399789,-0.05517189457899596,43.73547324762228
2023-07-07,13.1,13.25,12.85,13.2,2622934,-143.38494974191866,0.17395349151614603,0.28082175561521233,-0.1068682640990663,42.335998216941476
2023-07-10,13.2,13.5,13.2,13.25,1509828,-109.36605316973422,0.1145246916845366,0.2475623428290772,-0.13303765114454058,43.31272167378703
2023-07-11,13.3,13.35,13.1,13.15,2021647,-122.92411601112411,0.05868133350667115,0.20978614096459597,-0.15110480745792482,41.78819464882236
2023-07-12,13.0,13.2,12.65,12.7,2068006,-136.37747336377467,-0.02163675433646084,0.1635015619043846,-0.18513831624084545,35.69884376354666
2023-07-13,12.7,12.75,12.4,12.55,1678865,-133.57208448117527,-0.09628327040345752,0.1115445954428162,-0.20782786584627372,33.924280583350644
2023-07-14,12.55,13.2,12.45,13.2,2303391,-78.99807321772644,-0.10181791096417037,0.06887209416141887,-0.17069000512558924,46.36609026558124
2023-07-17,13.2,13.25,12.95,13.0,780982,-58.09852405597056,-0.1209482656944818,0.030908022190238735,-0.15185628788472055,43.64302635560544
2023-07-18,13.0,13.0,12.8,12.85,598454,-71.58179735499323,-0.14652391950661148,-0.004578366149131312,-0.14194555335748016,41.66655337306975
2023-07-19,12.9,13.1,12.75,13.0,1013783,-56.847900894700345,-0.1529262246926777,-0.03424793785784059,-0.11867828683483711,44.37922808516546
2023-07-20,13.0,13.0,12.8,12.9,431901,-57.85123966942139,-0.16417673474224337,-0.06023369723472115,-0.10394303750752222,42.945422124069076
2023-07-21,12.9,13.0,12.85,12.95,815331,-47.81588976839656,-0.16713167298914122,-0.08161329238560516,-0.08551838060353606,43.921008043943324
2023-07-24,12.95,13.05,12.9,13.0,939775,-30.801162308011282,-0.1635535571086315,-0.09800134533021043,-0.06555221177842108,44.935001935744694
2023-07-25,13.5,13.5,12.9,13.05,847186,51.05657805044331,-0.15489772777650934,-0.10938062181947021,-0.04551710595703913,45.986769983255826
2023-07-26,13.05,13.15,12.9,13.0,608269,13.473315835520964,-0.15033948282653853,-0.11757239402088387,-0.032767088805654654,45.05989909279396
2023-07-27,12.9,13.0,12.8,12.95,933831,-32.60273972602696,-0.1490435418221292,-0.12386662358113294,-0.025176918240996257,44.1026268261741
2023-07-28,12.8,12.85,12.3,12.85,1633932,-153.70919881305485,-0.15430690950446113,-0.12995468076579858,-0.02435222873866255,42.17291031174194
2023-07-31,12.5,13.05,12.5,12.9,1364178,-54.946236559137624,-0.1526835433352982,-0.1345004532796985,-0.018183090055599704,43.50398240767369
2023-08-01,12.9,13.2,12.85,13.15,2764370,90.13499480789288,-0.12972867191119164,-0.13354609700599712,0.003817425094805482,49.73412744206158
2023-08-02,13.15,13.15,12.25,12.9,929056,-119.65811965812011,-0.13020871655713506,-0.1328786209162247,0.0026699043590896476,44.45474495103762
2023-08-03,12.95,13.0,12.8,12.85,831328,-31.666666666667076,-0.13308956388307713,-0.1329208095095952,-0.000168754373481933,43.46107139547512
2023-08-04,12.85,12.95,12.6,12.9,880234,-68.39826839826783,-0.1298413438235393,-0.132304916372384,0.002463572548844717,44.79007885767818
2023-08-07,12.9,13.1,12.8,12.9,967629,13.982521847691633,-0.12581676863360336,-0.13100728682462787,0.005190518191024507,44.79007885767819
2023-08-08,12.9,13.35,12.9,13.3,2694069,157.03703703703943,-0.0893209701955211,-0.12267002349880651,0.033349053303285414,54.67507105125543
2023-08-09,13.3,14.1,13.2,13.9,3585867,289.46322067594446,-0.011846245263171795,-0.10050526785167957,0.08865902258850777,64.84326246318457
2023-08-10,13.9,14.0,13.5,13.55,1222070,186.8754660700963,0.021068097578561762,-0.07619059476563131,0.09725869234419307,56.83361600354316
2023-08-11,13.55,13.55,13.2,13.3,1302138,74.65395960971263,0.02667257590096206,-0.055617960632312634,0.0822905365332747,51.90200023403383
2023-08-14,13.3,13.8,13.3,13.5,1041774,101.90930787589484,0.04671400392106584,-0.03515156772163694,0.08186557164270278,55.247606881378594
2023-08-15,13.5,13.65,13.4,13.45,651082,78.3695652173916,0.057895020131446984,-0.016542250151020153,0.07443727028246713,54.231994167999765
2023-08-16,13.45,13.75,13.4,13.45,1061711,72.99270072992717,0.06599530325773983,-3.4739469268154494e-05,0.06603004272700799,54.231994167999765
2023-08-17,13.45,13.45,13.15,13.2,1088086,10.752688172042996,0.051646575755460944,0.010301523575677667,0.04134505217978328,49.00780080307245
2023-08-18,13.0,13.15,12.3,12.3,2424836,-132.3155216284989,-0.031978741527012744,0.0018454705551395854,-0.03382421208215233,35.68184975889535
2023-08-21,12.2,12.6,12.2,12.5,884562,-133.71033616085512,-0.08117830644602364,-0.014759284845093062,-0.06641902160093058,39.611546839289886
2023-08-22,12.5,12.85,12.2,12.85,1056767,-92.22323879231512,-0.09087963729201753,-0.029983355334477955,-0.06089628195753958,45.8470355369283
2023-08-23,12.65,12.85,12.25,12.5,521428,-98.13084112149558,-0.1253649576153233,-0.049059675790647024,-0.07630528182467627,41.259064657910535
2023-08-24,12.5,12.7,12.45,12.65,547339,-80.8787632221323,-0.138988898522582,-0.06704552033703402,-0.07194337818554798,43.85234183801466
2023-08-25,12.3,12.65,12.15,12.55,414871,-90.73110285006183,-0.15605621520465007,-0.08484765931055724,-0.07120855589409283,42.50510906190066
2023-08-28,12.55,13.0,12.55,12.9,728933,-32.73960983884645,-0.13972939818684438,-0.09582400708581466,-0.043905391101029714,48.471972455731404
2023-08-29,12.9,12.9,12.7,12.8,464903,-28.074369189907163,-0.1333225825952642,-0.10332372218770457,-0.029998860407559627,46.97203598652178
2023-08-30,12.95,12.95,12.7,12.85,485417,-15.45538178472826,-0.12279504807086283,-0.10721798736433621,-0.015577060706526619,47.84112660503276
2023-08-31,12.85,13.1,12.8,13.0,706962,14.94661921708208,-0.1011817939782862,-0.1060107486871262,0.004828954708840011,50.464055372387165
2023-09-05,13.0,13.7,12.8,13.5,1685715,96.14488076026578,-0.04320922403135796,-0.09345044375597256,0.050241219724614594,58.03882403082764
2023-09-06,13.5,13.6,13.2,13.35,625606,112.24944320712703,-0.009262518528421637,-0.07661285871046238,0.06735034018204074,55.30650697688918
2023-09-07,13.3,13.4,13.2,13.25,1184635,101.98675496688739,0.009462250951409956,-0.05939783677808791,0.06886008772949787,53.49830904551129
2023-09-08,13.25,13.5,13.25,13.3,872904,113.24736225087901,0.028013426458954882,-0.04191558413067935,0.06992901058963423,54.302786985347296
2023-09-11,13.6,13.9,13.35,13.35,1992268,123.42995169082151,0.04621718588556156,-0.024289030127431166,0.07050621601299273,55.13858823056395
2023-09-12,13.4,13.5,12.45,13.05,2332955,7.702523240371921,0.03602107505586005,-0.012227009090772921,0.04824808414663297,49.31094976824345
2023-09-13,13.2,13.25,12.8,12.9,1204697,-1.717791411042301,0.01565636058750819,-0.006650335155116698,0.022306695742624887,46.655752197301595
2023-09-14,12.9,12.95,12.45,12.7,928906,-75.40288379983055,-0.016431736053934998,-0.008606615334880358,-0.00782512071905464,43.30734365789186
2023-09-15,12.7,12.85,12.55,12.85,494573,-67.53983846321724,-0.02941891449319911,-0.01276907516654411,-0.016649839326655,46.41357620815724
2023-09-18,12.85,12.85,12.65,12.75,338425,-77.615402458826,-0.0472360039884272,-0.01966246093092073,-0.02757354305750647,44.65690997563594
2023-09-19,12.75,12.75,12.15,12.65,327869,-127.43942370661419,-0.06863416807741274,-0.02945680236021913,-0.03917736571719361,42.90800107933479
2023-09-20,12.6,12.85,12.6,12.75,379983,-69.68325791855138,-0.07663974771319992,-0.038893391430815286,-0.03774635628238464,45.21845584964599
2023-09-21,12.75,12.9,12.5,12.6,595362,-80.79166666666652,-0.09400435001800922,-0.049915583148254075,-0.044088766869755144,42.44378020814004
2023-09-22,12.6,12.6,12.1,12.4,875387,-124.96831432192606,-0.12249223672385234,-0.06443091386337373,-0.05806132286047862,39.006922141011636
2023-09-25,12.4,12.65,12.1,12.1,1020852,-122.80701754385953,-0.1673475070862782,-0.08501423250795462,-0.0823332745783236,34.494834299272156
2023-09-26,12.1,12.15,11.85,11.9,637404,-167.1751709626511,-0.21653784703306478,-0.11131895541297665,-0.10521889162008813,31.849773635930624
2023-09-27,11.9,12.0,11.7,11.9,580848,-158.03452855245658,-0.2526096193898564,-0.1395770882083526,-0.11303253118150378,31.849773635930624
2023-09-28,11.9,11.9,11.65,11.7,433412,-144.53527096578867,-0.29394665335156134,-0.17045100123699436,-0.12349565211456698,29.248673262161347
2023-09-29,12.0,12.0,11.4,11.85,497233,-121.74833635813695,-0.3110175870440468,-0.19856431839840485,-0.11245326864564195,33.62681073685239
2023-10-02,11.8,12.05,11.8,11.85,259559,-81.2424242424246,-0.32084789022711746,-0.22302103276414736,-0.0978268574629701,33.6268107368524
2023-10-03,11.85,11.85,11.1,11.4,680075,-132.96422487223174,-0.36079074439929926,-0.25057497509117777,-0.11021576930812149,27.66953967141515
2023-10-04,11.4,11.65,11.35,11.4,627398,-109.10798122065756,-0.38797342793135847,-0.2780546656592139,-0.10991876227214459,27.669539671415144
2023-10-05,11.4,11.6,11.4,11.4,258024,-96.00000000000023,-0.40484905260255744,-0.3034135430478826,-0.10143550955467484,27.66953967141515
2023-10-06,11.4,11.7,11.4,11.65,302191,-70.4402515723271,-0.3935140115033242,-0.3214336367389709,-0.0720803747643533,35.587500992355785
2023-10-09,11.65,11.8,11.5,11.8,281327,-43.90243902439017,-0.3681829791719782,-0.33078350522557237,-0.037399473946405803,39.84266834272889
2023-10-10,11.8,12.0,11.6,11.8,237871,-14.327485380117452,-0.3441409113434659,-0.33345498644915106,-0.010685924894314858,39.8426683427289
2023-10-11,11.6,11.95,11.5,11.7,209380,-23.91184573002831,-0.32935990764484835,-0.33263597068829054,0.00327606304344219,37.90652046195925
2023-10-12,11.7,11.85,11.6,11.7,245862,-11.528822055138384,-0.3140259599306052,-0.3289139685367535,0.01488800860614825,37.90652046195926
2023-10-13,11.7,11.75,11.5,11.75,198977,-17.948717948718887,-0.2944449358247958,-0.32202016199436195,0.027575226169566147,39.60831310058644
2023-10-16,11.85,12.0,11.5,11.6,300277,11.522633744855954,-0.28771399174389245,-0.31515892794426803,0.02744493620037558,36.38645555473802
2023-10-17,11.6,11.65,11.55,11.55,226974,-47.91995787256608,-0.28315027211647426,-0.3087571967787093,0.02560692466223502,35.3541140805105
2023-10-18,11.55,11.6,11.0,11.2,615262,-178.3966244725759,-0.30426815249822425,-0.30785938792261225,0.003591235424387995,29.124929155318775
2023-10-19,11.2,11.5,11.0,11.0,334015,-175.93984962406157,-0.3333004729967666,-0.3129476049374431,-0.02035286805932346,26.275908247692026
2023-10-20,11.0,11.2,10.9,11.2,288840,-159.86005089058582,-0.3362938811024989,-0.31761686017045426,-0.018677020932044652,33.302211302134445
2023-10-23,11.2,11.2,11.0,11.05,210296,-133.82352941176458,-0.3467725469277596,-0.32344799752191533,-0.023324549405844275,30.92192134345532
2023-10-24,11.05,11.2,11.0,11.2,195490,-97.44701348747552,-0.3390646919825606,-0.3265713364140444,-0.012493355568516218,35.85907553647469
2023-10-25,11.25,11.35,11.05,11.1,155034,-74.21465968586438,-0.33713899717384344,-0.3286848685660042,-0.008454128607839229,34.10883878059121
2023-10-26,11.1,11.1,10.45,10.55,622070,-151.56249999999918,-0.37566286594565845,-0.33808046804193503,-0.03758239790372342,26.459461453026762
2023-10-27,10.55,10.7,10.3,10.6,417521,-155.7147731149779,-0.39757572192419666,-0.34997951881838735,-0.04759620310580931,28.039420393914362
2023-10-30,10.6,10.6,10.4,10.55,188342,-139.66802168021647,-0.41420174046095326,-0.3628239631469005,-0.05137777731405274,27.40534778002342
2023-10-31,10.55,10.7,10.2,10.2,410042,-145.03267973856254,-0.45042780352580714,-0.38034473122268186,-0.07008307230312527,23.413931449099994
2023-11-01,10.3,10.5,10.0,10.25,293285,-131.69734151329223,-0.4696883622971235,-0.3982134574375702,-0.07147490485955332,25.092366092250295
2023-11-02,10.4,10.85,10.4,10.7,671018,-51.82853717026387,-0.44352853384391366,-0.4072764727188389,-0.036252061125074786,38.216093874277746
2023-11-03,10.75,10.75,10.3,10.55,576737,-61.72839506172812,-0.42994429749061425,-0.41181003767319396,-0.018134259817420284,35.95482726674833
2023-11-06,10.55,10.8,10.55,10.6,254002,-31.231563421828557,-0.41041312316833434,-0.41153065477222206,0.0011175316038877225,37.286897697996416
2023-11-07,10.65,10.65,10.5,10.55,217191,-42.895332099526634,-0.39442245242388907,-0.4081090143025555,0.013686561878666403,36.47001184567746
2023-11-08,10.6,10.9,10.5,10.9,352479,14.28232502965584,-0.3494790784511874,-0.39638302713228185,0.04690394868109443,45.47500667601413
2023-11-09,11.0,11.25,10.85,11.15,511600,103.62941738299963,-0.29034134581216264,-0.375174690868258,0.08483334505609536,50.83559135698381
2023-11-10,11.2,11.2,10.9,11.05,265763,96.17803580067873,-0.2486768390914218,-0.34987512051289077,0.10119828142146897,48.770138880372734
2023-11-13,10.8,11.05,10.8,10.95,199733,72.64150943396237,-0.221176990930255,-0.3241354945963636,0.10295850366610859,46.725638232669304
2023-11-14,11.0,11.15,10.95,10.95,206234,107.72222222222203,-0.1971109903375421,-0.2987305937445993,0.10161960340705722,46.72563823266931
2023-11-15,11.0,11.2,10.9,10.9,590180,85.0694444444443,-0.17999818656447708,-0.2749841123085749,0.09498592574409781,45.61672707476091
2023-11-16,11.0,11.05,10.9,11.05,206854,72.69681742043592,-0.15257364586974553,-0.25050201902080904,0.09792837315106351,49.489558667728694
2023-11-17,11.0,11.1,10.85,10.85,549155,46.73539518900277,-0.145302867309832,-0.22946218867861362,0.08415932136878163,44.89844551591063
2023-11-20,10.85,11.05,10.7,10.95,238948,29.31129476583961,-0.12997330727217893,-0.20956441239732668,0.07959110512514775,47.519965743581665
2023-11-21,10.9,11.1,10.85,11.1,356767,61.58075601374499,-0.10451597895467657,-0.18855472570879667,0.0840387467541201,51.26540426088854
2023-11-22,11.1,11.2,11.0,11.1,276038,88.86414253897532,-0.08337971341868844,-0.16751972325077502,0.08414000983208658,51.265404260888545
2023-11-23,11.0,11.55,11.0,11.3,571646,163.74269005847893,-0.04991534909939688,-0.1439988484204994,0.09408349932110252,56.109243612879986
2023-11-24,11.3,11.35,11.1,11.2,254390,123.83612662942257,-0.031105202135856658,-0.12142011916357084,0.09031491702771419,53.258887382460884
2023-11-27,11.1,11.55,10.8,11.3,403401,115.14161220043658,-0.008036224291076977,-0.09874334018907208,0.0907071158979951,55.68335445176077
2023-11-28,11.3,11.5,11.15,11.35,196504,155.3147574819399,0.014117946092051525,-0.07617108293284736,0.09028902902489888,56.88748962683275
2023-11-29,11.35,11.5,11.25,11.35,181379,134.86786018755282,0.03131431381567573,-0.05467400358314274,0.08598831739881847,56.887489626832746
2023-11-30,11.4,11.4,11.25,11.25,277080,84.10852713178217,0.03645318523657082,-0.03644856581920003,0.07290175105577085,53.514761606926754
2023-12-01,11.2,11.3,11.1,11.25,165304,38.41807909604576,0.04006394563486104,-0.021146063528387812,0.061210009163248855,53.51476160692676
2023-12-04,11.25,11.55,11.0,11.35,433137,68.19645732689267,0.050413527763037536,-0.006834145270102742,0.05724767303314028,56.505434502748905
2023-12-05,11.35,11.55,11.35,11.4,420039,116.80773881499286,0.061936265581261196,0.006919936900170048,0.055016328681091145,57.96174253760535
2023-12-06,11.4,11.5,11.3,11.4,199104,94.42993907745817,0.07025822523279146,0.01958759456669433,0.05067063066609713,57.96174253760535
2023-12-07,11.4,11.4,11.2,11.3,260721,34.75177304964554,0.06800040757820369,0.029270157168996204,0.03873025040920749,53.78463338485358
2023-12-08,11.3,11.45,11.2,11.3,443483,35.752688172044905,0.06545652870263474,0.03650743147572391,0.02894909722691083,53.78463338485358
2023-12-11,11.25,11.25,10.6,10.95,897384,-240.6654343807781,0.034797289940264875,0.03616540316863211,-0.001368113228367232,41.61187315578454
2023-12-12,10.95,11.0,10.8,10.95,373825,-205.62499999999937,0.0103799685174355,0.031008316238392786,-0.020628347720957285,41.61187315578454
2023-12-13,10.95,11.05,10.9,11.0,321505,-128.05628847845287,-0.004880097765607161,0.023830633437592796,-0.028710731203199957,43.722151151216934
2023-12-14,11.0,11.05,10.85,10.95,309096,-114.83967188665245,-0.020768980491459033,0.014910710651782429,-0.03567969114324146,42.084134867953324
2023-12-15,10.95,10.95,10.85,10.9,317809,-106.88030160226194,-0.03696945578388977,0.004534677364647988,-0.04150413314853776,40.45205298394684
2023-12-18,10.85,10.9,10.6,10.75,442663,-127.75956284152956,-0.061206643482702106,-0.008613586804822033,-0.05259305667788007,35.94799335683106
2023-12-19,10.75,10.8,10.65,10.7,161130,-115.15151515151499,-0.08348698548624256,-0.02358826654110614,-0.05989871894513642,34.56639722403638
2023-12-20,10.7,11.05,10.65,10.8,244629,-70.17811704834628,-0.0920144672783465,-0.03727350668855421,-0.05474096058979229,39.56883932601705
2023-12-21,10.9,10.9,10.7,10.9,170034,-62.4615384615388,-0.08966973686158042,-0.04775275272315945,-0.04191698413842097,44.16575531086691
2023-12-22,10.9,11.0,10.85,11.0,214442,-22.012578616351966,-0.07883361204090633,-0.05396892458670883,-0.024864687454197502,48.39337374145031
2023-12-25,11.0,11.75,10.95,11.75,533755,152.17391304347743,-0.009616322086920093,-0.04509840408675108,0.03548208199983099,67.97727944532569
2023-12-26,11.75,12.55,11.75,12.55,1966150,272.8080339899574,0.10854099992360489,-0.014370523284679883,0.12291152320828477,77.69881998116163
2023-12-27,12.55,13.35,12.55,12.6,2490366,243.20987654320996,0.20386606987574218,0.029276795347404534,0.17458927452833764,78.14538502687039
2023-12-28,12.6,12.65,12.2,12.35,1036663,134.50647249190885,0.2562846737427922,0.07467837102648206,0.18160630271631012,70.53959182693042
2023-12-29,12.35,12.4,12.15,12.25,819213,94.73308337796796,0.2864555494364307,0.1170338067084718,0.1694217427279589,67.70113808055306
2024-01-02,12.25,12.45,11.4,12.25,544184,59.32203389830485,0.3068292492028277,0.154992895207343,0.15183635399548473,67.70113808055306
2024-01-03,12.5,13.1,12.25,13.1,2929782,111.78992497320479,0.387101187775329,0.2014145537209402,0.1856866340543888,76.87449659775757
2024-01-04,13.1,13.5,12.95,13.05,1568114,118.03921568627447,0.44159229420363744,0.24945010181747965,0.1921421923861578,75.51582382042284
2024-01-05,13.05,13.35,12.7,12.75,875359,86.28269337785184,0.45532074175626036,0.2906242298052358,0.16469651195102458,67.77578595558859
2024-01-08,12.75,12.8,12.5,12.55,708647,53.82985165001517,0.4449333916421452,0.32148606217261766,0.12344732946952752,63.130247724270774
2024-01-09,12.55,12.65,12.4,12.55,428657,39.95142683667267,0.4317246883716326,0.34353378741242063,0.08819090095921195,63.130247724270774
2024-01-10,12.55,12.65,12.4,12.5,468750,31.723845828038787,0.41246744577084193,0.3573205190841049,0.05514692668673704,61.900086295171405
2024-01-11,12.5,12.75,12.5,12.65,390133,38.60502838605017,0.4046451907899282,0.3667854534252696,0.03785973736465864,64.15660867041039
2024-01-12,11.8,12.65,11.8,12.5,580033,-37.29189789123184,0.38193949026881313,0.3698162607939783,0.012123229474834851,60.30990293399903
2024-01-15,12.4,12.5,12.3,12.4,313043,-42.695035460992834,0.35182032900276816,0.36621707443573626,-0.014396745432968094,57.82089764175744
2024-01-16,12.4,12.5,12.3,12.5,216171,-37.85644051130833,0.3321905550307651,0.35941177055474205,-0.027221215523976938,59.61577044029267
2024-01-17,12.4,12.6,12.4,12.5,249092,-12.899728997289644,0.31302545513781865,0.3501345074713574,-0.03710905233353873,59.61577044029267
2024-01-18,12.5,12.5,12.4,12.4,285340,-35.19125683060149,0.2864656138526005,0.337400728747606,-0.05093511489500552,56.811979480598296
2024-01-19,12.5,12.7,12.5,12.55,429774,6.140350877193413,0.27435786795845374,0.32479215658977556,-0.05043428863132182,59.861434684082504
2024-01-22,12.5,12.7,12.5,12.55,391932,-8.74999999999961,0.26174515686807176,0.3121827566454348,-0.05043759977736306,59.861434684082504
2024-01-23,12.55,12.6,12.45,12.45,392816,-37.44186046511632,0.24090334439705252,0.29792687419575836,-0.05702352979870584,56.76259365083045
2024-01-24,12.45,12.55,12.4,12.4,401358,-54.15244596131941,0.21784034779557615,0.28190956891572194,-0.06406922112014579,55.22327330407658
2024-01-25,12.4,12.5,12.3,12.4,225297,-82.72727272727339,0.19728853737794694,0.26498536260816696,-0.06769682523022003,55.22327330407658
2024-01-26,12.4,12.55,12.4,12.55,274951,15.242881072027183,0.19090420115469975,0.2501691303174735,-0.05926492916277376,59.083849815300326
2024-01-29,12.55,12.55,12.4,12.45,405630,-13.33333333333106,0.17574947390110474,0.23528519903419975,-0.05953572513309502,55.63972993691917
2024-01-30,12.45,12.6,12.35,12.55,534452,22.222222222223103,0.16985047706252132,0.22219825463986406,-0.05234777757734274,58.260003105026435
2024-01-31,12.55,12.6,12.45,12.5,368801,55.31914893616751,0.15930453393186284,0.20961951049826383,-0.05031497656640099,56.464113687415164
2024-02-01,12.5,12.55,12.35,12.45,387253,-42.73504273504563,0.14523800260235298,0.19674320891908165,-0.05150520631672867,54.64992141361662
2024-02-02,12.45,12.55,12.25,12.3,714635,-151.21951219511917,0.12059627004957463,0.18151382114518025,-0.06091755109560562,49.51050194858109
2024-02-05,12.1,12.4,12.1,12.3,459784,-217.69087523277386,0.09991575286378485,0.16519420748890118,-0.06527845462511633,49.5105019485811
2024-02-06,12.3,12.6,12.3,12.6,488296,37.802607076350185,0.10650605133231217,0.15345657625758338,-0.046950524925271214,58.55177905259832
2024-02-07,12.6,12.65,12.5,12.5,295821,80.2867383512557,0.10247843843634463,0.14326094869333564,-0.040782510256991006,55.01526517841969
2024-02-15,12.5,13.0,12.5,12.55,488560,194.44444444444457,0.1021436598034775,0.13503749091536402,-0.03289383111188651,56.43221806055092
2024-02-16,12.65,13.0,12.65,12.85,819556,263.31994645247795,0.12464896247227308,0.13295978522674584,-0.008310822754472758,63.79997159237022
2024-02-19,12.9,13.0,12.5,12.85,963574,159.38461538461775,0.14086082111623455,0.1345399924046436,0.006320828711590953,63.79997159237023
2024-02-20,12.85,12.95,12.75,12.75,640588,134.68354430379895,0.14397996026901083,0.13642798597751704,0.00755197429149379,59.88493916395211
2024-02-21,12.75,12.85,12.65,12.7,783244,76.30331753554599,0.14079432900387445,0.13730125458278852,0.003493074421085929,57.96949676553823
2024-02-22,12.7,12.7,12.6,12.65,400394,32.090132090132535,0.13270536628612994,0.1363820769234568,-0.0036767106373268577,56.039182766734285
2024-02-23,12.65,12.75,12.5,12.55,470027,5.128205128206156,0.11687834003962294,0.13248132954669004,-0.015602989507067094,52.288991850237544
2024-02-26,12.55,12.85,12.5,12.8,627858,53.107344632768395,0.12308932129903027,0.13060292789715808,-0.007513606598127803,59.57282047978979
2024-02-27,12.8,12.85,11.95,12.7,294131,-48.73949579831963,0.1185755394219381,0.1281974502021141,-0.00962191078017599,55.896841105272955
2024-02-28,12.9,12.9,12.65,12.65,495207,53.267162944582815,0.10969920844220127,0.12449780185013153,-0.014798593407930258,54.09933041767792
2024-02-29,12.65,12.75,12.6,12.65,733926,12.35294117647001,0.10149468464392086,0.11989717840888939,-0.018402493764968525,54.09933041767792
2024-03-01,12.7,12.9,12.7,12.75,459102,75.41191381495656,0.10188721232738907,0.11629518519258933,-0.014407972865200264,57.285431853281544
2024-03-04,12.75,13.6,12.75,13.6,3787170,323.5912129894961,0.16883990823520634,0.12680412980111272,0.04203577843409362,73.88120110958879
2024-03-05,13.65,13.8,13.4,13.6,1364478,280.5961070559612,0.2193716225990503,0.14531762836070022,0.07405399423835007,73.8812011095888
2024-03-06,13.6,13.6,13.0,13.2,824782,118.56228458887306,0.22455320368070453,0.16116474342470108,0.06338846025600345,60.95573108703356
2024-03-07,13.25,13.25,13.05,13.1,1253641,65.96213121972708,0.21807662813293227,0.1725471203663473,0.04552950776658496,58.2137607864222
2024-03-08,13.05,13.65,12.9,13.4,1020129,91.0569105691057,0.23444880822361824,0.1849274579378015,0.04952135028581675,63.51597089777295
2024-03-11,13.4,13.75,13.2,13.45,2151225,101.23076923076955,0.24859283754568295,0.1976605338593778,0.050932303686305164,64.3283893878401
2024-03-12,13.45,13.85,13.2,13.6,1018911,98.66666666666632,0.268807187156467,0.21188986451879563,0.05691732263767138,66.72244561225394
2024-03-13,13.6,13.95,13.6,13.7,1012554,116.6666666666667,0.28955851876427197,0.2274235953678909,0.062134923396381075,68.25218984959773
2024-03-14,13.7,13.8,13.2,13.5,983814,63.88349514563102,0.28656245641979616,0.23925136757827195,0.04731108884152421,62.10329912684088
2024-03-15,13.5,13.55,13.25,13.35,682830,35.66878980891743,0.268983633142275,0.24519782069107257,0.023785812451202454,57.890837443035494
2024-03-18,13.2,13.3,12.9,13.2,889445,-31.474275832251884,0.2401798982878951,0.24419423621043707,-0.004014337922541966,53.94992471024403
2024-03-19,13.25,13.65,13.2,13.35,601220,28.85110767645527,0.22684158866366033,0.24072370670108173,-0.013882118037421398,57.09532745220168
2024-03-20,13.4,13.6,13.35,13.45,525579,40.02599090318383,0.22178346472827926,0.23693565830652125,-0.01515219357824199,59.10096478141732
2024-03-21,13.5,13.5,13.4,13.4,696380,12.844036697247017,0.2113044962349928,0.23180942589221556,-0.020504929657222754,57.64985353366781
2024-03-22,13.4,13.45,13.3,13.4,645190,-15.873015873015154,0.2006864497375762,0.2255848306612877,-0.024898380923711494,57.64985353366781
2024-03-25,13.4,13.6,13.35,13.4,646144,27.777777777777747,0.19008044237079602,0.21848395300318937,-0.028403510632393353,57.649853533667816
2024-03-26,13.3,13.5,13.3,13.4,483056,-7.575757575758141,0.17960473355214113,0.2107081091129797,-0.031103375560838586,57.649853533667816
2024-03-27,13.4,13.4,13.3,13.35,444471,-57.777777777779484,0.1653618877990386,0.2016388648501915,-0.0362769770511529,55.80682447648344
2024-03-28,13.35,13.45,13.35,13.45,547470,-14.462809917356385,0.16029570508308666,0.19337023289677052,-0.03307452781368386,58.653803194340405
2024-03-29,13.45,13.55,12.55,13.5,697085,-152.74261603375444,0.15848834591722039,0.1863938555008605,-0.027905509583640103,60.03995152296433
2024-04-01,13.5,14.4,13.5,14.4,4189226,301.8297533810673,0.22706106057738573,0.19452729651616554,0.03253376406122019,75.77998681571889
2024-04-02,14.4,14.75,14.4,14.65,1663072,303.23347598668755,0.29814155142990906,0.21525014749891425,0.08289140393099481,78.33303998738302
2024-04-03,14.65,14.75,14.2,14.2,1621557,159.9729546991216,0.3145363342752763,0.23510738485418664,0.07942894942108963,65.042569312858
2024-04-04,14.2,15.0,14.0,15.0,2447141,151.51280062063645,0.38761445377777015,0.26560879863890335,0.1220056551388668,73.61366895170748
2024-04-05,15.0,16.0,15.0,16.0,4642679,203.62422508345253,0.5202242117494933,0.31653188126102133,0.20369233048847196,80.16153516135591
2024-04-08,16.0,16.5,15.45,16.2,3836225,179.51990276511725,0.634146680681761,0.3800548411451693,0.25409183953659176,81.16807327563976
2024-04-09,16.2,16.25,15.85,16.05,2061226,140.38461538461567,0.7042096215183609,0.4448857972198076,0.2593238242985533,77.97277715398147
2024-04-10,16.05,16.7,15.95,16.6,2817403,135.35776614310686,0.7949517019855712,0.5148989781729603,0.2800527238126109,80.93618722934019
2024-04-11,16.6,16.6,16.05,16.6,2271211,112.04845338524798,0.8569866459187363,0.5833165117221155,0.2736701341966208,80.93618722934018
2024-04-12,16.6,17.7,16.6,17.7,5476751,134.35150823104024,0.9835725803858164,0.6633677254548557,0.32020485493096074,85.4702657832934
2024-04-15,17.65,17.7,16.65,16.7,3728936,98.90393294648622,0.9917687104624662,0.7290479224563777,0.26272078800608845,69.32753412472452
2024-04-16,16.65,16.7,15.8,16.5,2766956,53.86737609616714,0.9709335564146855,0.7774250492480392,0.19350850716664625,66.61755862291501
2024-04-17,16.5,16.75,15.8,15.95,2445474,37.50985027580792,0.8996703040249461,0.8018741002034206,0.09779620382152543,59.705729428269485
2024-04-19,15.5,15.9,15.0,15.7,3890889,-19.272369714847514,0.8136415985455212,0.8042275998718408,0.009413998673680424,56.81992469828343
2024-04-22,15.55,16.6,15.55,16.55,2059921,30.908178625188366,0.8047741899955962,0.8043369178965919,0.0004372720990043488,63.312698863753724
2024-04-23,16.55,17.5,16.2,16.8,2962652,85.46119776622356,0.808598594237159,0.8051892531647054,0.003409341072453609,64.9805672442354
2024-04-24,16.8,17.55,16.5,17.05,1912789,101.82106096595399,0.8223231434949394,0.8086160312307522,0.013707112264187193,66.61505387984766
2024-04-25,17.05,17.6,17.05,17.3,2843270,123.50928641251194,0.843647811506079,0.8156223872858176,0.02802542422026144,68.2128050897054
2024-04-26,17.5,17.5,17.05,17.25,1543118,96.23352165725083,0.8467523484207184,0.8218483795127978,0.02490396890792068,67.51684347896362
2024-05-02,17.25,17.65,16.85,17.3,2041647,82.08835341365484,0.8435236824886498,0.8261834401079682,0.01734024238068166,67.86987740412506
2024-05-03,17.4,18.5,17.4,18.5,6744109,165.35199321458876,0.9271077911459891,0.8463683103155724,0.08073948083041671,74.91600935464771
2024-05-06,19.7,19.75,18.6,19.75,3920803,238.71748336358152,1.081743684924291,0.893443385237316,0.18830029968697493,79.86853945485996
2024-05-07,19.75,21.1,19.75,20.45,13296123,240.9430255402747,1.24641005543522,0.9640367192768968,0.28237333615832316,82.01054773067152
2024-05-08,20.45,20.65,19.5,19.7,4623377,144.9122807017547,1.3013890060584785,1.0315071766332131,0.2698818294252654,73.04302442117105
2024-05-09,19.7,21.05,19.5,20.8,6583995,131.21941188566737,1.4173823262783145,1.1086822065622335,0.308700119716081,77.01310420041591
2024-05-10,21.3,21.3,20.2,20.3,2519278,111.75247009880403,1.4522217386866991,1.1773901129871267,0.2748316256995724,71.83438404401929
2024-05-13,20.3,21.0,19.85,20.6,3925942,89.02136115250902,1.4868996630672058,1.2392920230031426,0.24760764006406322,73.00723058945941
2024-05-14,20.6,21.8,20.55,21.8,7219967,108.09348093480963,1.5928507472619948,1.310003767854913,0.2828469794070818,77.11268682321518
2024-05-15,21.8,22.95,21.5,21.8,5404492,120.045092651307,1.6577087106936723,1.3795447564226648,0.2781639542710075,77.11268682321518
2024-05-16,21.85,22.3,21.4,21.8,3150306,98.2993942048026,1.6896320870496169,1.4415622225480553,0.24806986450156154,77.11268682321518
2024-05-17,21.8,22.3,20.8,21.5,4714675,78.11206622094892,1.6714565889005755,1.4875410958185593,0.18391549308201616,73.6165878050865
2024-05-20,21.5,22.25,21.25,22.0,3679561,85.83588243117438,1.6780546277991846,1.5256438022146843,0.15241082558450025,75.60197828674391
2024-05-21,22.0,22.1,21.5,21.95,2595800,82.92682926829333,1.6601122978445417,1.5525375013406557,0.10757479650388602,74.99422477588385
2024-05-22,21.95,22.8,21.95,22.6,4162629,107.83107831078328,1.6789881100129023,1.577827623075105,0.10116048693779733,77.52378765056824
2024-05-23,22.6,23.8,22.1,23.7,4034165,147.1560338201385,1.7623923718540624,1.6147405728308963,0.14765179902316605,81.02249952194207
2024-05-24,23.8,24.7,22.95,24.2,4657807,179.33513027852678,1.8475393875774344,1.6613003357802039,0.18623905179723055,82.3661726704732
2024-05-27,24.2,25.35,24.0,25.15,6722694,194.23508299685986,1.9689789082999916,1.7228360502841613,0.24614285801583025,84.59759354535672
2024-05-28,25.3,26.9,24.5,26.9,9325171,197.8946429367953,2.181286465466666,1.8145261333206624,0.3667603321460038,87.68826757427281
2024-05-29,26.9,28.45,26.9,28.3,6454495,200.85653104925115,2.434447241418148,1.9385103549401594,0.4959368864779887,89.50297111136706
2024-05-30,28.3,28.5,26.8,27.7,6121420,147.47792639216746,2.5571863423326313,2.062245552418654,0.4949407899139775,83.80200050705258
2024-05-31,27.7,29.6,27.6,27.8,4056921,135.16838702950693,2.6321849388629808,2.176233429707519,0.45595150915546157,83.98509244373464
2024-06-03,27.9,29.3,27.8,29.1,5412616,118.61111111111119,2.7646518171831893,2.2939171072026534,0.4707347099805359,86.17315166508023
2024-06-04,29.1,29.9,29.0,29.55,3716440,114.68207592087606,2.87282784074252,2.4096992539106266,0.4631285868318935,86.84324789272836
2024-06-05,29.55,30.0,28.6,29.1,4174729,92.07469489780914,2.888944920844647,2.5055483872974307,0.3833965335472165,82.5356021377604
2024-06-06,29.1,29.7,27.45,27.9,6964400,61.657547043907584,2.77292331783811,2.5590233734055667,0.21389994443254334,72.24449500899811
2024-06-07,27.2,29.0,27.2,29.0,5300212,55.18911327425054,2.738172223541387,2.5948531434327307,0.14331908010865613,75.2864453113097
2024-06-10,29.0,29.7,28.7,28.95,2409073,69.35056328694489,2.6757527368583,2.6110330621178446,0.06471967474045526,74.88469331894962
2024-06-11,28.95,28.95,28.1,28.4,1829199,43.236565781346556,2.5524810280683212,2.59932265530794,-0.0468416272396186,70.43232927590431
2024-06-12,28.4,28.8,27.8,28.5,2000305,31.880033324076447,2.434789734536931,2.5664160711537383,-0.13162633661680712,70.77258854021572
2024-06-13,28.5,29.1,28.5,28.9,2417939,54.39842209072947,2.3467433964763025,2.522481536218251,-0.17573813974194863,72.15302234683149
2024-06-14,28.9,30.9,28.9,30.6,11344684,169.14498141263982,2.3866302439048575,2.4953112777555724,-0.10868103385071493,77.10275814165158
2024-06-17,30.6,32.0,30.5,31.4,4217917,232.02086899812414,2.4545002213043823,2.487149066465334,-0.0326488451609519,78.99490304034664
2024-06-18,31.5,32.5,31.4,32.5,5039601,216.23036649214595,2.567452480277751,2.5032097492278176,0.06424273104993361,81.28497445346822
2024-06-19,32.4,34.75,32.4,34.75,6197387,224.6913580246909,2.8061763016354853,2.5638030597093513,0.24237324192613396,84.90917239305577
2024-06-20,34.8,36.8,34.75,35.45,7785835,206.71260847371025,3.0170718733358726,2.6544568224346556,0.36261505090121693,85.828633612645
2024-06-21,35.45,35.9,34.05,35.15,6838054,137.11606343185247,3.123989237222659,2.7483633053922563,0.37562593183040294,83.48107581297663
2024-06-24,34.0,35.15,32.7,32.7,7650928,75.304118422981,2.976713790271024,2.79403340236801,0.1826803879030141,67.29335247929207
2024-06-25,32.7,34.5,30.45,34.0,7703357,51.611814345991384,2.931108083510953,2.8214483385965985,0.10965974491435437,70.55590761032128
2024-06-26,32.8,35.45,32.8,34.3,2915795,73.9726027397259,2.88590579948513,2.834339830774305,0.05156596871082497,71.26818230704764
2024-06-27,34.0,34.85,33.7,34.35,3060969,68.01006289308177,2.821591693202965,2.831790203260037,-0.010198510057072063,71.39239451612558
2024-06-28,34.35,34.5,32.7,33.2,4258249,36.85610378331413,2.6473103655664723,2.794894235721324,-0.14758387015485175,64.48703761535886
2024-07-01,33.15,34.9,33.0,34.5,3024441,51.64947495585895,2.5843000904602036,2.7527754066691,-0.16847531620889633,68.22819720690903
2024-07-02,34.5,35.45,34.5,34.8,2675042,76.79324894514747,2.529413976454318,2.7081031206261437,-0.17868914417182546,69.03878473669155
2024-07-03,34.8,35.15,34.2,34.3,2026327,55.78655578655561,2.417700764894672,2.6500226494798493,-0.23232188458517733,66.01577717600661
2024-07-04,34.3,34.95,34.15,34.2,2175794,40.93247379045354,2.2946468154972948,2.5789474826833385,-0.28430066718604374,65.39899495215552
2024-07-05,34.2,36.5,33.5,36.35,7539703,117.5027870680041,2.343597176334132,2.531877421413497,-0.18828024507936503,71.55283545897123
2024-07-08,36.5,37.0,35.05,35.6,5635316,140.3765338712385,2.2954118786839786,2.4845843128675935,-0.18917243418361496,67.07154281769206
2024-07-09,35.6,35.8,34.4,34.55,5580490,38.29787234042493,2.1477406411667985,2.4172155785274345,-0.269474937360636,61.28470542512752
2024-07-10,34.55,35.0,34.0,34.2,5127103,-4.599033816425213,1.9796478979135514,2.3297020424046577,-0.3500541444911063,59.44362937236932
2024-07-11,34.2,34.85,34.0,34.6,1489053,10.021786492373693,1.8573000461007325,2.2352216431438725,-0.37792159704314,60.88969325340198
2024-07-12,34.6,34.95,34.3,34.45,1888920,12.297734627832407,1.7283118425881199,2.133839683032722,-0.4055278404446021,60.02536412387391
2024-07-15,34.45,34.85,33.6,33.6,3049186,-83.42644320297818,1.539750579521673,2.0150218623305123,-0.47527128280883923,55.2401379647249
2024-07-16,33.6,33.8,31.25,31.25,10559472,-269.1129673826582,1.1870059935918817,1.8494186885827861,-0.6624126949909044,44.64366912022062
2024-07-17,31.2,31.2,29.1,29.1,8182409,-287.9620093832246,0.7256020474236209,1.624655360350953,-0.8990533129273321,37.54724218094277
2024-07-18,27.25,29.0,27.1,28.1,8828217,-236.2571846774479,0.2760621802271288,1.3549367243261883,-1.0788745440990595,34.77817869257692
2024-07-19,28.05,28.1,26.15,26.15,4586596,-186.7993217634153,-0.23484298273567106,1.0369807829138165,-1.2718237656494875,30.114302875692346
2024-07-22,24.5,25.0,24.35,24.35,1200617,-176.26072041166395,-0.7760382758519881,0.6743769711606555,-1.4504152470126437,26.57199084016537
2024-07-23,22.65,22.65,22.65,22.65,690806,-160.167139415012,-1.3268204767168896,0.2741374815851465,-1.6009579583020361,23.732627778298504
2024-07-24,21.1,22.6,21.1,21.7,14381502,-136.34725378045908,-1.8190080075743822,-0.14449161624675927,-1.6745163913276229,22.298673729848222
2024-07-25,21.7,21.7,20.2,20.2,7303548,-125.57788944723617,-2.303553702604333,-0.5763040335182741,-1.7272496690860588,20.22114305287538
2024-07-26,20.0,21.25,19.1,20.9,9684700,-109.16526341111374,-2.6010917405610847,-0.9812615749268363,-1.6198301656342484,23.789550207371953
2024-07-29,20.9,22.35,20.6,22.35,3765600,-78.95247332686704,-2.688894001176074,-1.3227880601766837,-1.36610594099939,30.70388095113375
2024-07-30,22.45,23.9,22.45,22.8,9660700,-53.51485572394894,-2.6911448435248424,-1.5964594168463155,-1.0946854266785269,32.743272212290194
2024-07-31,23.0,23.7,21.25,21.25,6029000,-59.2715843963764,-2.785886730339122,-1.834344879544877,-0.9515418507942452,29.52056952557293
2024-08-01,20.7,21.25,20.0,20.65,7321100,-75.37358399614367,-2.876229955275221,-2.0427218946909456,-0.8335080605842755,28.357076323476367
2024-08-02,20.65,22.05,20.05,22.05,5684600,-56.73711531331106,-2.802553223184983,-2.1946881603897532,-0.6078650627952298,34.81304320451798
2024-08-05,22.05,22.05,20.55,20.55,6647800,-60.90040532715694,-2.832549478975423,-2.3222604241068874,-0.5102890548685357,31.534220047246812
2024-08-06,20.8,21.95,20.75,21.9,3494300,-41.356021114061924,-2.7160787451477013,-2.40102408831505,-0.3150546568326513,37.261366061538645
2024-08-07,21.9,22.3,21.0,21.45,2755000,-30.736173393124126,-2.6297717172752932,-2.446773614107099,-0.18299810316819443,36.17509598432119
2024-08-08,21.45,21.75,19.95,19.95,6907400,-93.50811485642953,-2.6518414621926354,-2.487787183724206,-0.16405427846842935,32.747992956686545
2024-08-09,19.95,20.5,18.9,19.05,7658600,-167.0967741935482,-2.7107070291541717,-2.532371152810199,-0.17833587634397263,30.858979866734675
2024-08-12,19.05,20.35,19.0,20.35,4970000,-110.47315257841565,-2.622231823449912,-2.5503432869381415,-0.07188853651177052,36.55213259433649
2024-08-13,20.4,20.95,20.0,20.85,3425700,-41.47904940587867,-2.4831446187135278,-2.536903553293219,0.053758934579691164,38.64470472734591
2024-08-14,20.85,21.0,20.3,20.65,2248400,-36.383442265795,-2.361829633592844,-2.501888769353144,0.14005913576029982,38.10336313926398
2024-08-15,20.65,20.65,19.85,20.3,1389900,-69.45786366076226,-2.2677870710784305,-2.4550684296982013,0.1872813586197708,37.12330736335596
2024-08-16,21.0,21.7,21.0,21.4,3155500,33.612506979340935,-2.0805139856773565,-2.3801575408940323,0.29964355521667585,42.15871612407421
2024-08-19,21.4,21.95,21.0,21.1,2053800,52.390572390572125,-1.934012121210106,-2.2909284569572472,0.3569163357471412,41.18988327404685
2024-08-20,21.0,22.55,20.8,22.15,5309000,112.12751212751193,-1.7134307502319466,-2.175428915612187,0.4619981653802405,45.877896958847835
2024-08-21,22.15,22.4,21.8,22.0,1944000,116.41331885631537,-1.5330501233945597,-2.0469531571686614,0.5139030337741017,45.322078088192924
2024-08-22,22.0,22.5,21.8,22.05,1482700,108.39243498817945,-1.370267009793821,-1.9116159276936933,0.5413489178998723,45.55884474775267
2024-08-23,22.05,22.05,21.2,21.85,1889100,58.91917742706834,-1.2430692198240827,-1.7779065861197711,0.5348373662956885,44.72458829852183
2024-08-26,21.1,21.9,20.35,21.1,2106200,7.2916666666666154,-1.189075860505067,-1.6601404409968303,0.47106458049176325,41.6449139886904
2024-08-27,21.1,21.3,20.6,20.8,1426500,-9.420289855072363,-1.1571542728846964,-1.5595432073744036,0.40238893448970714,40.44522044854401
2024-08-28,20.75,21.4,20.65,21.3,1615200,8.838383838383738,-1.0790714988472594,-1.4634488656689748,0.3843773668217154,43.373172850126394
2024-08-29,21.3,21.5,21.25,21.4,1752300,27.522935779816255,-0.9976212172071328,-1.3702833359766065,0.37266211876947364,43.96652108808798
2024-08-30,21.5,22.35,21.35,22.1,2857000,89.28133431444694,-0.8665975353841624,-1.2695461758581177,0.4029486404739553,48.068566490638034
2024-09-04,21.9,21.9,21.1,21.5,1738400,19.65317919075067,-0.8019311460882825,-1.1760231699041506,0.37409202381586804,45.025907740172514
2024-09-05,21.5,21.85,21.1,21.5,1884400,8.225108225106755,-0.7421277795905041,-1.0892440918414212,0.3471163122509171,45.025907740172514
2024-09-06,21.5,21.5,21.0,21.3,1073800,-53.90713476783781,-0.7027704094900749,-1.011949355371152,0.3091789458810772,43.950425430016
2024-09-09,21.3,21.4,20.5,20.75,1725300,-119.61492178098732,-0.7078007273944102,-0.9511196297758037,0.24331890238139342,41.04681944785178
2024-09-10,20.65,20.9,20.0,20.35,1515300,-166.76676676676715,-0.7355845864089829,-0.9080126211024395,0.17242803469345658,39.02740146065479
2024-09-11,20.35,21.05,19.95,20.8,1135400,-114.25873465533576,-0.7130724008915195,-0.8690245770602555,0.15595217616873602,42.45724691476783
2024-09-12,21.0,21.2,20.5,20.75,434500,-69.87951807228919,-0.6912970714873374,-0.8334790759456718,0.1421820044583344,42.17337632991564
2024-09-13,20.1,21.1,20.1,20.9,917900,-80.60606060606038,-0.6543927869514405,-0.7976618181468256,0.14326903119538503,43.396079431863974
2024-09-16,20.85,20.85,20.0,20.65,805800,-101.89520624303123,-0.6379647259965182,-0.7657223997167641,0.12775767372024593,41.80936003393103
2024-09-17,20.65,20.9,20.4,20.9,828200,-51.18279569892438,-0.5978804648381448,-0.7321540127410403,0.13427354790289547,44.013883189882584
2024-09-18,20.95,22.05,20.95,21.9,3178400,92.94117647058792,-0.47988988455921344,-0.681701187104675,0.20181130254546154,51.868664815559384
2024-09-19,21.9,21.9,21.55,21.8,933800,94.17989417989465,-0.38995549961635234,-0.6233520496070104,0.23339654999065806,51.0966408133913
2024-09-20,21.8,22.15,21.45,21.75,1208800,89.22056384742979,-0.31903875358287337,-0.562489390402183,0.24345063681930967,50.69037903953384
2024-09-23,21.75,21.75,21.1,21.2,1235000,37.96548592188915,-0.3037160750257826,-0.510734727326903,0.20701865230112038,46.32697965562806
2024-09-24,21.2,21.3,21.15,21.3,599800,26.515151515151718,-0.2802727676089667,-0.4646423353833157,0.18436956777434899,47.2166283574229
2024-09-25,21.55,21.75,21.4,21.7,1707400,81.48148148148185,-0.2268026804008194,-0.4170744043868164,0.190271723985997,50.73427391200679
2024-09-26,21.7,21.75,21.2,21.25,1441600,45.28985507246431,-0.2182229518998362,-0.37730411388942037,0.15908116198958416,46.943986672386536
2024-09-27,21.3,21.5,21.15,21.45,1796300,35.10002598077368,-0.1930596551893835,-0.340455222149413,0.14739556696002948,48.775664843243334
2024-09-30,21.45,21.5,21.0,21.05,841500,-1.4861995753714672,-0.20305354346251292,-0.31297488641203297,0.10992134294952005,45.3998135734119
2024-10-01,21.5,21.8,21.05,21.2,874900,21.322256836274814,-0.1966037004461576,-0.2897006492188579,0.0930969487727003,46.88444211416707
2024-10-02,21.2,21.2,20.95,20.95,1454100,-49.028236156950484,-0.20925292656786,-0.27361110468865835,0.06435817812079836,44.70276009934436
2024-10-03,21.05,21.1,20.4,20.5,1757500,-126.46310432570064,-0.25267607607554154,-0.269424098966035,0.01674802289049343,41.004078524675485
2024-10-04,20.5,20.8,20.2,20.35,908800,-169.78830283458922,-0.2957833746804184,-0.2746959541089117,-0.0210874205715067,39.82133164049738
2024-10-07,20.35,20.8,20.35,20.35,1097500,-146.12794612794627,-0.32618614851978833,-0.284993992991087,-0.04119215552870131,39.82133164049737
2024-10-08,20.35,20.6,20.3,20.4,544100,-125.27407407407505,-0.3423001605190663,-0.2964552264966829,-0.04584493402238343,40.48498215625838
2024-10-09,20.45,21.2,19.1,21.05,1517900,-100.73074761101802,-0.29917239031315646,-0.2969986592599776,-0.0021737310531788623,48.44470863309656
2024-10-10,21.1,21.45,21.05,21.15,950200,35.53516819571854,-0.25399624681493194,-0.28839817677096846,0.034401929956036525,49.56233811308109
2024-10-11,21.15,21.45,21.0,21.0,1060100,26.85534591194925,-0.22767310023580833,-0.2762531614639364,0.04858006122812808,47.88544987911854
2024-10-14,21.0,21.2,20.8,20.95,717100,-0.4570682337579238,-0.20844359108993515,-0.2626912473891362,0.05424765629920103,47.31083564624431
2024-10-15,20.95,20.95,20.6,20.6,940000,-41.331960178510435,-0.21892253872675838,-0.2539375056566606,0.03501496692990225,43.38613535715077
2024-10-16,20.6,20.85,20.5,20.55,640400,-49.122807017544886,-0.2286263006789504,-0.2488752646611186,0.02024896398216819,42.83940156525927
2024-10-17,20.6,20.8,20.25,20.6,1066900,-58.333333333333286,-0.22963493126053436,-0.24502719798100175,0.015392266720467396,43.60473776238762
2024-10-18,20.6,20.95,20.6,20.7,623700,-6.920266494735328,-0.21983103862490694,-0.2399879661097828,0.020156927484875853,45.185496711735446
2024-10-21,20.6,20.9,20.5,20.75,801400,-4.90433845324889,-0.20565612515112264,-0.23312159791805076,0.027465472766928123,46.00051496369381
2024-10-22,20.7,20.9,20.6,20.7,750400,8.172043010750576,-0.19619536815427452,-0.2257363519652955,0.029540983811020993,45.27554465797065
2024-10-23,20.5,20.75,20.5,20.6,339800,-32.06751054852373,-0.1945244574797691,-0.21949397306819024,0.024969515588421143,43.78913482824861
2024-10-24,20.55,20.7,20.45,20.5,446600,-60.526315789475156,-0.19897574447291078,-0.21539032734913435,0.016414582876223577,42.29380722613353
2024-10-25,20.5,20.55,20.3,20.3,742800,-113.62683438155227,-0.21615010614020846,-0.2155422831073492,-0.0006078230328592782,39.39620321988499
2024-10-28,20.3,20.7,20.3,20.6,362100,-65.79520697167733,-0.20321092959874676,-0.2130760124056287,0.009865082806881947,45.435024276601474
2024-10-29,20.6,22.0,20.6,22.0,3878800,201.38312586445053,-0.07907669236997705,-0.18627614839849838,0.10719945602852132,63.64216660101788
2024-10-30,22.0,22.95,21.9,22.35,2851800,277.2727272727259,0.04700086320663743,-0.13962074607747121,0.18662160928410865,66.63918345200611
2024-10-31,22.35,23.45,22.3,23.25,4046400,237.73584905660297,0.21703882426288246,-0.06828883200940047,0.28532765627228296,72.839200545884
2024-11-01,23.35,23.35,22.0,22.5,2025000,137.82383419689106,0.28795701227831216,0.0029603368481420644,0.2849966754301701,62.42721384317491
2024-11-04,21.5,22.5,21.0,21.6,1695900,44.72003006388565,0.26844326200802726,0.056056921880119105,0.21238634012790816,52.69325717613788
2024-11-05,21.6,22.85,21.6,22.8,2143600,89.07330567081603,0.3458220244799328,0.11400994240008185,0.231812082079851,61.34729465978551
2024-11-06,22.9,23.5,22.4,22.55,2089200,102.00364298724978,0.3825623993570133,0.16772043379146814,0.21484196556554516,58.9286842627888
2024-11-07,22.8,23.7,22.7,23.25,3147800,110.94147582697198,0.46282836372672165,0.22674201977851885,0.2360863439482028,63.29251452908886
2024-11-08,23.2,24.85,23.2,24.8,6071700,150.41572184429313,0.6440871293870174,0.31021104170021857,0.33387608768679883,70.71286563953788
2024-11-11,24.8,26.0,24.8,25.85,3600200,186.57219973009455,0.8625196423187376,0.4206727618239224,0.4418468804948152,74.47683917408229
2024-11-12,25.85,26.5,25.05,25.25,3268200,158.6337760910814,0.9759636949881028,0.5317309484567585,0.44423274653134426,69.01825174780055
2024-11-13,25.05,26.0,24.5,26.0,3570000,126.47808358817522,1.1135513294727843,0.6480950246599637,0.46545630481282063,71.80049568417397
2024-11-14,26.0,27.4,25.45,26.25,3981700,134.31734317343162,1.2286008854995565,0.7641961968278823,0.46440468867167417,72.68116897354889
2024-11-15,25.6,26.1,24.5,25.6,2632500,75.49976754997682,1.2528864250020177,0.8619342424627094,0.3909521825393083,66.83668363012487
2024-11-18,25.0,26.3,24.3,25.6,2078800,64.65997770345592,1.257635649113606,0.9410745237928888,0.31656112532071723,66.83668363012487
2024-11-19,25.8,26.8,24.6,24.75,3283500,55.808393107428444,1.179218253199739,0.9887032696742588,0.19051498352548024,59.571630524360195
2024-11-20,24.9,25.75,24.8,25.55,3020200,48.15097540288336,1.1681594016638073,1.0245944960721685,0.14356490559163881,63.583758404471965
2024-11-21,25.6,26.75,25.55,26.55,3980200,85.12710539248516,1.22595478121071,1.0648665530998769,0.16108822811083323,67.87537838241344
2024-11-22,26.8,28.4,26.7,27.45,3711200,150.0837520938023,1.3290599386197002,1.1177052302038415,0.21135470841585868,71.16858709239726
2024-11-25,27.4,28.6,27.4,28.1,3321300,183.56867779204066,1.4465462022464628,1.1834734246123657,0.2630727776340971,73.29763980830832
2024-11-26,28.1,29.2,27.2,27.35,3890200,140.24972668162752,1.4622799278543646,1.2392347252607654,0.22304520259359917,67.13714042485205
2024-11-27,27.4,27.8,27.2,27.35,1694900,90.95763616945527,1.457942762130024,1.282976332634617,0.17496642949540697,67.13714042485205
2024-11-28,27.9,28.5,27.25,27.4,1405300,92.63420724094834,1.4419185694727155,1.3147647800022368,0.12715378947047862,67.34931645202565
2024-11-29,27.5,28.2,27.4,27.9,2766300,83.58905937291499,1.4528179220121764,1.3423754084042248,0.11044251360795165,69.4719485653445
2024-12-02,28.7,28.9,27.8,28.05,2976500,93.59970403255635,1.4567667831526414,1.3652536833539082,0.09151309979873323,70.09994953182553
2024-12-03,28.05,28.45,27.55,27.55,3093000,60.20519537218958,1.4033732494803246,1.3728775965791915,0.030495652901133097,65.27935596231883
2024-12-04,27.55,27.65,26.5,27.0,2878600,5.977796754910403,1.301673207435286,1.3586367187504105,-0.05696351131512456,60.36208214713221
2024-12-05,27.45,27.7,26.15,26.15,4744600,-29.144109306522033,1.1393535368024459,1.3147800823608176,-0.17542654555837167,53.637600781516284
2024-12-06,26.15,26.5,25.7,26.2,2144200,-78.90733056708133,1.003184523778966,1.2524609706444472,-0.24927644686548112,53.96249510422895
2024-12-09,26.2,27.3,26.2,27.2,2253400,-29.879439556858383,0.9648391771220659,1.194936611939971,-0.230097434817905,59.99992021553573
2024-12-10,27.2,28.15,27.2,27.7,2758700,37.05076717124981,0.9636872482356367,1.148686739199104,-0.18499949096346735,62.63820912407587
2024-12-11,27.9,28.0,27.15,27.3,2241700,3.0314609603877978,0.9198937170769206,1.1029281347746673,-0.18303441769774675,59.27020515262061
2024-12-12,27.3,27.5,26.65,26.8,2021500,-60.769860769860855,0.8352133867722067,1.0493851851741751,-0.21417179840196843,55.269698006615506
2024-12-13,26.8,27.0,26.45,26.5,1307300,-88.29669109482548,0.7354186734363495,0.98659188282661,-0.25117320939026055,52.95996264225473
2024-12-16,26.5,27.45,26.5,27.35,2057500,-23.095823095822865,0.7166573604417472,0.9326049783496375,-0.2159476179078903,58.27985989868388
2024-12-17,27.35,27.6,27.0,27.05,1264800,-4.8681055155878274,0.6698596666660102,0.880055916012912,-0.21019624934690184,55.87791631729374
2024-12-18,27.1,27.5,26.7,27.4,1771100,-2.199528672427605,0.6534813063953813,0.8347409940894058,-0.18125968769402456,58.05014831060824
2024-12-19,27.35,27.5,27.05,27.4,1941700,23.56495468277918,0.6332021773355407,0.7944332307386328,-0.16123105340309207,58.05014831060823
2024-12-20,27.7,29.3,27.5,29.3,6492000,232.4051975603292,0.7616649431452274,0.7878795732199517,-0.026214630074724354,67.97622525618573
2024-12-23,29.3,31.35,29.3,30.45,4290700,297.1317040054317,0.9453703586013056,0.8193777302962225,0.12599262830508307,72.25535370422497
2024-12-24,30.35,30.5,29.6,29.8,2592400,174.75849956090906,1.0266737996725794,0.8608369441714939,0.1658368555010855,66.82044371768693
2024-12-25,30.0,30.15,28.5,28.65,5604900,87.97297297297281,0.986935198806222,0.8860565950984396,0.10087860370778245,58.44447657735081
2024-12-26,28.65,29.2,28.45,29.0,2531500,59.523414607176456,0.9724740705057293,0.9033400901798976,0.06913398032583173,60.08439851309477
2024-12-27,29.5,29.5,28.4,29.0,1753000,54.48508600043583,0.9500618010907473,0.9126844323620675,0.037377368728679805,60.08439851309477
2024-12-30,30.0,30.0,28.5,28.5,1278100,49.076127124907664,0.8817893757531898,0.906505421040292,-0.02471604528710214,56.39698668113103
2024-12-31,28.5,28.65,28.0,28.65,1399700,10.111368397839067,0.8302165140129034,0.8912476396348142,-0.06103112562191082,57.24471304674367
