time,open,high,low,close,volume,cci,macd,macdsignal,macdhist,rsi
2018-01-02,12.31,12.44,12.19,12.44,6979,,,,,
2018-01-03,12.19,12.57,12.08,12.19,25675,,,,,
2018-01-04,12.19,12.19,11.88,12.13,18950,,,,,
2018-01-05,11.93,12.19,11.86,12.06,10678,,,,,
2018-01-08,11.8,12.44,11.73,12.39,37631,,,,,
2018-01-09,12.44,13.61,12.44,13.58,101220,,,,,
2018-01-10,13.33,13.66,13.0,13.33,23174,,,,,
2018-01-11,13.2,13.46,12.97,13.46,27461,,,,,
2018-01-12,13.46,13.46,12.95,13.2,67999,,,,,
2018-01-15,12.57,13.33,12.57,12.82,43058,,,,,
2018-01-16,12.95,12.95,12.69,12.9,10211,,,,,
2018-01-17,12.69,13.33,12.69,12.95,51899,,,,,
2018-01-18,13.05,13.05,12.62,12.82,11281,,,,,
2018-01-19,12.82,14.09,12.69,14.09,209487,125.95243652584386,,,,
2018-01-22,13.96,15.49,13.96,15.49,205248,248.9601901366607,,,,76.06837606837608
2018-01-23,16.35,17.03,14.72,15.36,127027,241.19041697753386,,,,74.29048414023373
2018-01-24,16.88,16.88,14.72,15.36,65231,168.10413040037938,,,,74.29048414023372
2018-01-25,15.61,16.25,15.23,15.44,79201,126.38161919651975,,,,74.71230347806915
2018-01-26,15.49,15.49,14.27,14.7,47945,58.092190069787286,,,,64.21670887897476
2018-01-29,14.67,14.72,14.22,14.6,69945,31.86469962785761,,,,62.930158752379285
2018-01-30,14.6,15.71,14.22,15.71,117593,66.39688249400461,,,,70.0926521136114
2018-01-31,15.23,16.86,15.11,15.33,47071,87.79383851657174,,,,65.43167625170273
2018-02-01,15.23,15.49,14.6,15.23,88018,41.4449175093134,,,,64.22139807167143
2018-02-02,15.74,15.74,14.72,15.11,15622,40.74891240666638,,,,62.72211451595982
2018-02-05,15.11,15.11,14.22,14.22,58933,-20.864819479429187,,,,52.86469582342856
2018-02-06,13.96,14.27,12.82,13.68,132031,-114.69694029368053,,,,47.941546706145
2018-02-07,14.22,15.03,14.22,15.03,166936,-21.481947942905258,,,,58.37746118916972
2018-02-08,15.99,16.5,15.05,15.74,164383,94.47057146928894,,,,62.62142134217462
2018-02-09,15.36,15.49,14.85,15.49,21808,23.53946993445456,,,,60.29034321068709
2018-02-12,15.74,15.87,15.11,15.11,41411,40.52268244575929,,,,56.827590912707116
2018-02-13,14.72,15.94,14.72,15.74,95800,58.65055387714019,,,,60.8429573981221
2018-02-21,15.99,16.5,15.99,16.2,80494,154.77502944640787,,,,63.51151569828373
2018-02-22,16.25,16.5,15.74,15.99,67200,115.33180778032087,,,,61.45253277250669
2018-02-23,15.99,15.99,15.69,15.94,59400,77.76702161987767,0.8516141623261184,0.9666529856602626,-0.11503882333414417,60.94591518339788
2018-02-26,15.99,16.12,15.87,15.97,88360,79.94663912557053,0.8208975161867631,0.9375018917655626,-0.11660437557879955,61.15285095104082
2018-02-27,17.21,17.21,16.0,16.0,60700,117.07655967764333,0.7898699727307239,0.9079755079585949,-0.11810553522787104,61.37326626577704
2018-02-28,16.0,16.0,15.15,15.15,26300,1.1848732557180335,0.6887530087953007,0.8641310081259361,-0.17537799933063547,52.31595795986353
2018-03-01,15.15,15.15,14.19,14.19,40314,-95.35433070866114,0.525100082534836,0.7963248230077161,-0.27122474047288014,44.35446912317478
2018-03-02,14.19,14.49,14.07,14.34,24544,-113.37992283613572,0.40286374335601316,0.7176326070773755,-0.31476886372136237,45.743826523931
2018-03-05,14.34,14.34,13.95,13.98,12800,-149.60623781676404,0.2737855432204004,0.6288631943059805,-0.3550776510855801,42.9708058221602
2018-03-06,13.95,13.98,13.58,13.89,56394,-151.79282187943033,0.16235634888941597,0.5355618252226676,-0.37320547633325163,42.28074410472622
2018-03-07,14.19,14.19,13.7,13.89,36262,-110.98626716604247,0.07320405875671376,0.4430902719294768,-0.36988621317276305,42.28074410472622
2018-03-08,13.89,14.01,13.7,13.92,21600,-93.94939493949416,0.004914326501673116,0.3554550828439161,-0.35054075634224297,42.636863346112435
2018-03-09,13.95,14.79,13.92,14.55,29530,-45.38441074753941,0.0016113815553957522,0.284686342586212,-0.28307496103081625,49.66086269341733
2018-03-12,14.49,14.79,14.37,14.64,20170,-27.656578071388413,0.006184728032753384,0.2289860196755203,-0.2228012916427669,50.59162499671023
2018-03-13,14.64,14.79,14.64,14.7,34740,-12.673995857414063,0.014483677802388684,0.18608555130089396,-0.17160187349850528,51.23891632722882
2018-03-14,14.7,14.7,14.49,14.64,11160,-14.362261335503938,0.016034323031561826,0.15207530564702754,-0.1360409826154657,50.52606432497608
2018-03-15,14.79,15.7,14.79,15.7,75100,72.75985663082425,0.10162489324779145,0.14198522316718032,-0.04036032991938887,60.880605510496956
2018-03-16,15.55,15.55,15.09,15.09,17850,69.83126274800672,0.11886394520355203,0.13736096757445465,-0.018497022370902616,53.89062060543905
2018-03-19,15.12,15.24,15.09,15.09,12340,84.89415141729447,0.13101575006685806,0.13609192407293533,-0.005076174006077266,53.89062060543905
2018-03-20,16.6,16.6,15.27,15.37,82373,164.61748633879768,0.16137952025814428,0.1411494433099771,0.02023007694816717,56.54656484215593
2018-03-21,15.85,16.3,15.4,15.7,92767,133.03542278811588,0.20965450237088312,0.1548504551221583,0.05480404724872481,59.50696612856493
2018-03-22,16.27,16.27,15.79,15.85,36440,122.04202914115872,0.2570533686715084,0.17529103783202832,0.08176233083948009,60.813803612225946
2018-03-23,15.7,15.7,15.27,15.46,41030,60.06051437216332,0.26014873835238106,0.19226257793609886,0.0678861604162822,55.77381400004804
2018-03-26,15.4,16.45,15.21,15.88,38300,88.35647621215577,0.2931135010556005,0.21243276255999918,0.08068073849560134,59.65192031432676
2018-03-27,16.0,16.0,15.7,15.73,14450,76.70910542459767,0.30363445757743257,0.23067310156348586,0.07296135601394671,57.70572780157847
2018-03-28,15.97,16.0,15.58,15.58,20110,58.211841713775335,0.2964513385267047,0.24382874895612963,0.05262258957057506,55.74702847247116
2018-03-29,15.61,15.7,15.58,15.64,3220,39.43491072976257,0.29223150065474535,0.25350929929585275,0.038722201358892594,56.38475117936724
2018-03-30,15.67,15.67,15.33,15.4,6200,-0.6414322971737789,0.26644978721483703,0.2560973968796496,0.010352390335187422,53.08911256328632
2018-04-02,15.27,15.4,15.09,15.4,47937,-51.40905209222878,0.24321397426659352,0.2535207123570384,-0.010306738090444856,53.08911256328632
2018-04-03,15.09,15.55,14.7,15.24,12660,-108.0597014925373,0.2094740755263267,0.24471138499089604,-0.03523730946456935,50.793674120418075
2018-04-04,15.09,15.37,15.09,15.09,17148,-92.36046149048974,0.16868670100872407,0.22950644819446164,-0.06081974718573757,48.6691113763346
2018-04-05,15.09,15.09,14.79,15.09,9050,-129.082969432314,0.13480842523557435,0.21056684360268418,-0.07575841836710984,48.6691113763346
2018-04-06,15.06,15.24,15.06,15.24,14070,-84.20123565754629,0.11869515019694532,0.19219250492153642,-0.0734973547245911,51.04395816742626
2018-04-09,15.24,15.76,15.24,15.73,68390,17.621688231669978,0.1438064572157174,0.18251529538037262,-0.03870883816465523,57.896674008789475
2018-04-10,15.15,15.94,15.15,15.64,4174,23.18555008210261,0.15466225095161512,0.1769446864946211,-0.02228243554300599,56.3368342776694
2018-04-11,15.24,15.64,15.15,15.49,2300,-8.542068079639332,0.1494391577139087,0.17144358073847862,-0.022004423024569925,53.73821285225331
2018-04-12,15.4,15.49,15.09,15.4,3961,-35.39630836047654,0.13646449312352438,0.16444776321548776,-0.027983270091963386,52.18291057356601
2018-04-13,15.12,15.37,15.09,15.37,3544,-41.90476190476148,0.12235084430628795,0.1560283794336478,-0.03367753512735985,51.64633056462249
2018-04-16,15.37,15.7,15.27,15.4,13000,30.33605812897506,0.11229199301863879,0.147281102150646,-0.0349891091320072,52.17591781003718
2018-04-17,15.49,15.55,15.12,15.15,23410,-31.304605360579504,0.0831884258500395,0.1344625668905247,-0.051274141040485194,47.5064822120173
2018-04-18,15.55,16.39,15.55,15.85,6920,212.6843657817105,0.11527892535213446,0.13062583858284665,-0.01534691323071219,58.66193395900963
2018-04-19,15.12,15.55,15.09,15.55,15071,13.916500994035358,0.11517571071301091,0.1275358130088795,-0.012360102295868591,53.42217896205855
2018-04-20,15.12,15.85,15.09,15.85,35350,77.92207792207691,0.1377139247625525,0.1295714353596141,0.008142489402938408,57.5094345632834
2018-04-23,15.24,15.24,14.49,14.49,6261,-191.08138238572994,0.0453126517271496,0.1127196786331212,-0.0674070269059716,40.26128251639137
2018-04-24,14.52,15.52,14.52,15.52,11100,-51.78571428571422,0.05456735061135376,0.10108921302876771,-0.04652186241741395,52.00232533167949
2018-04-26,15.67,15.7,14.94,15.03,7951,-49.39467312348677,0.022108013832751183,0.0852929731895644,-0.06318495935681322,47.245126216689556
2018-04-27,14.67,15.37,14.64,15.37,7800,-79.33491686460891,0.023547473463958468,0.07294387324444321,-0.04939639978048474,50.6206520545369
2018-05-02,15.85,16.0,15.37,15.64,116511,95.93869731800811,0.04594536948881789,0.06754417249331815,-0.02159880300450026,53.18251816930483
2018-05-03,16.3,16.6,15.4,15.64,47400,141.72736732570252,0.06296998467081671,0.06662933492881787,-0.003659350258001154,53.18251816930483
2018-05-04,15.7,15.85,15.55,15.64,24031,71.82919056724062,0.07559075172598995,0.06842161828825229,0.00716913343773766,53.18251816930483
2018-05-07,15.7,15.7,15.4,15.4,12284,20.312002546959746,0.06547208486920653,0.06783171160444314,-0.0023596267352366113,50.28610442784983
2018-05-08,15.4,15.4,14.79,15.09,41011,-80.70175438596475,0.03206888907122263,0.060679147097799035,-0.028610258026576407,46.74482364076249
2018-05-09,15.09,15.64,15.09,15.4,45210,-7.304983042003183,0.030262181376834008,0.05459575395360603,-0.024333572576772024,50.49897071742896
2018-05-10,15.46,15.55,15.27,15.4,18900,-2.1366370410266895,0.02850180148662318,0.049376963460209464,-0.020875161973586284,50.498970717428946
2018-05-11,15.43,15.46,15.27,15.27,17433,-11.841012868409738,0.01642740924800634,0.04278705261776884,-0.0263596433697625,48.82501909429727
2018-05-14,15.4,15.55,15.18,15.4,11600,1.826341056146529,0.017150578756234935,0.037659757845462064,-0.020509179089227128,50.58890126773468
2018-05-15,15.55,15.55,15.37,15.49,45654,34.46969696969675,0.024701203541813044,0.03506804698473226,-0.010366843442919216,51.82684474271533
2018-05-16,15.55,16.0,15.49,15.82,74820,114.99006893328723,0.056660226339152686,0.03938648285561634,0.017273743483536344,56.16362167364623
2018-05-17,15.85,15.85,15.52,15.64,38869,69.13275791204273,0.06669467182038424,0.044848120648569925,0.02184655117181432,53.342766586059234
2018-05-18,15.49,15.64,14.1,14.93,33200,-170.8744968898643,0.017158186977242806,0.039310133914304504,-0.022151946937061698,43.9631515211069
2018-05-21,14.07,14.81,13.84,13.84,16031,-279.10214296887216,-0.10879955114176987,0.00968819690308963,-0.1184877480448595,34.06117420194004
2018-05-22,13.84,13.84,12.46,12.46,45186,-288.5517061734827,-0.31632997786017647,-0.055515438049563604,-0.26081453981061287,26.0587162833679
2018-05-23,12.46,12.57,12.46,12.57,37910,-213.66708914237438,-0.46654521272092175,-0.13772139298383523,-0.3288238197370865,27.520480648249183
2018-05-24,13.02,13.02,12.72,12.83,1610,-135.49160671462806,-0.5581777162417794,-0.22181265763542407,-0.3363650586063553,30.993031996606625
2018-05-25,13.09,13.47,13.02,13.47,15227,-82.7710601910614,-0.5725544330602084,-0.29196101272038094,-0.2805934203398274,38.76966043180581
2018-05-28,13.47,13.47,12.72,13.17,27020,-79.71887550200798,-0.60122502962097,-0.3538138161004988,-0.24741121352047124,36.68282982290368
2018-05-29,13.09,13.84,13.09,13.28,26400,-53.789173789173944,-0.6080612516600752,-0.40466330321241406,-0.20339794844766113,38.00059740545993
2018-05-30,13.47,13.65,13.28,13.47,21110,-43.22135762636798,-0.5913310979680908,-0.4419968621635494,-0.14933423580454142,40.311356295604256
2018-05-31,13.77,13.77,13.24,13.28,3005,-38.896634136626254,-0.5866413069220275,-0.47092575111524504,-0.1157155558067825,38.755790411870535
2018-06-01,13.28,13.28,13.02,13.09,39800,-51.93010192471225,-0.5914382933455169,-0.4950282595612994,-0.09641003378421747,37.20947110060373
2018-06-04,13.09,13.28,13.09,13.13,15386,-44.03844004916754,-0.5852656953200945,-0.5130757467130584,-0.07218994860703609,37.772378369907855
2018-06-05,13.28,13.28,12.94,12.94,12300,-50.645789603071044,-0.5889166148691789,-0.5282439203442826,-0.06067269452489632,36.11614184129662
2018-06-06,12.98,13.84,12.91,13.51,54905,12.498521934492372,-0.5395956359988698,-0.5305142634752,-0.009081372523669806,44.04311672899242
2018-06-07,13.47,13.65,13.47,13.51,11820,68.57142857142867,-0.4948046054195814,-0.5233723318640763,0.0285677264444949,44.04311672899242
2018-06-08,13.47,13.84,13.47,13.51,10901,107.98305637015358,-0.4540731187216256,-0.5095124892355861,0.05543937051396053,44.04311672899242
2018-06-11,13.77,13.84,13.54,13.54,8200,102.04702627939166,-0.4145932004400734,-0.49052863147648357,0.07593543103641015,44.49584983387538
2018-06-12,13.47,13.65,13.47,13.65,19800,84.39716312056777,-0.3701620029210222,-0.4664553057653913,0.0962933028443691,46.21420311580041
2018-06-13,13.51,13.51,13.47,13.51,4620,46.059078818423785,-0.34230095639845004,-0.44162443589200306,0.09932347949355302,44.33300638005799
2018-06-14,13.47,14.22,13.47,13.51,58000,124.27133015368246,-0.3165716355457402,-0.4166138758227505,0.10004224027701031,44.33300638005798
2018-06-15,13.54,13.58,13.51,13.51,3220,39.43071161048603,-0.29280568176602983,-0.39185223701140637,0.09904655524537653,44.33300638005798
2018-06-18,13.51,13.51,13.47,13.47,500,15.060606060605917,-0.2740396988130822,-0.36828972937174154,0.09425003055865933,43.698247516749596
2018-06-19,13.28,13.47,12.12,12.46,27010,-215.0906468891634,-0.33678384665549466,-0.3619885528284922,0.025204706172997526,31.452550202998168
2018-06-20,12.61,12.61,12.61,12.61,200,-166.52994257588114,-0.37013856252455923,-0.3636185547677056,-0.00652000775685363,34.39306790750107
2018-06-21,13.09,13.09,12.61,12.61,2400,-111.20462914255543,-0.39205307139605416,-0.36930545809337534,-0.022747613302678826,34.39306790750108
2018-06-22,13.09,13.09,12.83,13.09,1220,-57.99316308063528,-0.36646411884356667,-0.3687371902434136,0.0022730713998469487,43.403424797644256
2018-06-25,13.09,13.09,13.09,13.09,1193,-41.84692461324962,-0.34223956491961083,-0.36343766517865306,0.02119810025904223,43.40342479764425
2018-06-26,12.94,13.09,12.91,13.09,6100,-46.21271076523976,-0.3193600475726974,-0.3546221416574619,0.035262094084764495,43.403424797644256
2018-06-27,12.98,12.98,12.98,12.98,200,-47.86440677966131,-0.3065699978271379,-0.3450117128913971,0.038441715064259196,41.76178884598075
2018-06-28,12.98,13.17,12.98,13.09,7780,-23.14089347078974,-0.2842806996181988,-0.3328655102367574,0.04858481061855863,44.041115590802505
2018-06-29,12.72,12.72,12.72,12.72,400,-87.00908531509015,-0.2930935776639796,-0.3249111237222019,0.03181754605822229,38.57258080029385
2018-07-02,12.72,13.09,12.53,13.09,16500,-42.48157248157333,-0.26714248692874953,-0.3133573963635114,0.046214909434761864,45.81783615632568
2018-07-03,13.09,13.09,12.91,12.91,7013,-19.696336537121823,-0.2581250513164868,-0.3023109273541065,0.0441858760376197,43.151338749208335
2018-07-04,13.09,13.09,12.91,12.91,9500,-6.352710326220412,-0.24811851285882902,-0.291472444455051,0.04335393159622197,43.151338749208335
2018-07-05,13.09,13.13,13.09,13.09,14000,62.24246367382368,-0.22309209654176065,-0.27779637487239295,0.054704278330632294,46.74576911428403
2018-07-06,13.09,13.47,13.09,13.21,15510,144.9933661125426,-0.19136949576295414,-0.2605109990505052,0.06914150328755103,49.058244730683114
2018-07-09,13.24,13.24,13.17,13.17,6100,109.71862592784447,-0.1675256405002088,-0.2419139273404459,0.0743882868402371,48.30526899963354
2018-07-10,12.94,12.94,12.94,12.94,500,-37.6940133037688,-0.1652830115564612,-0.22658774418364896,0.061304732627187775,44.112656598607806
2018-07-11,12.94,12.94,12.94,12.94,800,-50.28169014084444,-0.16164239900444777,-0.21359867514780873,0.05195627614336096,44.11265659860781
2018-07-12,13.43,13.47,13.09,13.13,19300,120.22792022792021,-0.14179129345509978,-0.19923719880926694,0.05744590535416716,48.40316178036911
2018-07-13,13.17,13.47,13.13,13.17,2700,115.14161220043667,-0.12143169459501024,-0.1836760979664156,0.062244403371405355,49.285865699846426
2018-07-16,13.17,13.17,13.17,13.17,20,59.52380952380995,-0.10409660495140649,-0.16776019936341377,0.06366359441200728,49.285865699846426
2018-07-17,13.17,13.17,13.17,13.17,300,52.15270770265796,-0.08932869591494885,-0.1520738986737208,0.06274520275877193,49.285865699846426
2018-07-18,13.17,13.17,13.09,13.17,700,35.70377636096133,-0.07674040597567533,-0.1370072001341117,0.06026679415843636,49.28586569984642
2018-07-19,13.28,13.28,13.17,13.17,2330,60.28708133971283,-0.06600325111184802,-0.12280641032965896,0.05680315921781094,49.28586569984642
2018-07-20,13.17,13.28,13.17,13.28,1965,74.98893315626326,-0.04806384771583616,-0.10785789780689439,0.05979405009105823,52.521399807862366
2018-07-23,13.28,13.28,13.28,13.28,0,92.51849157269291,-0.03346102342875312,-0.09297852293126614,0.05951749950251302,52.52139980786236
2018-07-24,13.28,13.28,13.28,13.28,300,88.47874720357966,-0.021638742025155366,-0.07871056675004398,0.057071824724888615,52.52139980786236
2018-07-25,13.09,13.17,13.09,13.17,1540,-27.3310023310043,-0.020904604264215365,-0.06714937425287826,0.04624476998866289,48.6451598763114
2018-07-26,13.09,13.32,12.91,13.32,1800,12.121212121209247,-0.008125384032545924,-0.055344576208811794,0.04721919217626587,53.666845129721075
2018-07-27,13.43,13.43,13.43,13.43,100,183.4681042228212,0.010754351294629316,-0.04212479070812357,0.052879142002752885,56.98838852547647
2018-07-30,13.09,13.65,13.02,13.54,4700,146.66666666666646,0.03419853878692258,-0.026860124809114337,0.06105866359603692,60.07101571188831
2018-07-31,13.54,13.54,13.54,13.54,0,208.9230769230749,0.05217676501265878,-0.011052746844759712,0.06322951185741849,60.07101571188831
2018-08-01,13.54,13.65,13.24,13.24,7425,71.97346600331525,0.04173603895005584,-0.0004949896857966013,0.042231028635852444,48.96998722517419
2018-08-02,13.24,13.47,13.09,13.43,19822,34.782608695652186,0.04823705369929776,0.009251418991222272,0.03898563470807549,54.68196304923643
2018-08-03,13.54,13.84,13.54,13.69,25200,199.45622620989354,0.07352147205042137,0.022105429603062093,0.05141604244735927,61.09889015457915
2018-08-06,13.8,13.8,13.73,13.77,1732,180.33648790746454,0.09887511637622559,0.03745936695769479,0.0614157494185308,62.842325571600256
2018-08-07,13.77,13.77,13.65,13.73,5300,128.68569852434214,0.11442141758446311,0.05285177708304846,0.061569640501414655,61.36153122210438
2018-08-08,13.88,13.88,13.73,13.77,469,126.34083836719792,0.12848850351588048,0.06797912236961487,0.06050938114626561,62.317764477356455
2018-08-09,14.1,14.1,13.84,13.84,2520,136.45833333333343,0.14362951382094202,0.0831092006598803,0.060520313161061726,63.99697689529765
2018-08-10,13.88,13.92,13.47,13.77,2940,61.64079822616397,0.1482712795719614,0.09614161644229652,0.05212966312966488,61.06638159919372
2018-08-13,13.77,14.18,13.47,13.47,11500,49.58047292143402,0.1262866655071253,0.10217062625526227,0.024116039251863036,50.411798139243956
2018-08-14,13.47,13.58,13.09,13.47,13076,-65.83644665836403,0.10762308849898083,0.10326111870400598,0.004361969794974857,50.411798139243956
2018-08-15,13.09,13.43,13.09,13.43,15832,-96.02446483180358,0.08858327074617378,0.10032554911243954,-0.011742278366265763,49.087418233910036
2018-08-16,13.09,13.84,12.98,13.47,60607,-54.43425076452539,0.07584742184302051,0.09542992365855574,-0.019582501815535225,50.4882103914995
2018-08-17,13.94,14.81,13.94,14.7,11422,247.7251908396947,0.16312449268137108,0.1089688374631188,0.054155655218252274,74.0928684892882
2018-08-20,15.22,15.22,14.7,14.7,1320,250.69309938855338,0.2296449955583526,0.13310406908216557,0.09654092647618703,74.0928684892882
2018-08-21,14.7,14.7,13.7,14.64,13837,104.58628841607492,0.2743588368943559,0.16135502264460364,0.11300381424975228,72.14695904334758
2018-08-22,14.23,14.58,14.05,14.29,7400,78.20206080326636,0.27834422441521944,0.18475286299872679,0.09359136141649266,61.929452279635164
2018-08-23,14.35,14.46,14.05,14.05,3520,47.435660062951214,0.2591493659268327,0.19963216358434796,0.059517202342484726,56.06598824387501
2018-08-24,14.05,14.11,14.05,14.05,5700,22.22017560017209,0.24115739000656689,0.20793720886879175,0.03322018113777514,56.06598824387502
2018-08-27,14.29,14.29,14.05,14.05,1600,27.976577748861764,0.2243128802114125,0.2112123431373159,0.013100537074096585,56.06598824387501
2018-08-28,14.05,14.05,13.82,13.82,5900,-16.20185922974754,0.1902117642156469,0.2070122273529821,-0.016800463137335214,50.35902607635578
2018-08-29,13.82,13.82,13.82,13.82,92,-28.435197225834408,0.16132671021081002,0.1978751239245477,-0.03654841371373768,50.359026076355796
2018-08-30,14.05,14.17,14.05,14.17,3500,23.404935430252262,0.16477771678581377,0.1912556424968009,-0.026477925710987144,57.91871728852501
2018-08-31,14.05,14.05,13.76,14.05,500,-13.901314897654771,0.15603103855499612,0.18421072170843994,-0.028179683153443824,54.83537011726417
2018-09-04,13.82,13.82,13.53,13.53,5100,-87.79027837876845,0.1059186150003093,0.16855230036681382,-0.06263368536650452,43.92333850748184
2018-09-05,13.53,13.64,13.35,13.64,2573,-115.70114942528673,0.07422462372526617,0.14968676503850428,-0.07546214131323811,46.355241009849586
2018-09-06,13.64,13.76,13.64,13.76,8472,-87.22415795586572,0.05811993399439075,0.13137339882968158,-0.07325346483529083,48.95589655405977
2018-09-07,13.76,13.88,13.76,13.76,970,-57.978883861237186,0.044839964159722356,0.11406671189568973,-0.06922674773596738,48.95589655405978
2018-09-10,13.76,13.76,13.7,13.7,700,-70.52280311457135,0.029138107860084972,0.09708099108856878,-0.06794288322848381,47.61727010953696
2018-09-11,13.47,13.76,13.47,13.76,3029,-78.60321807600036,0.02129035027079418,0.08192286292501386,-0.06063251265421968,49.11565459333348
2018-09-12,13.76,14.05,13.76,13.94,4560,18.317061831706535,0.02925817152966026,0.07138992464594314,-0.04213175311628288,53.42030346833965
2018-09-13,13.99,13.99,13.82,13.82,9120,13.034188034188684,0.02559469050421903,0.06223087781759832,-0.03663618731337929,50.361539522400214
2018-09-14,13.82,13.82,13.7,13.7,19300,-40.89705395564193,0.012860114880249185,0.05235672523012849,-0.03949661034987931,47.43646704587483
2018-09-17,13.94,13.94,13.7,13.7,5790,-11.111111111110025,0.0027363292502986525,0.042432646034162524,-0.03969631678386387,47.436467045874835
2018-09-18,13.58,13.58,13.53,13.53,3700,-123.62459546925402,-0.018787848428441833,0.030188547141641653,-0.048976395570083486,43.30405827893185
2018-09-19,13.53,13.53,13.41,13.41,13800,-143.04397580513134,-0.045010063436818015,0.01514882502594972,-0.060158888462767734,40.61445296565134
2018-09-20,13.47,13.47,13.17,13.17,10600,-190.94881398252141,-0.08418689783441202,-0.004718319546122632,-0.07946857828828939,35.82232502326146
2018-09-21,13.41,13.41,13.12,13.41,4200,-139.69498910675372,-0.0947763048657535,-0.022729916610048806,-0.0720463882557047,43.05779521482053
2018-09-24,13.23,13.23,13.23,13.23,106,-135.14976542764316,-0.11635175134483156,-0.04145428355700535,-0.0748974677878262,39.46417821041369
2018-09-25,13.17,13.17,13.17,13.17,6000,-126.48855752303936,-0.1367159700809193,-0.06050662086178814,-0.07620934921913115,38.316219974395345
2018-09-26,13.29,13.29,13.17,13.17,2600,-95.6989247311824,-0.15111282555698935,-0.07862786180082838,-0.07248496375616097,38.31621997439535
2018-09-27,13.17,13.23,13.17,13.23,1900,-81.74369059324789,-0.15588400491223453,-0.09407909042310961,-0.061804914489124924,40.329266299776876
2018-09-28,13.29,13.7,13.29,13.35,4809,-11.882072662298407,-0.1482730029266044,-0.10491787292380857,-0.043355130002795825,44.24810258781725
2018-10-01,13.35,13.35,13.29,13.29,2200,-45.827570308897336,-0.14540657113812827,-0.1130156125666725,-0.03239095857145577,42.73679662159862
2018-10-02,13.35,13.35,13.29,13.29,2300,-38.26097356775467,-0.14150373630512725,-0.11871323731436345,-0.022790498990763797,42.73679662159863
2018-10-03,13.35,13.53,13.35,13.35,2320,10.791797635084817,-0.1320470567487284,-0.12138000120123645,-0.010667055547491963,44.9186795977001
2018-10-04,13.41,13.47,13.23,13.23,15610,-24.302862419204587,-0.1327058171333313,-0.12364516438765541,-0.009060652745675885,41.511906762080315
2018-10-05,13.23,13.35,13.23,13.35,6496,-9.184812953655946,-0.12213697336476415,-0.12334352618307716,0.0012065528183130142,45.92832975676085
2018-10-08,13.41,13.47,13.41,13.47,1620,126.7874165872286,-0.10289201629976219,-0.11925322420641417,0.01636120790665198,49.99467403207583
2018-10-09,13.47,13.47,13.47,13.47,0,140.12974976830725,-0.08664149989499137,-0.1127308793441296,0.026089379449138236,49.994674032075835
2018-10-10,13.06,13.17,13.06,13.17,1150,-139.74941484234824,-0.09685387023433023,-0.10955547752216974,0.012701607287839506,41.045054508421146
2018-10-11,12.94,13.0,12.0,13.0,18100,-294.8926095044786,-0.11731252083940547,-0.11110688618561688,-0.00620563465378858,37.00276546523761
2018-10-12,13.0,13.06,13.0,13.06,750,-91.89025314536737,-0.12721815854036755,-0.11432914065656702,-0.012889017883800535,39.275846959076404
2018-10-15,13.0,13.0,12.94,13.0,2000,-102.00521906331417,-0.1383155310007762,-0.11912641872540886,-0.019189112275367348,37.806759474951654
2018-10-16,12.65,13.0,12.65,13.0,2218,-113.25415115523174,-0.14543380821618612,-0.12438789662356431,-0.021045911592621813,37.806759474951654
2018-10-17,13.06,13.06,12.94,12.94,516,-67.3990306946679,-0.1541397654850556,-0.13033827039586257,-0.02380149508919302,36.23488329303538
2018-10-18,12.71,13.0,12.71,13.0,1300,-78.4357541899431,-0.15441776886681957,-0.13515417009005398,-0.01926359877676559,38.967596377949896
2018-10-19,12.88,13.06,12.88,13.06,1220,-41.87452758881272,-0.14808950634407836,-0.13774123734085886,-0.010348269003219501,41.66012930498527
2018-10-22,13.0,13.06,13.0,13.06,1300,-24.075327018492928,-0.14144383620410572,-0.13848175711350824,-0.0029620790905974803,41.660129304985276
2018-10-23,12.94,12.94,12.82,12.82,2200,-76.19047619047605,-0.15377051816049025,-0.14153950932290466,-0.0122310088375856,34.582520559812465
2018-10-24,12.65,12.82,12.59,12.82,1100,-108.41930964208277,-0.1616758043865989,-0.1455667683356435,-0.0161090360509554,34.582520559812465
2018-10-25,12.47,12.76,12.47,12.59,2500,-141.75965114787692,-0.18437452374452867,-0.15332831941742053,-0.03104620432710814,29.08974543709908
2018-10-26,12.3,12.59,12.24,12.59,2000,-163.65248226950226,-0.20005728650365384,-0.1626741128346672,-0.037383173668986636,29.08974543709908
2018-10-29,12.3,12.76,12.3,12.76,2500,-98.43225850619359,-0.19650324266531882,-0.16943993880079752,-0.0270633038645213,37.58737984487033
2018-10-30,12.3,12.76,12.0,12.76,3400,-113.2485222307882,-0.1914793821918046,-0.17384782747899893,-0.01763155471280567,37.58737984487033
2018-10-31,12.65,12.82,12.65,12.82,3200,-19.774011299433898,-0.18057488316336112,-0.17519323861587138,-0.005381644547489739,40.505719974585176
2018-11-01,12.82,12.94,12.65,12.94,2300,18.759959437926426,-0.16040098924462853,-0.17223478874162282,0.011833799496994285,45.94924171888604
2018-11-02,12.88,13.06,12.88,13.06,11200,84.21733505821564,-0.1331946508268782,-0.16442676115867388,0.03123211033179568,50.797407060293786
2018-11-05,12.12,13.06,12.12,13.06,600,-18.96024464831702,-0.11036125576081446,-0.153613660079102,0.04325240431828753,50.797407060293786
2018-11-06,12.59,13.06,12.3,13.06,1000,13.067552602436377,-0.091214165543688,-0.1411337611720192,0.049919595628331204,50.797407060293786
2018-11-07,12.47,13.06,12.47,13.06,900,41.581920903955194,-0.07517340636453085,-0.12794169021052154,0.05276828384599069,50.797407060293786
2018-11-08,13.0,13.06,12.59,13.06,4000,67.14200831847893,-0.06174918300348686,-0.1147031887691146,0.05295400576562774,50.797407060293786
2018-11-09,12.59,12.94,12.59,12.94,5100,39.04382470119446,-0.06010058426758569,-0.10378266786880883,0.04368208360122314,44.95636614988711
2018-11-12,12.59,12.94,12.47,12.82,8700,-0.9845288326313016,-0.06769668971076825,-0.09656547223720072,0.028868782526432463,40.00274102315791
2018-11-13,12.82,12.82,12.82,12.82,6000,39.58938601588248,-0.07287658212681514,-0.0918276942151236,0.018951112088308464,40.00274102315791
2018-11-14,12.59,12.76,12.53,12.76,5900,-43.68733374258349,-0.08089072482170323,-0.08964030033643952,0.00874957551473629,37.60024860716691
2018-11-15,12.47,12.71,12.47,12.71,2110,-92.75362318840554,-0.09023638391517075,-0.08975951705218577,-0.0004768668629849815,35.677299937138876
2018-11-16,12.71,12.88,12.71,12.88,2200,30.527926549350724,-0.08296889307483646,-0.08840139225671591,0.005432499181879449,45.822478763707906
2018-11-19,12.88,13.0,12.88,13.0,349,130.96774193548418,-0.06675682597115795,-0.08407247899960432,0.01731565302844637,51.62281347797519
2018-11-20,12.53,13.0,11.77,12.94,4700,-170.5432191694876,-0.05808062723213858,-0.07887410864611118,0.020793481413972595,48.80904155329889
2018-11-21,12.41,12.88,12.3,12.88,1200,-70.91503267973853,-0.055407472923992174,-0.07418078150168737,0.0187733085776952,46.10284326324238
2018-11-22,12.47,13.0,12.47,13.0,2100,35.48726030995487,-0.04310904749255151,-0.0679664346998602,0.024857387207308693,51.85256905790256
2018-11-23,12.88,12.88,12.82,12.82,300,43.02340787237007,-0.047341232154613166,-0.0638413941908108,0.016500162036197627,44.230407325831095
2018-11-26,12.36,12.88,12.3,12.88,3500,-63.48164356916879,-0.045331220341074285,-0.06013935942086349,0.014808139079789208,47.025756553823804
2018-11-27,12.36,12.82,12.3,12.82,14200,-78.54785478547825,-0.04802615444338976,-0.05771671842536875,0.00969056398197899,44.61736444005931
2018-11-28,12.82,13.12,12.82,13.12,1000,160.51632498101748,-0.025658639515649284,-0.05130510264342485,0.02564646312777557,56.58883569059887
2018-11-29,13.12,13.12,13.12,13.12,0,175.25252525252503,-0.007841827084904551,-0.04261244753172079,0.03477062044681624,56.58883569059887
2018-11-30,12.59,12.88,12.41,12.88,2500,-33.95755305867506,-0.012938719601160997,-0.036677701945608834,0.023738982344447837,47.13556708980271
2018-12-03,12.41,12.82,12.41,12.82,600,-48.363636363636715,-0.02157088644892724,-0.03365633884627252,0.012085452397345278,45.106863663891566
2018-12-04,12.76,12.82,12.76,12.82,2100,7.0707070707072415,-0.02808815806528031,-0.032542702690074074,0.004454544624793763,45.10686366389156
2018-12-05,12.82,12.82,12.82,12.82,300,11.456176673568288,-0.032874189581622915,-0.03260900006838384,-0.00026518951323907525,45.106863663891566
2018-12-06,12.65,12.82,12.65,12.82,249,-18.754277891854514,-0.03624929473452099,-0.03333705900161127,-0.002912235732909718,45.106863663891566
2018-12-07,12.41,12.76,12.41,12.76,922,-77.44680851063806,-0.043266835298934936,-0.035323014261076,-0.007943821037858935,42.63849283829015
2018-12-10,12.76,12.76,12.76,12.76,164,-17.88783355947517,-0.04827183904257559,-0.037912779217375916,-0.010359059825199676,42.63849283829015
2018-12-11,12.12,12.76,12.12,12.76,1150,-141.02083333333331,-0.051643031844086806,-0.040658829742718096,-0.01098420210136871,42.63849283829014
2018-12-12,12.06,12.76,11.83,12.76,12722,-160.73932441045167,-0.05369575518608016,-0.04326621483139051,-0.010429540354689654,42.63849283829014
2018-12-13,12.36,12.59,12.24,12.59,2450,-124.59432048681523,-0.06825335033794389,-0.04826364193270118,-0.019989708405242702,35.28078669659746
2018-12-14,12.47,12.53,12.24,12.53,2600,-119.45748565466934,-0.08366738243313065,-0.05534439003278708,-0.028322992400343576,33.10920412606679
2018-12-17,12.12,12.12,11.71,12.06,6675,-225.96654481001457,-0.1322833063546227,-0.0707321732971542,-0.06155113305746851,21.79324656403455
2018-12-18,11.71,11.95,11.54,11.95,3610,-202.5277323149653,-0.177640132146621,-0.09211376506704756,-0.08552636707957344,20.06479649388088
2018-12-19,11.01,11.65,10.89,11.65,4324,-224.53501888985704,-0.23508334173127388,-0.12070768039989282,-0.11437566133138105,16.273915041172547
2018-12-20,11.13,11.24,10.54,10.83,12259,-209.58228534793042,-0.34282279833769636,-0.16513070398745353,-0.17769209435024283,10.457885464879547
2018-12-21,10.83,11.24,10.42,11.24,11820,-144.70937700706452,-0.39062068829044705,-0.21022870084805223,-0.18039198744239482,24.90832456478002
2018-12-24,11.65,11.65,10.83,11.36,11910,-89.03196656500627,-0.4140450101817432,-0.2509919627147904,-0.16305304746695282,28.54311877788107
2018-12-25,11.13,11.13,10.48,11.13,5620,-108.54920431028297,-0.44602651582099995,-0.2899988733360323,-0.15602764248496764,25.950356848026885
2018-12-26,11.13,11.13,10.6,11.13,3401,-88.99498102582916,-0.46600032775123346,-0.3251991642190725,-0.14080116353216093,25.95035684802689
2018-12-27,11.07,11.13,10.66,11.13,2082,-74.59036439227197,-0.4763387806566737,-0.35542708750659274,-0.12091169315008093,25.950356848026885
2018-12-28,11.13,11.36,10.83,11.36,3634,-45.28798809114853,-0.4606627676263866,-0.3764742235305515,-0.0841885440958351,33.49548151468471
2019-01-02,11.13,11.13,11.07,11.13,2410,-47.05580500320709,-0.4614788512336965,-0.3934751490711805,-0.068003702162516,30.183432466476944
2019-01-03,10.83,11.13,10.83,11.13,1930,-52.01564380264744,-0.4568592147296364,-0.40615196220287164,-0.05070725252676478,30.183432466476944
2019-01-04,10.6,11.13,10.54,11.13,7573,-62.81543011767643,-0.448033468582814,-0.4145282634788601,-0.03350520510395388,30.183432466476944
2019-01-07,10.83,11.07,10.83,11.07,3100,-46.921472011364024,-0.4407992404782348,-0.41978245887873505,-0.021016781599499768,29.24135736209792
2019-01-08,11.07,11.07,11.07,11.07,2880,-13.383982272871739,-0.4301080447783132,-0.4218475760586507,-0.008260468719662517,29.24135736209792
2019-01-09,10.95,11.07,10.83,11.07,2300,-33.155713439906144,-0.416830235671215,-0.42084410798116356,0.004013872309948541,29.24135736209792
2019-01-10,10.95,10.95,10.95,10.95,4200,-50.98351940457375,-0.4112498412349268,-0.4189252546319162,0.007675413396989406,27.126438437062728
2019-01-11,10.31,11.07,10.31,10.95,33100,-171.65156092648635,-0.40219112945453084,-0.41557842959643915,0.01338730014190831,27.126438437062728
2019-01-14,10.77,11.07,10.77,11.07,3200,-28.780426283264358,-0.38093782387781694,-0.4086503084527147,0.027712484574897778,32.76610986016949
2019-01-15,10.83,11.07,10.77,11.07,5600,-17.15686274509883,-0.35994520185756684,-0.3989092871336851,0.03896408527611828,32.76610986016949
2019-01-16,10.95,11.01,10.83,11.01,1400,-41.893362350380876,-0.3441823760370557,-0.3879639049143592,0.04378152887730352,31.35882207336073
2019-01-17,11.01,11.13,10.77,11.13,5300,17.81170483460244,-0.3183376278752643,-0.37403864950654026,0.05570102163127594,37.170926027464326
2019-01-18,10.83,11.07,10.66,11.07,2600,-59.134107708556,-0.2992474391117508,-0.35908040742758235,0.05983296831583157,35.550072308375675
2019-01-21,10.72,11.01,10.72,11.01,1600,-72.41379310344796,-0.2856668360735366,-0.3443976931567732,0.05873085708323661,33.9555314336865
2019-01-22,11.01,11.01,10.83,11.01,3200,-14.616755793224874,-0.2717712999487407,-0.3298724145151667,0.05810111456642597,33.955531433686495
2019-01-23,10.72,10.95,10.6,10.95,1103,-154.89920300047072,-0.26257369985155066,-0.31641267158244346,0.053838971730892804,32.276528875244956
2019-01-24,10.66,10.95,10.66,10.95,624,-103.70370370370277,-0.25237531003350533,-0.30360519927265583,0.051229889239150506,32.276528875244956
2019-01-25,10.95,10.95,10.66,10.95,1519,-85.20821556435,-0.2415090466714087,-0.29118596875240643,0.04967692208099772,32.276528875244956
2019-01-28,10.66,10.95,10.66,10.83,4523,-107.09534368071257,-0.2398160021948783,-0.2809119754409008,0.04109597324602249,28.728131481966944
2019-01-29,10.72,10.89,10.72,10.77,1200,-105.1676933607112,-0.24054292173953407,-0.27283816470062744,0.03229524296109337,27.122555989200002
2019-01-30,10.77,11.01,10.72,11.01,4710,18.845200141693578,-0.21922591657663482,-0.2621157150758289,0.04288979849919411,41.2634392967484
2019-01-31,10.83,10.95,10.25,10.95,8900,-168.60809476801637,-0.20481258299799165,-0.2506550886602615,0.04584250566226983,39.214833158657754
2019-02-01,10.54,10.95,10.54,10.95,200,-64.35986159169624,-0.19118603865007522,-0.23876127865822422,0.047575240008149,39.21483315865776
2019-02-11,11.01,11.13,11.01,11.13,600,173.74358974359052,-0.16397223850683496,-0.22380347062794637,0.05983123212111141,48.168087138296954
2019-02-12,10.72,10.95,10.72,10.89,800,-25.144596651445998,-0.15992755476490217,-0.21102828745533753,0.05110073269043536,39.75910690237628
2019-02-13,11.01,11.13,10.83,11.01,2150,100.65359477124298,-0.1453634571919924,-0.1978953214026685,0.0525318642106761,44.93531555475747
2019-02-14,11.13,11.3,11.07,11.3,4240,222.80949025135163,-0.1091623726868125,-0.1801487316594973,0.0709863589726848,54.99875309081143
2019-02-15,11.3,11.71,11.07,11.18,10460,196.97828139754571,-0.08912833357093852,-0.16194465204178554,0.07281631847084702,50.856932405111564
2019-02-18,11.48,11.95,11.42,11.54,4300,224.75161234094537,-0.04369849285541427,-0.1382954202045113,0.09459692734909703,60.47372545550882
2019-02-19,11.89,11.89,11.65,11.65,1700,179.57333333333395,0.0011676044898578652,-0.11040281526563747,0.11157041975549534,62.86498377325556
2019-02-20,11.65,11.89,11.65,11.89,2620,150.69497927898286,0.055451098370173924,-0.07723203253847519,0.1326831309086491,67.4867151477022
2019-02-21,11.89,12.3,11.71,11.71,26710,134.01050566419894,0.08299000555993352,-0.04518762491879345,0.12817763047872696,61.32238273820513
2019-02-22,11.71,11.71,11.71,11.71,620,82.14763468320594,0.10362031739738242,-0.015426036455558272,0.1190463538529407,61.322382738205114
2019-02-25,11.42,11.71,11.42,11.48,3520,43.08030803080347,0.10025523046207852,0.007710216927969086,0.09254501353410943,54.01136836222437
2019-02-26,11.24,11.48,11.24,11.24,7200,-2.5227798177610454,0.07733095744482377,0.021634365031340023,0.05569659241348374,47.63008458435309
2019-02-27,11.24,11.24,11.13,11.24,12409,-36.01403823178011,0.058489080209710664,0.02900530806701415,0.029483772142696513,47.630084584353085
2019-02-28,11.18,11.24,11.01,11.18,5400,-58.23534117270646,0.03827405866983824,0.030859058187578968,0.007415000482259272,46.05252524927619
2019-03-01,11.01,11.36,11.01,11.36,3400,-38.57036485480248,0.03635888158110845,0.03195902286628487,0.004399858714823582,51.26724802222574
2019-03-04,11.3,11.65,11.24,11.42,16400,-1.931126331810787,0.039230365268501544,0.0334132913467282,0.005817073921773344,52.90154215163342
2019-03-05,11.42,11.65,11.42,11.42,5302,5.372682557700668,0.04103303351055132,0.034937239779492826,0.006095793731058494,52.90154215163342
2019-03-06,11.42,11.71,11.42,11.71,5640,35.49160671462925,0.06511167064024193,0.040972125951642645,0.02413954468859928,60.35436468073412
2019-03-07,11.54,11.71,11.48,11.71,10420,36.07647547797239,0.0832346863898259,0.049424638039279295,0.0338100483505466,60.35436468073412
2019-03-08,11.71,11.71,11.36,11.36,21800,-14.927905004240941,0.06856485899830389,0.05325268223108422,0.015312176767219673,49.41045791637472
2019-03-11,11.3,11.36,11.13,11.36,10040,-72.99145299145273,0.05629003857476711,0.0538601534998208,0.0024298850749463127,49.4104579163747
2019-03-12,11.36,11.36,11.3,11.36,9600,-43.9204808136856,0.04603153210533151,0.052294429220922936,-0.006262897115591429,49.41045791637471
2019-03-13,11.3,11.36,11.24,11.36,21400,-41.5176151761509,0.03746966484745151,0.049329476346228654,-0.011859811498777142,49.41045791637472
2019-03-14,11.36,11.36,11.13,11.24,6700,-67.78063410454044,0.02076199488931252,0.043615980054845425,-0.022853985165532907,45.597543289770755
2019-03-15,11.24,11.36,11.13,11.36,28130,-41.57646405772973,0.017007985721091856,0.03829438118809471,-0.021286395467002853,49.77172321099698
2019-03-18,11.36,11.95,11.36,11.71,11610,131.91721132897513,0.04179321516797252,0.03899414798407027,0.00279906718390225,59.526093869605404
2019-03-19,11.83,11.83,11.59,11.59,56400,109.59046137895261,0.05116291669851414,0.041427901726959045,0.009735014971555093,55.5433623838964
2019-03-20,11.71,12.71,11.59,12.71,215612,275.96191763844337,0.14726552710907015,0.06259542680338126,0.08467010030568889,73.41912000205436
2019-03-21,13.0,13.94,13.0,13.47,145972,337.442052454437,0.28150813609615355,0.10637796866193572,0.17513016743421783,79.45579116130175
2019-03-22,13.58,13.58,12.88,12.88,79731,173.8415744813193,0.33641037235559423,0.15238444940066742,0.1840259229549268,66.77699208658947
2019-03-25,12.82,12.88,12.12,12.59,89113,78.11822232737912,0.3524573053525284,0.1923990205910396,0.16005828476148878,61.575905987174906
2019-03-26,12.65,12.71,12.3,12.47,78750,61.63618442667859,0.3514404317136286,0.2242073028155574,0.1272331288980712,59.51039295269028
2019-03-27,12.47,12.47,12.18,12.41,55060,39.936136242682416,0.34185239189154437,0.2477363206307548,0.09411607126078958,58.45457193821591
2019-03-28,12.41,12.41,11.94,11.94,43920,8.909608909609027,0.29295176363331166,0.2567794092312662,0.03617235440204547,50.84474396310532
2019-03-29,12.07,12.55,12.07,12.41,11700,29.40548237807055,0.288793701452267,0.2631822676754664,0.02561143377680064,56.88883256045998
2019-04-01,12.41,12.41,11.73,11.73,15200,-22.442541685443615,0.22799984986937183,0.2561457841142475,-0.02814593424487566,47.74223902096637
2019-04-02,11.73,12.07,11.73,11.8,19650,-41.81670721816668,0.18335509606659706,0.2415876465047174,-0.05823255043812034,48.657372118648034
2019-04-03,11.87,11.87,11.46,11.6,11550,-80.86132644272175,0.13033307988417597,0.21933673318060912,-0.08900365329643314,46.16962381016693
2019-04-04,11.6,11.6,11.46,11.6,14996,-100.89895720963659,0.08730633695055268,0.19293065393459782,-0.10562431698404515,46.16962381016693
2019-04-05,11.6,11.6,11.25,11.25,21626,-119.83556012332974,0.024680753889159135,0.1592806739255101,-0.13459992003635096,41.82908566998733
2019-04-08,11.25,11.53,11.19,11.25,18704,-116.29268292682936,-0.024666136018076656,0.12249131193679275,-0.1471574479548694,41.829085669987336
2019-04-09,11.32,11.39,11.25,11.32,23626,-98.90322580645135,-0.05746308809903766,0.08650043192962667,-0.14396352002866433,43.07052019339994
2019-04-10,11.32,11.32,11.12,11.32,9302,-98.23848238482367,-0.08250385581946063,0.05269957437980921,-0.13520343019926984,43.07052019339994
2019-04-11,11.25,11.32,11.12,11.19,10152,-93.46733668341692,-0.11155284641728969,0.01984909022038943,-0.13140193663767913,41.17776111714984
2019-04-12,11.05,11.12,11.05,11.12,12010,-98.74765530177649,-0.1386248151601226,-0.011845690855712979,-0.12677912430440963,40.15449461858239
2019-04-16,11.05,11.05,10.23,10.78,10700,-148.21802935010447,-0.1853777842303188,-0.04655210953063415,-0.13882567469968465,35.535438250569435
2019-04-17,10.78,10.78,10.37,10.37,35810,-156.70929241261723,-0.2526015886673054,-0.08776200535796841,-0.164839583309337,30.916898914095984
2019-04-18,10.44,10.78,10.44,10.57,5300,-127.75431186202037,-0.2864367449792766,-0.12749695328223004,-0.15893979169704658,35.33221480562672
2019-04-19,10.78,10.84,10.57,10.84,8170,-88.58560794044662,-0.28814307263134253,-0.15962617715205255,-0.12851689547929,40.830257257905146
2019-04-22,10.84,10.84,10.37,10.37,19904,-108.19875007734657,-0.32368913477889905,-0.19243876867742185,-0.1312503661014772,35.21726431941172
2019-04-23,10.37,10.57,10.3,10.37,15540,-107.39934711643092,-0.3478498486007311,-0.2235209846620837,-0.1243288639386474,35.21726431941171
2019-04-24,10.57,10.64,10.37,10.37,12500,-85.18756698821014,-0.3628150819528688,-0.25137980412024075,-0.11143527783262808,35.217264319411704
2019-04-25,10.44,10.5,10.37,10.5,7410,-76.09388206228485,-0.3600349646993841,-0.2731108362360694,-0.08692412846331471,38.15437883680296
2019-04-26,10.64,10.64,10.57,10.64,9120,-39.18806660165369,-0.3425857564272885,-0.2870058202743132,-0.055579936152975296,41.24385099969697
2019-05-02,10.64,10.71,10.37,10.37,10570,-62.54176463309025,-0.34654907465938045,-0.29891447115132663,-0.04763460350805382,37.36696065696233
2019-05-03,10.37,10.57,10.23,10.23,18200,-93.38754961758099,-0.35687305248042733,-0.31050618741714675,-0.04636686506328058,35.50340132420642
2019-05-06,10.37,10.37,10.16,10.37,4760,-105.3763440860217,-0.3497266185512711,-0.3183502736439716,-0.03137634490729946,38.79083204385852
2019-05-07,10.37,10.37,10.23,10.23,5510,-114.10658307210021,-0.3513101632671596,-0.32494225156860923,-0.02636791169855035,36.772345703450064
2019-05-08,10.23,10.23,10.23,10.23,5010,-135.44137022397896,-0.34854729757998193,-0.32966326077088376,-0.01888403680909817,36.772345703450064
2019-05-09,10.23,10.23,10.16,10.16,14300,-134.53340497940258,-0.3479946558298579,-0.3333295397826786,-0.014665116047179294,35.69526871721693
2019-05-10,10.23,10.23,10.09,10.09,22230,-128.1175912754868,-0.3491799689221544,-0.3364996256105738,-0.012680343311580633,34.60374494701385
2019-05-13,10.09,10.09,10.03,10.09,20200,-131.28205128205238,-0.34612937412071076,-0.3384255753126012,-0.007703798808109563,34.603744947013844
2019-05-14,10.09,10.09,10.03,10.03,21000,-124.89177489177544,-0.3445811374629333,-0.3396566877426676,-0.004924449720265678,33.58289194258893
2019-05-15,10.03,10.03,9.89,10.03,30750,-131.77812337998995,-0.3394412809650955,-0.3396136063871532,0.0001723254220576953,33.58289194258893
2019-05-16,10.09,10.23,10.09,10.09,15710,-56.31469979296118,-0.3267597263760216,-0.3370428303849269,0.010283104008905308,35.78013873288542
2019-05-17,10.23,10.3,10.23,10.23,15500,0.9163802978223982,-0.30193218672502553,-0.3300207016529466,0.028088514927921082,40.70902647625791
2019-05-20,10.23,10.5,10.23,10.23,11840,40.54220579174268,-0.2790395880044443,-0.31982447892324617,0.040784890918801886,40.70902647625791
2019-05-21,10.44,10.57,10.23,10.23,3502,73.17724378722426,-0.2579238529612038,-0.30744435373083767,0.04952050076963388,40.70902647625791
2019-05-22,10.23,10.23,10.23,10.23,5200,18.231780167264027,-0.23844088273688513,-0.2936436595320472,0.055202776795162056,40.70902647625791
2019-05-23,10.44,10.44,10.23,10.23,18701,71.58308751228876,-0.22045917235900525,-0.2790067620974388,0.05854758973843355,40.70902647625791
2019-05-24,10.23,10.23,10.23,10.23,7420,25.805620005155046,-0.20385858249190392,-0.26397712617633184,0.06011854368442793,40.70902647625792
2019-05-27,10.23,10.23,10.09,10.09,2600,-38.016528925621195,-0.19969733877845464,-0.2511211686967564,0.051423829918301744,36.356246602228346
2019-05-28,10.09,10.09,9.96,10.09,33720,-90.59829059829075,-0.19416135195135453,-0.239729205347676,0.04556785339632147,36.35624660222834
2019-05-29,10.09,10.09,9.96,9.96,3600,-102.0155038759686,-0.1979817457255475,-0.2313797134232503,0.03339796769770281,32.60213861401184
2019-05-30,10.03,10.03,9.96,9.96,4103,-98.84357881923282,-0.19871872950047909,-0.22484751663869607,0.02612878713821698,32.60213861401184
2019-05-31,9.96,10.03,9.96,9.96,4000,-90.8386596939757,-0.19703153753496316,-0.2192843208179495,0.022252783282986327,32.60213861401184
2019-06-03,10.03,10.03,9.89,10.03,4400,-85.15815085158096,-0.1878802442567391,-0.2130035055057074,0.025123261248968298,36.978613229923326
2019-06-04,10.03,10.44,10.03,10.44,70945,77.8645833333333,-0.1458627894745792,-0.19957536229948175,0.05371257282490255,55.290964153589805
2019-06-05,10.44,10.64,10.44,10.57,29100,166.74554346111327,-0.10091050678799185,-0.17984239119718376,0.07893188440919191,59.326590130336086
2019-06-06,10.57,10.64,10.37,10.37,26022,108.5979411338259,-0.08049592056017474,-0.15997309706978197,0.07947717650960723,51.60852594364309
2019-06-07,10.37,10.37,10.23,10.37,10920,50.17376194613359,-0.06358425419296587,-0.14069532849441874,0.07711107430145286,51.60852594364309
2019-06-10,10.37,10.57,10.23,10.37,14600,75.75369738339054,-0.04960976625064539,-0.12247821604566407,0.07286844979501868,51.60852594364309
2019-06-11,10.09,10.16,10.09,10.09,33055,-35.26011560693691,-0.0604319222360008,-0.11006895728373142,0.04963703504773062,42.044329004066924
2019-06-12,10.09,10.16,10.03,10.09,5800,-37.73794636654268,-0.06822213650103848,-0.10169959312719283,0.03347745662615435,42.044329004066924
2019-06-13,10.5,10.5,9.89,9.89,40900,-33.617050723134014,-0.08950253643517314,-0.0992601817887889,0.009757645353615757,36.448683055392905
2019-06-14,9.89,9.89,9.69,9.75,7800,-136.6809781594184,-0.11632333368915226,-0.10267281216886157,-0.013650521520290698,33.125265614928054
2019-06-17,9.75,9.75,9.62,9.62,19800,-151.83187233086161,-0.14638152716518427,-0.11141455516812611,-0.03496697199705816,30.357267845332043
2019-06-18,9.62,9.69,9.55,9.62,37860,-141.5881697559007,-0.16826322829694718,-0.12278428979389032,-0.04547893850305686,30.357267845332043
2019-06-19,9.55,9.62,9.55,9.62,18400,-123.26926499377092,-0.1834894815677348,-0.1349253281486592,-0.048564153419075606,30.357267845332043
2019-06-20,9.69,10.09,9.62,9.75,10619,-58.718078809403906,-0.18295746368510102,-0.14453175525594758,-0.03842570842915344,36.93874016959966
2019-06-21,9.89,9.89,9.62,9.69,45300,-70.46204620462034,-0.18524198000286596,-0.15267380020533125,-0.03256817979753471,35.28149478926366
2019-06-24,9.69,9.69,9.55,9.55,13300,-86.58761528326723,-0.19608891466774736,-0.16135682309781446,-0.0347320915699329,31.70695051043176
2019-06-25,9.62,9.62,9.62,9.62,5980,-72.33104799216414,-0.19676854821239687,-0.16843916812073095,-0.028329380091665912,35.239888231031955
2019-06-26,9.48,9.62,9.48,9.62,3100,-77.13285424728191,-0.1950586480184615,-0.17376306410027706,-0.021295583918184452,35.239888231031955
2019-06-27,9.55,9.55,9.34,9.48,27200,-103.62296273227396,-0.2026641832167364,-0.17954328792356894,-0.023120895293167465,31.46435985416946
2019-06-28,9.41,9.48,9.34,9.48,4200,-108.83609854198089,-0.20631337252345539,-0.18489730484354622,-0.021416067679909168,31.46435985416946
2019-07-01,9.48,9.48,9.28,9.48,12550,-109.4966561070045,-0.20682127443016185,-0.18928209876086935,-0.0175391756692925,31.464359854169455
2019-07-02,9.41,9.41,9.34,9.41,12900,-118.27525695663047,-0.21044631125814917,-0.1935149412603253,-0.016931369997823853,29.49121088213145
2019-07-03,9.41,9.41,9.41,9.41,3420,-98.56801909307826,-0.2108881912657381,-0.19698959126140786,-0.013898600004330242,29.49121088213145
2019-07-04,9.34,9.41,9.34,9.41,700,-93.63230440691017,-0.20883110931993976,-0.19935789487311423,-0.009473214446825529,29.49121088213145
2019-07-05,9.34,9.48,9.34,9.41,2800,-68.80427521710064,-0.20483959372912963,-0.2004542346443173,-0.004385359084812329,29.49121088213146
2019-07-08,9.41,9.41,9.34,9.41,5920,-71.46080090242559,-0.1993779835798719,-0.20023898443142824,0.0008610008515563261,29.49121088213145
2019-07-09,9.48,9.69,9.34,9.41,3500,-16.00630790459317,-0.19282683051615201,-0.198756553648373,0.005929723132220982,29.49121088213146
2019-07-10,9.41,9.48,9.41,9.48,700,-19.553072625698576,-0.1799126583948194,-0.19498777459766228,0.015075116202842881,35.774098404440444
2019-07-11,9.41,9.48,9.34,9.41,4500,-52.02185792349837,-0.17332847615280933,-0.1906559149086917,0.017327438755882357,32.641723120228825
2019-07-12,9.41,9.41,9.34,9.34,3350,-97.22222222222295,-0.17177872110675807,-0.18688047614830497,0.0151017550415469,29.8289912068079
2019-07-15,9.34,9.34,9.28,9.34,3600,-157.5466666666687,-0.1686069332945319,-0.18322576757755035,0.01461883428301844,29.8289912068079
2019-07-16,9.28,9.28,9.28,9.28,10400,-203.71014492753832,-0.16898679260638438,-0.18037797258331717,0.011391179976932786,27.475445762769578
2019-07-17,9.34,9.34,9.28,9.34,1108,-114.23001949318196,-0.16257230297770597,-0.17681683866219494,0.014244535684488968,33.155281842660386
2019-07-18,9.34,9.34,9.21,9.28,5720,-142.87076776347342,-0.1604803546591942,-0.1735495418615948,0.013069187202400606,30.57645298656211
2019-07-19,9.21,9.34,9.07,9.14,101300,-193.735028560901,-0.16818061902891657,-0.17247575729505915,0.004295138266142584,25.577400759415212
2019-07-22,9.14,9.14,9.07,9.14,1070,-188.3319173038799,-0.17229700143791327,-0.17244000612362997,0.00014300468571670777,25.577400759415212
2019-07-23,9.0,9.14,8.25,8.66,23900,-309.9774423043567,-0.21184918706960154,-0.18032184231282428,-0.031527344756777265,15.500473780577344
2019-07-24,8.66,9.14,8.59,8.73,14450,-167.60693947821633,-0.2348390853614415,-0.19122529092254772,-0.043613794438893766,20.42420327123492
2019-07-25,8.59,8.8,8.53,8.8,38600,-153.71495576164685,-0.24459083946061533,-0.20189840063016123,-0.042692438830454094,25.1228612649099
2019-07-26,8.8,8.87,8.73,8.87,5200,-95.41010451283607,-0.24385969706583133,-0.21029065991729526,-0.03356903714853607,29.59951180352186
2019-07-29,8.87,8.87,8.8,8.8,1400,-79.29687500000024,-0.24609188240250113,-0.21745090441433643,-0.0286409779881647,27.80901231739183
2019-07-30,8.73,8.8,8.39,8.59,15120,-115.20047875523659,-0.26178841641382355,-0.22631840681423385,-0.03547000959958971,23.262731143152227
2019-07-31,8.59,8.59,8.12,8.32,10820,-145.20098441345425,-0.2926413884578629,-0.23958300314295966,-0.053058385314903256,18.96892365521494
2019-08-01,8.32,8.39,8.05,8.18,12310,-149.6698568143038,-0.3246470914729045,-0.2565958208089486,-0.06805127066395589,17.196487609437984
2019-08-02,8.18,8.18,7.98,8.12,5800,-150.91210613598636,-0.3508094275505247,-0.2754385421572638,-0.07537088539326087,16.485537862078584
2019-08-05,7.98,8.46,7.71,8.05,6760,-129.32761087267534,-0.3728932016563462,-0.2949294740570803,-0.0779637275992659,15.671506079413728
2019-08-06,7.84,7.91,7.71,7.91,8800,-142.1799460036418,-0.3971138998685291,-0.31536635921937006,-0.08174754064915901,14.16500435887525
2019-08-07,7.91,7.98,7.64,7.84,16240,-120.19447408988498,-0.4171487614322782,-0.3357228396619517,-0.08142592177032648,13.467876086445866
2019-08-08,7.84,7.91,7.37,7.91,47872,-115.5067155067155,-0.42250771266960463,-0.3530798142634823,-0.06942789840612235,17.823289836799468
2019-08-09,7.91,7.98,7.71,7.98,8750,-77.73454388240367,-0.41630737289634645,-0.36572532599005514,-0.05058204690629131,22.048619038702675
2019-08-12,7.98,7.98,7.5,7.78,78430,-89.32991890738377,-0.42265972922332296,-0.3771122066367087,-0.045547522586614264,19.036838846085498
2019-08-13,7.64,7.98,7.5,7.98,70340,-69.5084334186518,-0.4068655955282381,-0.38306288441501457,-0.023802711113223518,29.41955444488264
2019-08-14,7.64,7.98,7.64,7.84,22720,-62.7391742195366,-0.40102272046196674,-0.386654851624405,-0.014367868837561748,26.826180913616966
2019-08-15,7.84,7.84,7.64,7.84,31650,-66.48967551622411,-0.39187490984922313,-0.38769886326936864,-0.004176046579854487,26.82618091361697
2019-08-16,7.98,7.98,7.78,7.84,3850,-34.48806774441874,-0.38024201082386355,-0.3862074927802676,0.005965481956404062,26.82618091361697
2019-08-19,7.91,8.05,7.64,7.64,27360,-61.093585699264146,-0.38274908981170075,-0.38551581218655423,0.002766722374853481,23.18028863858198
2019-08-20,7.84,7.91,7.78,7.78,6200,-33.83998311167445,-0.36918342132853343,-0.3822493340149501,0.013065912686416659,30.319331885667218
2019-08-21,7.78,7.91,7.78,7.91,9337,11.703906368747726,-0.3439774597382623,-0.37459495915961255,0.030617499421350225,36.24430427804751
2019-08-22,7.91,7.91,7.64,7.84,2630,-44.0806045340057,-0.32589327376596255,-0.36485462208088254,0.038961348314919986,34.54116420580117
2019-08-23,7.71,7.78,7.64,7.78,18000,-122.31496939343556,-0.3127971933173974,-0.3544431363281855,0.04164594301078811,33.10519653032408
2019-08-26,7.64,7.78,7.57,7.78,30600,-130.52631578947418,-0.2989720910478111,-0.34334892727211064,0.044376836224299554,33.10519653032408
2019-08-27,7.78,7.78,7.64,7.64,31485,-132.71604938271892,-0.2959014600269345,-0.3338594338230754,0.03795797379614091,29.757470866916734
2019-08-28,7.71,7.78,7.71,7.71,6700,-72.8682170542661,-0.28453955298747946,-0.3239954576559562,0.03945590466847676,33.38475842344086
2019-08-29,7.71,7.71,7.64,7.71,20500,-118.58974358974436,-0.27239515797950187,-0.3136753977206653,0.04128023974116346,33.38475842344086
2019-08-30,7.84,7.91,7.71,7.71,910,0.3314393939367978,-0.25977610026123443,-0.3028955382287791,0.043119437967544694,33.38475842344086
2019-09-03,7.91,7.91,7.64,7.64,7435,-54.90196078431639,-0.2525130083137457,-0.29281903224577244,0.04030602393202676,31.362019129186642
2019-09-04,7.57,7.71,7.5,7.71,5212,-143.85964912280744,-0.2383608649553004,-0.28192739878767803,0.04356653383237763,35.56627914926854
2019-09-05,7.71,7.78,7.64,7.78,6012,-25.666666666667826,-0.21897259463224117,-0.2693364379565907,0.05036384332434951,39.55359146370324
2019-09-06,7.78,7.78,7.71,7.71,6700,-16.867469879519494,-0.20687098575084484,-0.2568433475154415,0.049972361764596684,37.082329767333356
2019-09-09,7.78,8.05,7.64,7.84,7500,121.92749778956694,-0.18466179376968395,-0.24240703676629,0.05774524299660605,44.07107604203451
2019-09-10,7.78,7.78,7.64,7.64,2410,-76.40724424865437,-0.1811114377300891,-0.23014791695904982,0.04903647922896073,37.22112505870353
2019-09-11,7.64,7.78,7.64,7.78,5425,5.9829059829054545,-0.1650977805739382,-0.2171378896820275,0.05204010910808929,43.80544287628923
2019-09-12,7.71,7.71,7.71,7.71,400,-29.22859164897396,-0.15625405738237852,-0.2049611232220977,0.04870706583971918,41.46379803861927
2019-09-13,7.71,7.78,7.57,7.64,14940,-104.000000000001,-0.15312858699147114,-0.19459461597597238,0.041466028984501246,39.20676142985207
2019-09-16,7.71,7.84,7.71,7.71,9476,56.08562691131473,-0.1433507559217695,-0.18434584396513182,0.04099508804336233,42.573186299608444
2019-09-17,7.84,7.91,7.84,7.84,12380,201.59999999999883,-0.12368606484525912,-0.1722138881411573,0.048527823295898165,48.29906376922652
2019-09-18,7.71,7.71,7.71,7.71,240,-35.3369763205832,-0.11724009816314762,-0.16121913014555536,0.04397903198240774,43.615729523432385
2019-09-19,7.71,7.78,7.71,7.71,10000,-4.964539007091774,-0.11085376987188411,-0.1511460580908211,0.04029228821893699,43.61572952343239
2019-09-20,7.71,7.78,7.71,7.71,15200,-1.5941663943335376e-12,-0.1045869454856021,-0.1418342355697773,0.03724729008417521,43.61572952343238
2019-09-23,7.71,7.84,7.71,7.84,13940,89.82785602503735,-0.08811479594665705,-0.13109034764515326,0.042975551698496206,49.706626569483326
2019-09-24,7.71,7.84,7.71,7.84,4360,72.04551331781722,-0.07420510846233608,-0.11971329980858983,0.04550819134625375,49.706626569483326
2019-09-25,7.71,7.78,7.64,7.78,300,-24.25652960951671,-0.06724788768730061,-0.10922021738433199,0.04197232969703138,46.98955019857043
2019-09-26,7.78,7.78,7.78,7.78,5310,40.22988505747038,-0.06103071599532317,-0.09958231710653023,0.03855160111120706,46.98955019857043
2019-09-27,7.84,7.98,7.78,7.98,17000,200.7894736842074,-0.039509789843542364,-0.08756781165393265,0.04805802181039029,56.23736512833503
2019-09-30,7.78,7.91,7.71,7.84,5822,67.18547341115367,-0.033366502518432206,-0.07672754982683257,0.04336104730840036,49.70114382994417
2019-10-01,7.84,7.84,7.71,7.78,7700,8.450704225352423,-0.03295946541165318,-0.0679739329437967,0.03501446753214352,47.17078128335344
2019-10-02,7.71,7.84,7.71,7.71,3502,-27.999999999999353,-0.037849000836124524,-0.06194894652226226,0.024099945686137735,44.33486607991946
2019-10-03,7.91,7.91,7.71,7.84,538,54.664570230609186,-0.030878135418418218,-0.05573478430149345,0.024856648883075233,50.30965023746924
2019-10-04,7.84,7.84,7.71,7.84,600,14.393939393939577,-0.025064743590660576,-0.04960077615932688,0.0245360325686663,50.30965023746924
2019-10-07,7.71,7.78,7.71,7.71,8532,-76.3636363636374,-0.03059482414052983,-0.045799585755567467,0.015204761615037636,44.74026930989321
2019-10-08,7.78,7.78,7.71,7.71,1270,-82.70042194092666,-0.03457884936745792,-0.04355543847794556,0.00897658911048764,44.74026930989321
2019-10-09,7.71,7.71,7.71,7.71,10700,-115.95959595959697,-0.03730617569206096,-0.04230558592076864,0.0049994102287076805,44.74026930989321
2019-10-10,7.71,7.71,7.64,7.64,7900,-163.8297872340407,-0.04460187380174041,-0.042764843496962995,-0.001837030304777415,41.64016169223625
2019-10-11,7.78,7.78,7.71,7.71,200,-51.46804835923857,-0.044225547548050415,-0.04305698430718048,-0.0011685632408699326,45.69264739942823
2019-10-14,7.84,7.84,7.71,7.71,7000,-18.49593495935051,-0.04342671019774613,-0.04313092948529361,-0.000295780712452523,45.692647399428225
2019-10-15,7.71,7.78,7.71,7.71,7400,-48.37398373983755,-0.042305949194542336,-0.04296593342714335,0.0006599842326010172,45.692647399428225
2019-10-16,7.71,7.71,7.64,7.64,10001,-129.17542630226512,-0.04652978659437235,-0.04367870406058915,-0.002851082533783196,42.04605891284864
2019-10-17,7.71,7.71,7.71,7.71,7100,-58.33333333333068,-0.043724761348149954,-0.04368791551810131,-3.684583004864156e-05,46.632754387625155
2019-10-18,7.71,7.84,7.64,7.84,8800,66.80107526881854,-0.03065843374671484,-0.04108201916382402,0.01042358541710918,53.925739123491724
2019-10-21,7.78,7.78,7.64,7.64,7710,-93.33333333333135,-0.03602631458608396,-0.04007087824827601,0.004044563662192045,43.97028410468412
2019-10-22,7.78,7.84,7.64,7.64,9769,-45.17631403858582,-0.03982136294073424,-0.04002097518676766,0.00019961224603341765,43.97028410468411
2019-10-23,7.64,7.64,7.57,7.64,18800,-183.99999999999673,-0.042340886717844306,-0.04048495749298299,-0.0018559292248613163,43.97028410468411
2019-10-24,7.64,7.78,7.64,7.64,1915,-43.74999999999625,-0.043832355355548636,-0.04115443706549612,-0.002677918290052518,43.97028410468412
2019-10-25,7.71,7.71,7.64,7.64,4200,-77.77777777777453,-0.044501370893857306,-0.04182382383116835,-0.0026775470626889536,43.97028410468412
2019-10-28,7.64,7.71,7.57,7.57,44100,-138.00424628449682,-0.05010243582109197,-0.04347954622915308,-0.006622889591938894,40.20707025776383
2019-10-29,7.64,7.64,7.57,7.57,22570,-144.8533333333318,-0.05391976662367082,-0.04556759030805663,-0.00835217631561419,40.20707025776383
2019-10-30,7.64,7.64,7.57,7.57,3900,-120.7804419369963,-0.05629608259009444,-0.04771328876446419,-0.00858279382563025,40.207070257763824
2019-10-31,7.64,7.64,7.43,7.43,16610,-190.59474412171406,-0.06868440897301742,-0.05190751280617484,-0.01677689616684258,33.125277716116116
2019-11-01,7.57,7.57,7.37,7.37,16980,-194.25621168118633,-0.08239395917077186,-0.05800480207909424,-0.02438915709167762,30.634900451886693
2019-11-04,7.5,7.64,7.43,7.5,6794,-95.26952695269424,-0.08182572688501466,-0.06276898704027832,-0.01905673984473634,40.98703353377772
2019-11-05,7.5,7.5,7.37,7.37,6400,-154.05260332796445,-0.0908184141040369,-0.06837887245303004,-0.022439541651006867,35.31169152893738
2019-11-06,7.43,7.5,7.43,7.43,3149,-102.3001652052347,-0.0920426743000915,-0.07311163282244233,-0.018931041477649166,39.477102384894955
2019-11-07,7.5,7.5,7.37,7.37,9944,-109.02624478783434,-0.09673925793745397,-0.07783715784544466,-0.018902100092009308,36.917078275498476
2019-11-08,7.43,7.43,7.37,7.37,10335,-106.27062706270702,-0.09931647579649905,-0.08213302143565554,-0.01718345436084351,36.91707827549848
2019-11-11,7.37,7.37,7.37,7.37,1600,-105.82278481012712,-0.10020385188781411,-0.08574718752608726,-0.014456664361726851,36.91707827549848
2019-11-12,7.37,7.5,7.37,7.37,3710,-65.83394562821418,-0.09975716532815682,-0.08854918308650117,-0.011207982241655645,36.91707827549848
2019-11-13,7.43,7.5,7.37,7.37,14724,-57.99725651577543,-0.09827036343294804,-0.09049341915579054,-0.007776944277157499,36.91707827549848
2019-11-14,7.37,7.43,7.37,7.37,3900,-70.93690248565967,-0.09598559997165346,-0.09159185531896312,-0.004393744652690337,36.91707827549848
2019-11-15,7.37,7.37,7.37,7.37,5120,-86.18618618618711,-0.09310169013762959,-0.09189382228269641,-0.0012078678549331812,36.91707827549849
2019-11-18,7.37,7.43,7.37,7.37,2324,-60.01405481377522,-0.08978122869914795,-0.09147130356598672,0.0016900748668387672,36.91707827549848
2019-11-19,7.37,7.37,7.37,7.37,5400,-91.50326797385671,-0.08615657966672874,-0.09040835878613512,0.004251779119406385,36.91707827549848
2019-11-20,7.37,7.37,7.37,7.37,3010,-85.86666666666592,-0.082334913562506,-0.0887936697414093,0.006458756178903305,36.91707827549849
2019-11-21,7.37,7.37,7.3,7.37,12310,-117.93754538852507,-0.07840244110406935,-0.0867154240139413,0.008312982909871952,36.917078275498476
2019-11-22,7.37,7.37,7.3,7.3,8400,-170.73170731707364,-0.08001201463544749,-0.08537474213824255,0.005362727502795053,31.527374466519802
2019-11-25,7.3,7.3,7.09,7.09,4328,-350.9971509971562,-0.09711339544053921,-0.08772247279870188,-0.00939092264183733,21.422772816952683
2019-11-26,7.16,7.23,7.09,7.23,11900,-200.9418509418509,-0.09823711663608936,-0.08982540156617938,-0.00841171506990998,36.1214944026631
2019-11-27,7.09,7.23,7.09,7.09,3511,-174.41077441077536,-0.10916610484757605,-0.09369354222245871,-0.015472562625117342,30.064913690293295
2019-11-28,7.16,7.23,7.03,7.03,9200,-150.17998560115257,-0.12127096906059176,-0.09920902759008532,-0.02206194147050644,27.905390823287235
2019-11-29,7.03,7.03,6.82,6.82,6400,-197.66143106457218,-0.14612496844046952,-0.10859221576016216,-0.037532752680307355,21.95997305932373
2019-12-02,6.82,6.89,6.82,6.82,10145,-166.3917824074075,-0.16393223327153628,-0.11966021926243699,-0.04427201400909929,21.95997305932373
2019-12-03,6.82,7.03,6.82,6.82,63556,-121.46892655367225,-0.17601562043808094,-0.13093129949756577,-0.04508432094051518,21.95997305932373
2019-12-04,6.96,6.96,6.82,6.82,13200,-110.72988948856374,-0.18347678564904246,-0.1414403967278611,-0.04203638892118136,21.95997305932373
2019-12-05,6.82,7.16,6.82,7.16,7790,-35.393258426966604,-0.16010901724567628,-0.14517412083142414,-0.014934896414252136,46.69298422183971
2019-12-06,6.89,6.96,6.89,6.89,70600,-75.39118065433921,-0.1615147939410937,-0.14844225545335804,-0.013072538487735652,36.73612336377741
2019-12-09,7.37,7.5,6.89,7.16,17040,40.42397660818686,-0.13923709996808942,-0.14660122435630432,0.007364124388214904,48.55107161174645
2019-12-10,6.89,7.16,6.89,6.96,8200,-28.218100056211647,-0.13615073460498728,-0.1445111264060409,0.008360391801053635,42.255815221569456
2019-12-11,6.96,7.23,6.89,7.23,20510,37.40458015267192,-0.11064260522244318,-0.13773742216932136,0.02709481694687818,51.414617447418145
2019-12-12,6.96,7.03,6.96,6.96,5200,-23.76811594202869,-0.11093518071791486,-0.13237697387904007,0.02144179316112521,43.91368886550142
2019-12-13,7.03,7.03,6.68,6.96,66200,-70.84265473527229,-0.10990018794977541,-0.12788161669318715,0.017981428743411743,43.91368886550142
2019-12-16,6.96,7.43,6.96,7.16,12500,112.9008202833705,-0.09188245643115067,-0.12068178464077986,0.028799328209629188,50.16023569025676
2019-12-17,7.43,7.5,7.23,7.37,23100,184.8913043478259,-0.05996676984042004,-0.1085387816807079,0.04857201184028785,55.734898113792596
2019-12-18,7.64,8.05,7.5,7.84,52235,261.217008797653,0.003214657201780824,-0.08618809390421014,0.08940275110599097,65.13436836469553
2019-12-19,7.98,8.25,7.98,7.98,19110,233.51538794971847,0.06384723215277255,-0.056181028692813606,0.12002826084558615,67.35785949066636
2019-12-20,7.98,8.05,7.98,8.05,14294,159.489402697495,0.11620782811548391,-0.0217032573311541,0.13791108544663802,68.4415571057573
2019-12-23,8.05,8.05,7.64,7.71,23200,91.1314984709479,0.12878427420461147,0.008394248975999018,0.12039002522861245,58.314731551589446
2019-12-24,7.71,7.84,7.71,7.71,7010,69.04761904761868,0.13716998810116898,0.03414939680103301,0.10302059130013597,58.314731551589446
2019-12-25,7.84,7.84,7.78,7.78,3120,65.0233100233097,0.14776084670273182,0.05687168678137277,0.09088915992135904,59.73721034064147
2019-12-26,7.78,7.84,7.78,7.78,2200,55.472013366750055,0.1543746436503639,0.076372278155171,0.0780023654951929,59.73721034064147
2019-12-27,7.78,7.78,7.78,7.78,2700,45.247632920611736,0.15779713819736418,0.09265725016360964,0.06513988803375455,59.737210340641475
2019-12-30,7.78,7.84,7.78,7.78,7520,42.543244506778606,0.1586803218088626,0.10586186449266023,0.05281845731620237,59.73721034064147
2019-12-31,7.78,7.98,7.78,7.98,15410,59.61981139080724,0.17351836797959308,0.11939316519004681,0.05412520278954627,64.40511027515218
2020-01-02,8.05,8.05,7.3,7.3,8729,-35.201978565540145,0.1289211862845292,0.12129876940894328,0.007622416875585916,45.21232152724606
2020-01-03,7.37,7.5,7.3,7.43,17203,-105.52640783490655,0.10288155747746153,0.11761532702264693,-0.014733769545185404,48.37940757020805
2020-01-06,7.84,7.84,7.43,7.43,35560,-76.61996497372924,0.08130769949497285,0.11035380151711212,-0.029046102022139267,48.37940757020805
2020-01-07,7.57,7.64,7.57,7.57,5300,-84.00475947645621,0.07464661190761124,0.10321236359521194,-0.0285657516876007,51.85539832015471
2020-01-08,7.57,7.78,7.5,7.5,12203,-70.17952902774485,0.06299309186728319,0.0951685092496262,-0.032175417382343,50.04098524394326
2020-01-09,7.57,7.71,7.57,7.57,64025,-47.71144278606898,0.05872901671469233,0.08788061074263942,-0.029151594027947092,51.85514995271504
2020-01-10,7.57,7.57,7.5,7.5,12519,-80.79306071871096,0.04913489496591428,0.08013146758729439,-0.030996572621380114,49.90360113808463
2020-01-13,7.57,7.71,7.57,7.71,200,-3.0649152865022984,0.057810327841191445,0.0756672396380738,-0.017856911796882355,55.33443251676435
2020-01-14,7.71,7.71,7.57,7.57,3200,-24.648862512363028,0.05278042108716363,0.07108987592789176,-0.01830945484072813,51.338685537763084
2020-01-15,7.64,7.64,7.57,7.57,4606,-32.34024179620003,0.04823812467204647,0.0665195256767227,-0.018281401004676234,51.33868553776308
2020-01-16,7.57,7.57,7.57,7.57,200,-41.84501845018469,0.04412962321094849,0.06204154518356786,-0.01791192197261937,51.338685537763084
2020-01-17,7.57,7.71,7.57,7.71,1200,36.38418079096073,0.051575901288881454,0.059948416404630576,-0.008372515115749123,55.364357305795984
2020-01-20,7.71,7.78,7.64,7.78,3809,106.80147058823484,0.06240616586516623,0.06043996629673771,0.0019661995684285213,57.26790347266571
2020-01-21,7.78,7.84,7.71,7.78,2000,182.07070707070733,0.07018023451194022,0.06238801993977821,0.007792214572162011,57.26790347266571
2020-01-22,7.78,7.91,7.78,7.91,1810,197.36029205279485,0.08584162465386314,0.06707874088259519,0.018762883771267946,60.862797407137094
2020-01-30,7.91,7.91,7.84,7.84,4200,156.4102564102572,0.09154964684877331,0.07197292207583081,0.019576724772942505,58.03181354029358
2020-01-31,7.84,7.84,7.64,7.78,13400,59.57446808510671,0.09019211840491348,0.07561676134164734,0.01457535706326614,55.64272751120456
2020-02-03,7.71,7.71,7.3,7.64,14900,-87.38104066246476,0.07693260616650566,0.075879930306619,0.001052675859886651,50.42617981489401
2020-02-04,7.64,7.64,7.43,7.43,7430,-113.00669721536849,0.04891523781827711,0.07048699180895063,-0.021571753990673515,43.79388015306632
2020-02-05,7.43,7.5,7.43,7.5,7500,-110.81282624906841,0.03199091517714869,0.06278777648259024,-0.030796861305441542,46.32795614626603
2020-02-06,7.5,7.64,7.43,7.5,31685,-81.58090976882966,0.018366549402166754,0.05390353106650554,-0.03553698166433879,46.32795614626603
2020-02-07,7.5,7.84,7.5,7.84,25100,41.201716738197405,0.034605390468466446,0.05004390294689772,-0.015438512478431275,57.198380040558064
2020-02-10,7.84,7.84,7.43,7.57,6820,-26.69521770164228,0.02539530423302061,0.0451141832041223,-0.019718878971101687,48.75382831509
2020-02-11,7.57,7.78,7.57,7.57,1300,-13.09786607799799,0.01789001952738012,0.03966935046877386,-0.02177933094139374,48.75382831509
2020-02-12,7.57,7.84,7.57,7.78,4525,36.10486891385863,0.028558072598148243,0.03744709489464874,-0.008889022296500494,54.776411280106366
2020-02-13,7.78,7.78,7.71,7.71,1910,34.10368519675172,0.031006740131107158,0.03615902394194042,-0.005152283810833262,52.55907037932525
2020-02-14,7.71,7.78,7.64,7.71,5113,21.118143459915387,0.03257185868107637,0.03544159088976761,-0.0028697322086912377,52.55907037932525
2020-02-17,7.71,7.71,7.71,7.71,3625,25.02192982456224,0.033426901890527994,0.035038653089919686,-0.0016117511993916922,52.559070379325235
2020-02-18,7.64,7.78,7.64,7.78,8850,50.166666666667034,0.0392999197681263,0.03589090642556101,0.003409013342565291,54.84217572880884
2020-02-19,7.78,7.78,7.3,7.78,11910,-19.318181818181618,0.043453424717604605,0.03740341008396973,0.006050014633634873,54.842175728808826
2020-02-20,7.78,7.78,7.78,7.78,1830,104.07407407407425,0.046212399538790194,0.03916520797493382,0.007047191563856373,54.842175728808826
2020-02-21,7.78,7.84,7.78,7.78,5000,103.84515458560631,0.04784735246662741,0.04090163687327254,0.00694571559335487,54.842175728808826
2020-02-24,7.84,7.84,7.5,7.5,8820,-50.24702121476321,0.026246847182550326,0.0379706789351281,-0.011723831752577775,43.562754440540495
2020-02-25,7.5,7.84,7.5,7.84,9461,38.88888888888925,0.03614677213454076,0.037605897575010636,-0.0014591254404698745,55.52458660307911
2020-02-26,7.84,7.91,7.5,7.84,717,60.469483568075454,0.0434911945654779,0.03878295697310409,0.004708237592373807,55.52458660307911
2020-02-27,7.91,7.91,7.91,7.91,100,217.57857974388892,0.05433379111888481,0.041893123802260235,0.012440667316624576,57.666981949285365
2020-02-28,7.5,7.5,7.5,7.5,3648,-208.00670016750348,0.029502961739145128,0.03941509138963721,-0.009912129650492082,44.228449660022214
2020-03-02,7.91,7.91,7.43,7.84,357,9.99450851180766,0.036834899270812294,0.038899052965872226,-0.0020641536950599323,53.83591070850101
2020-03-03,7.91,7.91,7.64,7.84,1900,76.0367863959746,0.04215952384096955,0.03955114714089169,0.0026083767000778593,53.83591070850101
2020-03-04,7.84,7.84,7.57,7.78,118300,8.28114126652887,0.04106446304732092,0.03985381032217754,0.0012106527251433824,52.00249154130759
2020-03-05,8.05,8.05,7.64,7.91,2050,123.43234323432367,0.050108908715575495,0.04190483000085713,0.008204078714718364,55.53576546823291
2020-03-06,7.91,7.91,7.91,7.91,807,130.46800382043932,0.05662397117685103,0.04484865823605591,0.011775312940795118,55.5357654682329
2020-03-09,7.37,7.78,7.16,7.78,31200,-114.69353484466838,0.050712707051903116,0.04602146799922535,0.004691239052677765,51.16737807659758
2020-03-10,7.16,7.71,7.16,7.71,6700,-133.35571972240894,0.039919406588745154,0.044801055717129314,-0.004881649128384159,48.93529691802364
2020-03-11,7.71,7.71,7.16,7.64,5200,-115.79751671442204,0.025424149455630207,0.04092567446482949,-0.015501525009199282,46.73953190829349
2020-03-12,7.16,7.43,7.03,7.43,6100,-171.08229118419044,-0.002974404132487507,0.03214565874536609,-0.035120062877853596,40.82172342065438
2020-03-13,7.16,7.5,6.82,7.5,21800,-143.52681469939003,-0.019606041227080873,0.021795318750876695,-0.04140135997795757,43.39448035828153
2020-03-16,6.82,6.82,6.82,6.82,4000,-223.21863051790064,-0.08665810970601218,0.00010463305949891949,-0.0867627427655111,29.828237375668465
2020-03-17,7.23,7.37,6.82,7.37,23300,-97.97782126549235,-0.09432958091080401,-0.01878220973456167,-0.07554737117624234,44.8469604984425
2020-03-18,7.5,7.5,6.82,7.37,3970,-74.16690401594967,-0.09926501184435033,-0.0348787701565194,-0.06438624168783093,44.846960498442506
2020-03-19,6.96,7.3,6.96,7.3,20700,-72.44283995186531,-0.1075846228396431,-0.049419940693144135,-0.05816468214649896,43.473549738199665
2020-03-20,7.09,7.23,7.09,7.23,1240,-62.8537384569557,-0.11846084657852352,-0.06322812187022,-0.05523272470830351,42.08556318666061
2020-03-23,6.82,6.89,6.55,6.75,50618,-149.60317460317464,-0.1639227216266086,-0.08336704182149772,-0.08055567980511087,34.056153306220814
2020-03-24,6.21,6.27,6.14,6.27,9220,-217.93313069908822,-0.23596353288506133,-0.11388634003421044,-0.12207719285085089,28.25149563339897
2020-03-25,6.75,6.75,6.48,6.68,1450,-109.71926839642693,-0.25701016811165456,-0.14251110564969927,-0.11449906246195529,37.97601196872121
2020-03-26,6.48,6.75,6.48,6.68,3100,-87.94779323372836,-0.2705708063306478,-0.16812304578588896,-0.10244776054475882,37.9760119687212
2020-03-27,6.68,6.68,6.68,6.68,27,-66.0440613026819,-0.27811180999133267,-0.1901207986269777,-0.08799101136435497,37.97601196872121
2020-03-30,6.41,6.55,6.41,6.55,460,-87.12776176753083,-0.291221008756926,-0.21034084065296738,-0.08088016810395865,36.041499408555005
2020-03-31,6.34,6.62,6.34,6.48,4761,-81.66157871783673,-0.30375703618003236,-0.22902407975838038,-0.07473295642165198,35.007401997168564
2020-04-01,6.48,6.48,6.14,6.48,2500,-95.0851801598067,-0.31011709144109734,-0.24524268209492378,-0.06487440934617356,35.007401997168564
2020-04-03,6.34,6.55,6.34,6.48,600,-68.23762867419057,-0.3115659428115496,-0.25850733423824895,-0.053058608573300636,35.00740199716856
2020-04-06,6.48,6.48,6.14,6.27,14244,-93.33333333333344,-0.32590261049140246,-0.27198638948887965,-0.0539162210025228,31.6092125823809
2020-04-07,6.14,6.41,6.14,6.27,4225,-91.6666666666664,-0.33342105257115673,-0.28427332210533507,-0.04914773046582166,31.6092125823809
2020-04-08,6.27,6.27,6.14,6.27,1400,-93.74466875177701,-0.335511899755339,-0.2945210376353359,-0.040990862120003135,31.6092125823809
2020-04-09,6.14,6.27,6.14,6.27,9922,-89.10386965376746,-0.33332653045798466,-0.30228213619986566,-0.031044394258119,31.6092125823809
2020-04-10,6.27,6.34,6.21,6.34,7700,-56.81246857717405,-0.32223170801181844,-0.3062720505622562,-0.015959657449562237,34.46155281137745
2020-04-13,6.55,6.55,6.27,6.27,5000,-20.184544405997414,-0.31545107267067074,-0.3081078549839391,-0.007343217686731629,32.98025488694926
2020-04-14,6.27,6.41,6.27,6.41,1120,-26.52631578947376,-0.29537563389717025,-0.30556141076658533,0.010185776869415075,38.65924805581882
2020-04-15,6.48,6.68,6.48,6.68,10700,104.82549857549861,-0.2547424481470246,-0.2953976182426732,0.04065517009564856,47.8390709854015
2020-04-16,6.68,6.75,6.68,6.75,300,152.02020202020188,-0.21442023768013474,-0.2792021421301655,0.06478190445003074,49.931120874818795
2020-04-17,6.62,6.75,6.62,6.75,1200,138.93306825712384,-0.18038522677097468,-0.2594387590583273,0.07905353228735262,49.93112087481879
2020-04-20,6.75,6.82,6.62,6.62,12325,110.7078853046594,-0.16203431820373027,-0.2399578708874079,0.07792355268367762,45.9607716365402
2020-04-21,6.62,6.68,6.55,6.62,23600,70.5063995548139,-0.14581028079972125,-0.22112835286987056,0.07531807207014932,45.9607716365402
2020-04-22,6.62,6.62,6.62,6.62,10815,61.5159962830214,-0.13143748476182537,-0.20319017924826152,0.07175269448643615,45.9607716365402
2020-04-23,6.62,6.75,6.62,6.75,23110,80.3548795944236,-0.10830851368071848,-0.18421384613475292,0.07590533245403444,50.84278244880125
2020-04-24,6.82,6.82,6.82,6.82,100,104.08617257932387,-0.0833691943017234,-0.164044915768147,0.0806757214664236,53.28981933580332
2020-04-27,6.68,6.75,6.68,6.75,2600,64.74694589877855,-0.06846381080761876,-0.14492869477604137,0.0764648839684226,50.57836263983943
2020-04-28,6.82,6.82,6.68,6.75,2300,69.01977768153597,-0.0560055894283904,-0.12714407370651118,0.07113848427812078,50.57836263983943
2020-04-29,6.75,6.82,6.62,6.62,8814,36.55249859629549,-0.05597700470758937,-0.11291065990672682,0.05693365519913744,45.582906838329386
2020-05-04,6.62,6.68,6.34,6.68,22700,-49.004804392586834,-0.05053036990117743,-0.10043460190561694,0.04990423200443951,48.129297685486414
2020-05-05,6.62,6.68,6.62,6.68,1600,-0.6357856494078036,-0.04568721875767867,-0.08948512527602928,0.04379790651835061,48.12929768548641
2020-05-06,6.68,6.75,6.48,6.75,6890,-28.814317673376422,-0.03578802947137394,-0.07874570611509821,0.04295767664372427,51.21792930489819
2020-05-07,6.68,6.68,6.68,6.68,400,-9.824561403507628,-0.03320845918186066,-0.0696382567284507,0.03642979754659004,48.13148843985559
2020-05-08,6.68,6.68,6.62,6.62,1400,-59.02777777777485,-0.03559530913529674,-0.0628296672098199,0.027234358074523166,45.595231419398274
2020-05-11,6.68,6.75,6.62,6.68,13400,6.820512820512925,-0.03227337893772919,-0.056718409555401764,0.024445030617672572,48.51678791224769
2020-05-12,6.68,6.68,6.62,6.68,24700,-25.04409171075685,-0.02930293927937644,-0.0512353155001967,0.02193237622082026,48.516787912247686
2020-05-13,6.68,6.68,6.62,6.68,11800,-31.818181818179713,-0.026641735110816356,-0.04631659942232063,0.019674864311504274,48.516787912247686
2020-05-14,6.68,6.75,6.62,6.75,21110,34.185122089725354,-0.018669090988886694,-0.04078709773563384,0.022118006746747146,52.25294199028724
2020-05-15,6.75,6.75,6.68,6.75,17400,62.42523110386355,-0.012209964215421643,-0.0350716710315914,0.02286170681616976,52.25294199028724
2020-05-18,6.68,6.68,6.62,6.68,3500,-33.33333333333177,-0.01259429549871438,-0.030576195925016,0.017981900426301618,48.196510844395526
2020-05-19,6.68,6.82,6.62,6.82,6220,146.29629629629807,-0.0015837938488862946,-0.024777715509790056,0.02319392166090376,55.617470793576985
2020-05-20,6.62,6.62,6.62,6.62,500,-101.77304964538895,-0.008893699463991211,-0.021600912300630288,0.012707212836639076,45.57360117508335
2020-05-21,6.55,6.82,6.55,6.82,27000,109.06768837803584,0.0014349351619413753,-0.016993742808115955,0.01842867797005733,54.4350615926752
2020-05-22,6.68,6.68,6.62,6.62,2300,-79.82456140350753,-0.006443598224145752,-0.014883713891321915,0.008440115667176163,46.31432021709119
2020-05-25,6.55,6.55,6.55,6.55,1060,-210.6306306306305,-0.018126852606702215,-0.015532341634397975,-0.00259451097230424,43.84869877237822
2020-05-26,6.55,6.68,6.55,6.68,15010,-52.66203703703556,-0.016703455298372916,-0.015766564367192964,-0.0009368909311799518,49.252009578724085
2020-05-27,6.68,6.68,6.55,6.68,3240,-46.86695278969861,-0.015397905210098095,-0.01569283253577399,0.00029492732567589636,49.25200957872408
2020-05-28,6.55,6.68,6.55,6.68,1800,-46.267806267805376,-0.014199563628571,-0.015394178754333392,0.0011946151257623931,49.25200957872407
2020-05-29,6.55,6.55,6.55,6.55,6510,-156.02836879432542,-0.023469244000553502,-0.017009191803577413,-0.006460052196976089,43.96770358551208
2020-06-01,6.55,6.68,6.48,6.68,20220,-54.18480890178867,-0.02009398795010675,-0.01762615103288328,-0.002467836917223472,49.771340973536695
2020-06-02,6.68,6.68,6.55,6.68,6436,-18.639554587266332,-0.017220565255880338,-0.017545033877482692,0.0003244686216023543,49.7713409735367
2020-06-03,6.68,6.68,6.68,6.68,7800,48.275862068966184,-0.014773062401362225,-0.016990639582258597,0.0022175771808963726,49.7713409735367
2020-06-04,6.62,6.62,6.55,6.55,5080,-106.40478223740536,-0.023057519567750262,-0.01820401557935693,-0.004853503988393331,44.07021000227002
2020-06-05,6.48,6.68,6.48,6.68,7200,-33.558939650310755,-0.018915057010729264,-0.018346223865631398,-0.0005688331450978655,50.211950620744396
2020-06-08,6.62,6.89,6.62,6.82,33381,226.47058823529386,-0.0042858905400073866,-0.015534157200506596,0.011248266660499209,55.83642417590892
2020-06-09,6.82,6.82,6.68,6.75,6650,137.2731297034069,0.0016405035956292835,-0.012099225041279419,0.013739728636908703,52.63470214116448
2020-06-10,6.75,6.82,6.75,6.82,4542,169.32395466979156,0.011849040270608846,-0.007309571978901766,0.019158612249510612,55.38948843734698
2020-06-11,6.82,6.82,6.68,6.75,10900,92.66802443991675,0.014128104158178445,-0.003022036751485724,0.017150140909664168,52.12469399161235
2020-06-12,6.41,6.68,6.41,6.48,5120,-129.00864936793107,-0.005785770051367933,-0.0035747834114621658,-0.0022109866399057676,41.872671196476546
2020-06-15,6.48,6.68,6.48,6.68,5920,-38.679091057708675,-0.0053674575938744695,-0.0039333182479446265,-0.001434139345929843,49.755867038671845
2020-06-16,6.48,6.68,6.48,6.68,200,-36.451301832208024,-0.004978552305595407,-0.004142365059474783,-0.0008361872461206243,49.755867038671845
2020-06-17,6.48,6.68,6.48,6.68,710,-34.29745535008645,-0.004617118791352404,-0.004237315805850307,-0.00037980298550209686,49.755867038671845
2020-06-18,6.62,6.68,6.62,6.68,2420,1.9125683060110992,-0.004281327647243316,-0.0042461181741289085,-3.520947311440748e-05,49.755867038671845
2020-06-19,6.68,6.75,6.68,6.68,3337,38.57336037863377,-0.003969453358870112,-0.0041907852110771495,0.00022133185220703754,49.755867038671845
2020-06-22,6.68,6.68,6.62,6.62,3609,-24.68633435062689,-0.008466196257052694,-0.005045867420272259,-0.003420328836780435,46.986745686362866
2020-06-23,6.62,6.68,6.62,6.62,7036,-21.882432891606932,-0.011892804553269798,-0.006415254846871767,-0.005477549706398031,46.986745686362845
2020-06-24,6.62,6.62,6.62,6.62,10400,-46.863988724453726,-0.014441938636593044,-0.008020591604816022,-0.006421347031777021,46.98674568636285
2020-06-25,6.62,6.62,6.55,6.55,3800,-89.41256830601063,-0.021858588546471935,-0.010788190993147205,-0.01107039755332473,43.46214676796006
2020-06-26,6.62,6.62,6.62,6.62,4530,-36.024356707915764,-0.021836207837157673,-0.012997794361949299,-0.008838413475208374,47.68805343468943
2020-06-29,6.62,6.62,6.48,6.55,3130,-110.03445305770701,-0.027153873004080786,-0.015829010090375597,-0.01132486291370519,44.13540383399983
2020-06-30,6.55,6.55,6.41,6.41,5600,-209.64791952446015,-0.04217878020888843,-0.021098964114078165,-0.02107981609481027,38.03279296921128
2020-07-01,6.41,6.55,6.41,6.55,1500,-116.13876319758566,-0.04230167012480557,-0.025339505316223646,-0.016962164808581922,46.06417979748507
2020-07-02,6.55,6.55,6.55,6.55,2000,-62.32768361581783,-0.04191588108314637,-0.02865478046960819,-0.013261100613538176,46.06417979748506
2020-07-03,6.48,6.48,6.48,6.48,200,-121.93897257628383,-0.04671999643702396,-0.03226782366309135,-0.014452172773932612,42.84415252772664
2020-07-06,6.55,6.55,6.48,6.55,11830,-59.40337224383913,-0.044367437281948696,-0.03468774638686282,-0.009679690895085878,46.84562562379405
2020-07-07,6.55,6.55,6.55,6.55,3000,-29.396325459318266,-0.04201865233387547,-0.03615392757626535,-0.005864724757610122,46.84562562379406
2020-07-08,6.55,6.55,6.48,6.48,4100,-71.81603773584881,-0.045283636749671174,-0.03797986941094651,-0.007303767338724662,43.32764319727145
2020-07-09,6.48,6.48,6.48,6.48,4205,-93.4613625971661,-0.04732562013242081,-0.03984901955524137,-0.007476600577179436,43.32764319727145
2020-07-10,6.48,6.48,6.41,6.41,2600,-131.481481481483,-0.0539701869407585,-0.0426732530323448,-0.0112969339084137,39.85634841286095
2020-07-13,6.48,6.48,6.48,6.48,14000,-61.90476190476287,-0.05297695367731059,-0.04473399316133796,-0.008242960515972633,44.633390243177075
2020-07-14,6.55,6.55,6.55,6.55,300,50.666666666666245,-0.04601100791617796,-0.04498939611230596,-0.0010216118038720023,48.99610924971295
2020-07-15,6.48,6.48,6.41,6.48,4300,-86.8217054263573,-0.045613061716816006,-0.04511412923320797,-0.0004989324836080361,45.16360541274237
2020-07-16,6.41,6.48,6.41,6.41,6700,-115.15151515151713,-0.05036551911940368,-0.04616440721044711,-0.00420111190895657,41.65471462813458
2020-07-17,6.55,6.55,6.41,6.48,2200,-23.333333333333467,-0.04793094279243437,-0.04651771432684456,-0.0014132284655898122,46.15950871194886
2020-07-20,6.41,6.48,6.41,6.41,8300,-108.67579908675951,-0.051061335210992986,-0.04742643850367424,-0.003634896707318744,42.61605244409385
2020-07-21,6.41,6.41,6.41,6.41,100,-129.95780590717408,-0.05293202630574978,-0.04852755606408935,-0.004404470241660428,42.61605244409386
2020-07-22,6.34,6.34,6.34,6.34,100,-197.43589743589993,-0.05937849908590653,-0.05069774466845279,-0.008680754417453744,39.132127973269476
2020-07-23,6.34,6.48,6.27,6.48,900,-76.19047619047657,-0.05258438517764219,-0.05107507277029067,-0.0015093124073515193,48.245129058165595
2020-07-24,6.48,6.48,6.21,6.27,2700,-166.66666666666708,-0.06341424595974221,-0.053542907408180976,-0.009871338551561235,38.84934639985932
2020-07-27,6.21,6.21,6.07,6.21,6259,-260.54351565187466,-0.07596283493762979,-0.05802689291407074,-0.017935942023559047,36.652977006521745
2020-07-28,6.14,6.14,6.07,6.14,8007,-203.85964912280986,-0.09051272277001843,-0.06452405888526028,-0.02598866388475815,34.22211667211596
2020-07-29,6.0,6.0,5.8,5.87,7500,-232.43335904688502,-0.12241918505727423,-0.07610308411966307,-0.046316100937611154,26.83062689993527
2020-07-30,5.73,5.8,5.66,5.66,12097,-209.43623031614447,-0.16277417191985588,-0.09343730167970163,-0.06933687024015425,22.720275756990645
2020-07-31,5.59,5.73,5.59,5.73,16903,-157.93216104545067,-0.18695230496695192,-0.11214030233715169,-0.07481200262980023,26.748626752304784
2020-08-03,5.87,6.0,5.87,6.0,5102,-67.45874587458772,-0.18222631456263194,-0.12615750478224774,-0.0560688097803842,39.78648187038748
2020-08-04,6.0,6.0,6.0,6.0,901,-47.1970459885868,-0.17644696237049917,-0.13621539629989804,-0.04023156607060113,39.78648187038748
2020-08-05,6.0,6.0,5.87,6.0,3300,-50.787132101300514,-0.16990818828981968,-0.14295395469788236,-0.026954233591937327,39.78648187038748
2020-08-06,5.8,5.8,5.8,5.8,1640,-83.05555555555561,-0.17880335744837783,-0.15012383524798145,-0.02867952220039638,34.16120566540673
2020-08-07,5.8,5.8,5.8,5.8,3500,-73.40004169272473,-0.18373486197490152,-0.15684604059336546,-0.02688882138153606,34.161205665406726
2020-08-10,5.8,5.87,5.73,5.87,16703,-59.616055846422086,-0.1799206861825784,-0.16146096971120805,-0.018459716471370347,37.73468997190659
2020-08-11,5.87,6.0,5.87,6.0,14000,-5.465379083624494,-0.16451162325488866,-0.16207110041994416,-0.002440522834944503,43.831882060848834
2020-08-12,5.87,6.07,5.87,6.07,18108,30.72653884964668,-0.14498017368755445,-0.1586529150734662,0.013672741385911763,46.84993526486179
2020-08-13,6.0,6.0,5.87,6.0,8100,24.53172205438087,-0.13360960580787573,-0.1536442532203481,0.02003464741247238,44.28722130118654
2020-08-14,5.93,5.93,5.93,5.93,9900,21.31487889273336,-0.12876247022342202,-0.14866789662096289,0.019905426397540865,41.82347525408808
2020-08-17,5.93,5.93,5.93,5.93,15800,34.084434084434044,-0.12349747829573499,-0.14363381295591732,0.02013633466018233,41.82347525408808
2020-08-18,5.93,6.0,5.93,6.0,7700,61.78500986193285,-0.11238106036611306,-0.13738326243795645,0.025002202071843393,45.34946688949002
2020-08-19,6.0,6.34,6.0,6.34,11248,228.94461859979097,-0.07526841315212351,-0.12496029258078986,0.04969187942866635,58.50468675633363
2020-08-20,6.07,6.07,6.0,6.0,7100,68.38283828382835,-0.07245630022774918,-0.11445949411018172,0.04200319388243254,46.46061474663323
2020-08-21,6.0,6.07,5.93,6.07,21900,60.412757973733726,-0.06384331944394894,-0.10433625917693516,0.04049293973298622,48.797707236593986
2020-08-24,6.07,6.21,6.07,6.21,8700,150.68674062335057,-0.04519960721226557,-0.09250892878400124,0.047309321571735674,53.19800035811283
2020-08-25,6.21,6.21,6.21,6.21,5500,143.1539807524063,-0.030077614925763108,-0.08002266601235361,0.0499450510865905,53.19800035811283
2020-08-26,6.21,6.21,6.07,6.14,17500,83.56589147286924,-0.02347118091296796,-0.06871236899247649,0.045241188079508526,50.67274112263851
2020-08-27,6.07,6.07,6.07,6.07,11300,27.81007751938014,-0.023611767587695454,-0.05969224871152028,0.03608048112382482,48.20830694594521
2020-08-28,6.21,6.21,5.8,6.07,7801,-15.066067293282947,-0.023452833870314826,-0.05244436574327919,0.02899153187296436,48.20830694594522
2020-08-31,6.07,6.14,6.0,6.0,5710,-4.440599769318587,-0.02864508997356019,-0.047684510589335385,0.019039420615775196,45.634334389476024
2020-09-01,6.0,6.14,6.0,6.0,4600,-7.268951194185181,-0.03238665712027888,-0.04462493989552409,0.012238282775245204,45.634334389476024
2020-09-03,6.14,6.14,6.0,6.0,6600,-13.699494949495506,-0.03494900565836012,-0.04268975304809129,0.00774074738973117,45.634334389476024
2020-09-04,6.0,6.41,6.0,6.07,29300,75.0582750582752,-0.030974218835964074,-0.040346646205665845,0.009372427369701772,49.03312264408177
2020-09-07,6.21,6.55,6.21,6.48,32269,219.7714853452569,0.005199465641251955,-0.031237423836282287,0.03643688947753424,63.44728809607309
2020-09-08,6.48,6.55,6.41,6.55,17170,212.30329041487926,0.03906546384258913,-0.017176846300508003,0.056242310143097135,65.25406427226775
2020-09-09,6.48,7.16,6.48,7.16,66210,271.8395155185469,0.11381443150640003,0.009021409260873605,0.10479302224552642,76.26441529367168
2020-09-10,7.16,7.84,7.16,7.84,298266,274.7141316073357,0.22532642119734714,0.05228241164816831,0.1730440095491788,82.80550755328065
2020-09-11,7.98,7.98,7.64,7.91,77680,209.48670944088047,0.315709587807663,0.10496784688006724,0.21074174092759576,83.3152420904608
2020-09-14,7.84,7.84,7.5,7.78,108040,138.61953275234245,0.37255440964984565,0.15848515943402294,0.2140692502158227,78.65193407612443
2020-09-15,7.78,7.78,7.64,7.64,78330,106.86133970445091,0.4016772255130956,0.20712357264983747,0.19455365286325813,73.85753877429532
2020-09-16,7.64,7.64,7.5,7.57,48900,78.86211246099721,0.4143326826650666,0.2485653946528833,0.16576728801218332,71.51034997643657
2020-09-17,7.43,7.43,7.37,7.43,47517,54.15499533146592,0.4083580957309678,0.2805239348685002,0.12783416086246763,66.92911118604562
2020-09-18,7.37,7.43,7.3,7.43,33406,44.46078431372557,0.3990234980392273,0.30422384750264564,0.09479965053658168,66.92911118604562
2020-09-21,7.37,7.37,7.23,7.37,18129,31.024119303051187,0.3823764656820039,0.3198543711385173,0.06252209454348662,64.86369169980479
2020-09-22,7.3,7.37,7.3,7.37,17910,26.667539438371296,0.3649763524029028,0.3288787673913944,0.03609758501150845,64.86369169980478
2020-09-23,7.3,7.5,7.3,7.43,40197,27.63805505976542,0.3519708351340576,0.33349718093992703,0.01847365419413055,66.07777074699368
2020-09-24,7.37,7.37,7.3,7.37,23528,5.6795131845843825,0.33298393886776534,0.33339453252549467,-0.0004105936577293301,63.707141504266886
2020-09-25,7.37,7.37,7.3,7.37,45510,-12.518195050946046,0.31431347667773313,0.32957832135594234,-0.01526484467820921,63.707141504266886
2020-09-28,7.37,7.43,7.37,7.37,53900,-24.410843209371738,0.2961037017234034,0.32288339742943456,-0.02677969570603117,63.70714150426687
2020-09-29,7.37,7.5,7.37,7.37,92630,-33.76457434914531,0.2784623828649009,0.3139991945165278,-0.03553681165162692,63.707141504266886
2020-09-30,7.37,7.5,7.37,7.5,63010,-8.908647140864556,0.2718378466325708,0.3055669249397364,-0.033729078307165594,67.14251104306962
2020-10-01,7.5,7.84,7.43,7.71,69960,119.16106699246656,0.2803019524718273,0.3005139304461546,-0.020211977974327278,71.78814101768182
2020-10-02,7.71,7.71,7.43,7.64,38802,93.33333333333451,0.2781550045969219,0.29604214527630807,-0.017887140679386182,68.3205715968804
2020-10-05,7.5,7.5,7.37,7.5,10700,17.03163017031663,0.2621349741582133,0.28926071105268913,-0.027125736894475838,61.882510948552614
2020-10-06,7.43,7.5,7.37,7.5,18700,27.450980392157806,0.2465963751061402,0.28072784386337934,-0.03413146875723916,61.882510948552614
2020-10-07,7.37,7.37,7.37,7.37,9600,-52.2003520563287,0.2212416735684064,0.2688306098043848,-0.047588936235978374,56.181145902698724
2020-10-08,7.37,7.37,6.68,7.23,76000,-236.13369467027866,0.1876875151149866,0.25260199086650514,-0.06491447575151854,50.7576220356774
2020-10-09,7.16,7.16,6.68,6.68,40800,-282.12927756653863,0.11538511159603893,0.2251586150124119,-0.10977350341637299,36.03861790799568
2020-10-12,6.82,7.03,6.68,6.96,23300,-175.6192002136311,0.07975918164135365,0.19607872833820025,-0.1163195466968466,44.81260653965458
2020-10-13,6.96,6.96,6.96,6.96,18500,-112.0680136910674,0.050938191715131254,0.16705062101358645,-0.1161124292984552,44.812606539654574
2020-10-14,6.96,7.03,6.82,6.82,25900,-105.66906204499476,0.01660906067076695,0.13696230894502254,-0.12035324827425559,41.510602249121966
2020-10-15,6.89,6.96,6.68,6.89,37600,-96.43899591360139,-0.004892213630894204,0.1085914044298392,-0.1134836180607334,43.74268907724837
2020-10-16,6.68,6.82,6.68,6.75,8800,-99.40955448201825,-0.0328502808059179,0.08030306738268778,-0.11315334818860567,40.4203165675217
2020-10-19,6.75,6.82,6.68,6.82,15800,-81.79233991621757,-0.0487963416318653,0.05448318557977716,-0.10327952721164246,42.76124280923189
2020-10-20,6.75,6.89,6.75,6.82,40900,-64.06511664135195,-0.060733610465506516,0.031439826370720424,-0.09217343683622695,42.76124280923189
2020-10-21,6.82,6.82,6.68,6.75,30700,-73.9837398373981,-0.07497809618456497,0.010156241859663344,-0.08513433804422832,40.897624417469736
2020-10-22,6.82,7.03,6.82,7.03,49600,-9.712431464696898,-0.06294767221876096,-0.00446454095602152,-0.05848313126273944,50.239536222232026
2020-10-23,6.96,7.03,6.96,7.03,22600,20.863930885529193,-0.052804773986649955,-0.014132587562147208,-0.03867218642450275,50.239536222232026
2020-10-26,7.03,7.37,6.96,6.96,56800,85.87360594795487,-0.04984034062546083,-0.021274138174809935,-0.028566202450650897,48.03800347382686
2020-10-27,6.96,6.96,6.96,6.96,3000,40.59429666906343,-0.046949797785492464,-0.026409270096946443,-0.02054052768854602,48.038003473826855
2020-10-28,6.96,6.96,6.96,6.96,8800,53.45247766043834,-0.04415008703867507,-0.029957433485292166,-0.014192653553382902,48.03800347382686
2020-10-29,6.41,6.89,6.41,6.89,13300,-112.43523316062199,-0.04703749215682418,-0.03337344521959857,-0.013664046937225609,45.54526448253101
2020-10-30,6.96,6.96,6.82,6.96,400,19.047619047620085,-0.04317961876327381,-0.03533467992833362,-0.007844938834940189,48.4272816556442
2020-11-02,7.09,7.09,6.96,7.03,10100,92.3577235772362,-0.03408094737216327,-0.03508393341709955,0.0010029860449362743,51.20822543088772
2020-11-03,6.96,7.03,6.96,7.03,3200,68.16308826718749,-0.02656397181078418,-0.033379941095836474,0.006815969285052292,51.20822543088771
2020-11-04,7.03,7.16,6.96,7.03,29300,84.24280879864709,-0.020371880167985523,-0.030778328910266283,0.01040644874228076,51.20822543088772
2020-11-05,7.03,7.03,6.96,6.96,7600,36.35716826752095,-0.020872413722283767,-0.02879714587266978,0.007924732150386013,47.97705531083746
2020-11-06,7.03,7.03,6.96,7.03,3500,47.47391543108291,-0.015442661792206103,-0.026126249056577046,0.010683587264370943,51.287206403698185
2020-11-09,6.96,6.96,6.82,6.89,30300,-55.5455365193853,-0.022180689063032055,-0.025337137057868046,0.003156447994835991,45.105641551830594
2020-11-10,7.03,7.03,6.89,6.89,3500,-33.3333333333329,-0.027206998872789434,-0.025711109420852325,-0.0014958894519371095,45.105641551830594
2020-11-11,6.96,6.96,6.82,6.89,19100,-74.10161090458303,-0.030834939619775348,-0.02673587546063693,-0.004099064159138417,45.105641551830594
2020-11-12,6.82,6.82,6.82,6.82,6200,-117.6525821596225,-0.038909993599667736,-0.02917069908844309,-0.009739294511224645,41.94825780593989
2020-11-13,7.03,7.03,6.89,6.96,21400,22.788393489031122,-0.03362509294460203,-0.03006157785967488,-0.003563515084927152,49.553943978242735
2020-11-16,6.89,6.89,6.89,6.89,1100,-43.22756738314454,-0.03468535490493885,-0.030986333268727673,-0.0036990216362111743,46.28843888565132
2020-11-17,6.89,6.96,6.82,6.96,1300,-16.606498194944137,-0.02953672419118636,-0.03069641145321941,0.001159687262033051,49.84760685641993
2020-11-18,6.96,6.96,6.82,6.82,6300,-85.81730769230629,-0.03633438703151004,-0.03182400656887754,-0.004510380462632503,43.62175826088471
2020-11-19,6.96,7.03,6.89,6.89,18800,-5.466502260583745,-0.035662078578412526,-0.03259162097078454,-0.0030704576076279883,47.17441497933781
2020-11-20,6.82,6.96,6.82,6.96,300,-26.475279106857716,-0.029144890148454117,-0.03190227480631845,0.002757384657864334,50.53144789965324
2020-11-23,6.96,7.03,6.96,7.03,52100,98.5645933014356,-0.018122649752919884,-0.029146349795638737,0.011023700042718854,53.700109986004044
2020-11-24,7.03,7.16,7.03,7.09,17300,198.1981981981993,-0.004494140613935826,-0.024215907959298157,0.01972176734536233,56.28484847635582
2020-11-25,7.23,7.23,7.16,7.23,13200,231.70769468958065,0.01740277270707935,-0.015892171826022657,0.03329494453310201,61.66281766612806
2020-11-26,7.23,7.23,6.96,7.23,2000,138.70370370370395,0.03436015183087093,-0.005841707094643938,0.04020185892551487,61.66281766612806
2020-11-27,7.23,7.23,7.03,7.23,19700,120.73047007101748,0.047254279043746905,0.004777490133034232,0.04247678891071267,61.66281766612806
2020-11-30,7.23,7.23,6.96,7.23,37000,86.80171884591817,0.05681800516159807,0.015185593138747,0.041632412022851076,61.66281766612806
2020-12-01,7.23,7.23,7.09,7.09,15200,71.94444444444423,0.05249536317231751,0.022647547145461105,0.029847816026856405,52.90801220212423
2020-12-02,7.03,7.16,7.03,7.16,27200,50.77262693156792,0.05409448568017705,0.028936934852404294,0.025157550827772757,56.252510346253025
2020-12-03,7.09,7.16,7.09,7.16,3100,55.247691015952945,0.054730898064622835,0.034095727494848,0.020635170569774833,56.25251034625304
2020-12-04,7.03,7.16,7.03,7.16,37100,36.6013071895432,0.05460579781808228,0.03819774155949486,0.01640805625858742,56.25251034625304
2020-12-07,7.16,7.3,7.09,7.3,64400,108.33972883090341,0.06505358767827918,0.04356891078325172,0.021484676895027456,62.84417224343737
2020-12-08,7.84,7.84,7.3,7.57,31000,319.40896568995737,0.09403628813651554,0.05366238625390449,0.04037390188261106,71.70030243332502
2020-12-09,7.57,7.57,7.23,7.3,31200,132.0962663067951,0.094133431935572,0.06175659539023799,0.032376836545334006,57.055077821815644
2020-12-10,7.57,7.57,7.09,7.37,55400,93.33333333333431,0.0987208416706098,0.06914944464631236,0.02957139702429744,59.37204040472789
2020-12-11,7.37,7.5,7.16,7.3,40020,63.92694063927059,0.09560589668614483,0.07444073505427885,0.021165161631865978,56.11182512382681
2020-12-14,7.37,7.37,7.09,7.09,17611,-28.81837825542981,0.07532375008365921,0.07461733806015493,0.0007064120235042853,47.65712709582329
2020-12-15,7.23,7.3,7.16,7.23,4420,1.2855831037656387,0.06974288023745423,0.07364244649561479,-0.0038995662581605556,52.766708694613165
2020-12-16,7.23,7.23,7.16,7.23,14140,-18.281101614434345,0.06457561320424521,0.07182907983734087,-0.007253466633095659,52.766708694613165
2020-12-17,7.09,7.16,7.09,7.09,7303,-79.07678032938986,0.04862318902490248,0.0671879016748532,-0.018564712649950715,47.40036109477577
2020-12-18,7.03,7.09,6.96,6.96,14516,-135.8119658119659,0.025200370206045264,0.05879039538109161,-0.03359002517504635,43.02476431376398
2020-12-21,7.03,7.16,7.03,7.16,11821,-62.99112801013887,0.022516391129093982,0.051535594530692085,-0.029019203401598102,50.582742143968076
2020-12-22,7.16,7.3,7.16,7.23,7750,2.515723270440475,0.025741007053087905,0.046376677035171246,-0.02063566998208334,52.93595628643711
2020-12-23,7.16,7.23,7.03,7.23,42866,-43.589743589743286,0.02797407073082603,0.042696155774302205,-0.014722085043476177,52.935956286437104
2020-12-24,7.23,7.43,7.03,7.37,53436,25.52594670406686,0.040572920384542854,0.04227150869635034,-0.0016985883118074835,57.61730252669732
2020-12-25,7.78,8.05,7.37,7.57,57400,199.89615784008325,0.06593586047922706,0.047004379052925684,0.018931481426301376,63.24223445870846
2020-12-28,7.23,7.5,7.23,7.5,23904,85.31334102268418,0.07947165843968573,0.053497834930277696,0.025973823509408037,60.2293030645083
2020-12-29,7.57,7.84,7.5,7.64,108136,177.92642140468217,0.100339059594579,0.06286607986313796,0.03747297973144105,63.93045860283356
2020-12-30,7.71,7.78,7.57,7.71,48880,146.48934089575627,0.12112874358095294,0.07451861260670095,0.046610130974251984,65.65167089105877
2020-12-31,7.71,7.78,7.57,7.78,80358,120.03459833495577,0.14162061857220465,0.0879390137998017,0.053681604772402955,67.33055330482794
2021-01-04,7.91,8.53,7.57,8.46,195894,192.99614158698256,0.21030661044771826,0.11241253312938501,0.09789407731833324,78.38379507260603
2021-01-05,8.53,8.59,8.18,8.59,79621,186.15060558188543,0.27209413558724904,0.1443488536209578,0.12774528196629123,79.79146806492548
2021-01-06,8.59,8.59,8.46,8.46,30727,154.59459459459487,0.30703200701466216,0.1768854842996987,0.13014652271496346,74.56237078727109
2021-01-07,8.46,8.53,8.05,8.25,54300,101.08873469848253,0.31415390620121464,0.20433916868000188,0.10981473752121276,66.9316995256117
2021-01-08,8.25,8.39,8.18,8.18,40030,79.76484808527022,0.31056959466701795,0.22558525387740508,0.08498434078961287,64.55994564228143
2021-01-11,8.12,8.25,8.05,8.25,43037,57.284032866977796,0.3098061643235077,0.2424294359666256,0.0673767283568821,65.86266846270372
2021-01-12,8.39,8.66,8.18,8.59,106248,89.96913580246927,0.3327999876803176,0.260503546309364,0.07229644137095359,71.36790866619705
2021-01-13,8.59,8.59,8.39,8.53,35439,84.15165430354438,0.34223617421137664,0.2768500718897665,0.06538610232161013,69.24565995635152
2021-01-14,8.25,8.39,8.25,8.39,9901,49.92867332382342,0.334560979337291,0.28839225337927143,0.046168725958019574,64.43116474944668
2021-01-15,8.39,8.59,8.18,8.53,45050,62.53918495297812,0.33590308045488904,0.29789441879439493,0.0380086616604941,66.90889568900376
2021-01-18,8.53,9.21,8.39,9.07,229448,160.62714776632336,0.37620355192360755,0.31355624542023747,0.06264730650337008,74.3352006670491
2021-01-19,9.07,9.07,8.32,8.46,64961,83.69123621590275,0.35482980675609355,0.3218109576874087,0.03301884906868485,58.39315008114816
2021-01-20,8.39,8.53,7.98,8.46,36950,-15.962441314554017,0.33404035049372816,0.3242568362486726,0.00978351424505558,58.39315008114816
2021-01-21,8.46,8.53,7.78,8.53,29513,-59.01639344262346,0.31952963290362746,0.32331139557966354,-0.0037817626760360823,59.547745855042045
2021-01-22,8.53,8.66,8.25,8.53,43803,25.590619072254043,0.30451947373299326,0.3195530112103295,-0.015033537477336212,59.547745855042045
2021-01-25,8.25,8.59,8.18,8.39,25500,-19.115890083631903,0.2781209789556254,0.31126660475938867,-0.03314562580376329,55.94661965889469
2021-01-26,8.32,8.32,7.98,7.98,43971,-137.27399165507643,0.22156237502514564,0.2933257588125401,-0.07176338378739444,46.98523841310431
2021-01-27,7.78,7.78,7.23,7.43,128044,-281.87604690117234,0.13085050727305791,0.2608307085046436,-0.1299802012315857,38.15593041228367
2021-01-28,7.3,7.3,6.75,6.75,172480,-267.42282344779807,0.0040437674983682115,0.20947332030338855,-0.20542955280502034,30.519736920538826
2021-01-29,6.75,7.37,6.75,6.96,63903,-170.11213047910326,-0.07860018836497407,0.15185861856971603,-0.2304588069346901,34.85570737566038
2021-02-01,7.37,7.37,6.96,6.96,58656,-121.3751868460391,-0.14245399779220858,0.0929960952973311,-0.23545009308953968,34.85570737566039
2021-02-02,6.96,7.03,6.82,6.96,103300,-110.54542759745091,-0.1908585037788777,0.03622517548208934,-0.22708367926096704,34.85570737566038
2021-02-03,7.03,7.57,7.03,7.5,127800,-54.00749063670422,-0.18353031326952784,-0.007725922268234098,-0.17580439100129375,45.73234022748766
2021-02-04,7.5,7.5,7.37,7.43,44100,-39.98989516230908,-0.1812813855112685,-0.04243701491684098,-0.1388443705944275,44.69068482764384
2021-02-05,7.57,7.64,7.43,7.5,13102,-22.6247103305283,-0.17186947475466852,-0.06832350688440648,-0.10354596787026203,46.01490201707856
2021-02-08,7.57,7.57,7.3,7.43,33300,-26.553515117789072,-0.16812088969175232,-0.08828298344587565,-0.07983790624587667,44.85828834550231
2021-02-09,7.23,7.5,7.23,7.43,21101,-27.191308956014964,-0.16326805649782372,-0.10327999805626527,-0.05998805844155845,44.85828834550231
2021-02-17,7.43,7.64,7.43,7.57,31002,7.106598984771395,-0.14643728340858786,-0.11191145512672979,-0.03452582828185807,47.89609054876495
2021-02-18,7.57,7.84,7.57,7.84,79200,67.10239651416093,-0.11004351778700894,-0.11153786765878562,0.0014943498717766845,53.24569053177941
2021-02-19,7.91,7.91,7.78,7.84,33229,112.78514110540073,-0.08027582657025079,-0.10528545944107866,0.025009632870827872,53.2456905317794
2021-02-22,7.84,8.05,7.43,7.84,54900,108.76112251882248,-0.05603873713751639,-0.09543611498036621,0.039397377842849815,53.2456905317794
2021-02-23,7.84,7.91,7.71,7.84,72408,105.70659488559899,-0.03641094641799558,-0.08363108126789208,0.0472201348498965,53.2456905317794
2021-02-24,8.43,8.43,7.84,7.92,28600,144.44444444444434,-0.014236341764034321,-0.06975213336712052,0.0555157916030862,55.08358691037173
2021-02-25,7.92,8.06,7.77,8.06,70100,102.10249671484915,0.014467252671565234,-0.05290825615938337,0.0673755088309486,58.181641648421625
2021-02-26,7.99,7.99,7.62,7.99,24700,66.15186615186599,0.031206909250207637,-0.036085223077465166,0.06729213232767281,56.098170895513
2021-03-01,7.99,8.06,7.77,7.99,143482,78.15533980582515,0.04396639050982554,-0.020074900360007024,0.06404129086983257,56.098170895513
2021-03-02,7.99,8.36,7.84,8.21,231617,127.58582131275863,0.07101195114901504,-0.001857530058202609,0.07286948120721765,61.16688373746828
2021-03-03,8.21,8.21,8.06,8.06,37531,106.79893259078811,0.07942642798998722,0.01439926155143536,0.06502716643855186,56.386695707933356
2021-03-04,8.06,8.28,7.99,7.99,54602,88.69544190545251,0.07952977676294193,0.02742536459373667,0.05210441216920526,54.25578080322385
2021-03-05,7.99,8.72,7.84,8.65,220950,170.7157464212683,0.13135399843106477,0.04821109136120229,0.08314290706986248,66.94124860038333
2021-03-08,8.65,9.16,8.65,8.65,77439,241.55778385495927,0.17046010944248646,0.07266089497745912,0.09779921446502735,66.94124860038333
2021-03-09,8.65,8.65,8.28,8.43,35410,112.98320178101665,0.18160637750622222,0.09444999148321173,0.08715638602301048,60.459624702058164
2021-03-10,8.43,8.5,8.06,8.36,130955,58.0829756795429,0.1826855746785938,0.11209710812228815,0.07058846655630566,58.51811143461876
2021-03-11,8.36,8.5,8.06,8.14,293198,28.46335697399583,0.1638993550879615,0.12245755751542282,0.04144179757253867,52.78137449653437
2021-03-12,8.14,8.43,8.14,8.36,48400,42.00613228208516,0.1648628656071196,0.13093861913376217,0.03392424647335743,57.290419998433606
2021-03-15,8.43,8.5,8.28,8.5,53350,68.26156299840552,0.1749070648388571,0.13973230827478117,0.035174756564075926,59.913771655868786
2021-03-16,8.5,8.5,8.36,8.43,34800,60.03159557661907,0.17519916321313644,0.1468256792624522,0.02837348395068423,57.99562789741446
2021-03-17,8.43,8.43,8.28,8.43,51400,36.338096983022496,0.17343144355522888,0.15214683212100755,0.021284611434221334,57.99562789741446
2021-03-18,8.43,8.43,8.28,8.43,30710,27.75217613927277,0.17007005130410136,0.15573147595762632,0.014338575346475035,57.99562789741445
2021-03-19,8.43,8.43,8.28,8.43,16910,17.19688936019838,0.16549836163379794,0.15768485309286065,0.007813508540937292,57.99562789741445
2021-03-22,8.43,9.16,8.36,8.8,193700,186.66666666666598,0.18954620178801918,0.16405712283189236,0.025489078956126815,65.78369988409699
2021-03-23,8.8,9.16,8.72,8.87,174200,187.201528175741,0.21181107710214597,0.17360791368594308,0.03820316341620289,67.0292060023441
2021-03-24,8.8,8.8,8.5,8.8,45120,77.92775421005292,0.22125722070036957,0.1831377750888284,0.03811944561154118,64.50071153520489
2021-03-25,8.8,8.8,8.58,8.65,28111,57.744107744108014,0.2141707836824498,0.18934437680755267,0.024826406874897122,59.335474516192335
2021-03-26,8.43,8.58,8.28,8.58,95500,-3.802172670098003,0.20059399361219832,0.1915943001684818,0.008999693443716511,57.03987675672685
2021-03-29,8.65,8.8,8.43,8.65,49104,49.270707881707025,0.19325498152169196,0.19192643643912383,0.0013285450825681333,58.7581954527851
2021-03-30,8.65,8.65,8.5,8.5,44700,12.875596742487254,0.17333689533657548,0.18820852821861417,-0.014871632882038688,53.7929422701784
2021-03-31,8.58,8.65,8.36,8.43,51800,-25.697026022305277,0.15017216233870379,0.18060125504263208,-0.030429092703928295,51.6015159483981
2021-04-01,8.43,8.72,8.43,8.65,21411,21.042084168336576,0.14786164888067077,0.17405333381023982,-0.026191684929569053,57.46620549543291
2021-04-02,8.58,8.58,8.43,8.58,51133,-17.7789455246104,0.13878233891918335,0.16699913483202852,-0.028216795912845177,55.17524509675288
2021-04-05,8.58,8.65,8.28,8.58,71811,-35.43821448013185,0.1300873543177996,0.15961677872918273,-0.02952942441138312,55.17524509675288
2021-04-06,8.58,8.58,8.36,8.58,41700,-41.03308183401052,0.12179256747263878,0.15205193647787393,-0.030259369005235154,55.17524509675289
2021-04-07,8.58,9.31,8.36,9.02,237002,146.37604111288195,0.1490055684632079,0.15144266287494074,-0.002437094411732843,65.86023796736012
2021-04-08,9.09,9.53,8.87,9.02,99149,202.46153846153797,0.16862822657874688,0.15487977561570196,0.013748450963044917,65.86023796736012
2021-04-09,9.02,9.02,8.72,9.02,62318,95.45885861461296,0.18208041482791515,0.1603199034581446,0.021760511369770558,65.86023796736012
2021-04-12,9.02,9.02,8.8,8.94,159963,95.1897706515116,0.18416312169176052,0.16508854710486778,0.01907457458689274,62.47821696154896
2021-04-13,8.94,9.02,8.72,8.94,159963,71.51159234110175,0.1836961470501386,0.16881006709392193,0.014886079956216658,62.47821696154896
2021-04-14,8.94,8.94,8.72,8.87,46400,46.472693684332256,0.1756528347576971,0.17017862062667696,0.005474214131020144,59.38366741790343
2021-04-15,8.8,9.24,8.8,9.09,261811,96.81429681429724,0.18489921020085376,0.17312273854151233,0.011776471659341425,65.21502683471013
2021-04-16,9.09,9.09,8.8,8.87,66684,49.53012714206717,0.17248655038907224,0.1729955009110243,-0.0005089505219520729,56.48201639404118
2021-04-19,8.8,8.87,8.72,8.87,22620,11.749079273078818,0.16079587332412437,0.17055557539364433,-0.009759702069519954,56.48201639404118
2021-04-20,8.87,8.87,8.65,8.65,71637,-32.62061403508679,0.13225422179661273,0.16289530467423802,-0.030641082877625292,48.88926504943644
2021-04-22,8.72,8.72,8.21,8.21,90800,-146.72041040674182,0.07328564328592257,0.14497337239657493,-0.07168772911065235,37.91227031035946
2021-04-23,8.21,8.43,7.92,8.14,35500,-182.09263854425058,0.020665980426711528,0.12011189400260225,-0.09944591357589072,36.5078837854248
2021-04-26,8.43,8.43,7.84,7.92,61765,-171.3637157324946,-0.0383456184564519,0.08842039151079142,-0.12676600996724333,32.44059510304325
2021-04-27,7.92,7.92,7.84,7.92,17200,-164.74657630947277,-0.08414279002067993,0.05390775520449715,-0.13805054522517707,32.44059510304324
2021-04-28,7.92,7.99,7.84,7.92,16200,-122.47398156407921,-0.1190648726989707,0.01931322962380358,-0.13837810232277428,32.44059510304325
2021-04-29,7.99,7.99,7.84,7.84,31400,-104.06192775095697,-0.15145038052157567,-0.01483949240527227,-0.1366108881163034,30.878197254076916
2021-05-04,7.84,7.84,7.7,7.77,18400,-103.61445783132523,-0.18068175695784205,-0.04800794531578623,-0.13267381164205583,29.53768139002577
2021-05-05,7.77,8.21,7.77,7.92,58500,-64.35495898583153,-0.18955896918616766,-0.07631815008986251,-0.11324081909630515,35.95405388871087
2021-05-06,7.84,7.92,7.77,7.84,28700,-73.54575163398667,-0.20073560020053982,-0.10120164011199798,-0.09953396008854185,34.167057680313576
2021-05-07,7.84,7.99,7.77,7.77,17311,-66.28302380329563,-0.21278868033772014,-0.1235190481571424,-0.08926963218057773,32.63844330563207
2021-05-10,7.77,7.84,7.7,7.84,18508,-70.8126036484243,-0.21422298893137715,-0.14165983631198936,-0.07256315261938778,35.73479945891573
2021-05-11,7.84,7.99,7.77,7.92,9300,-45.12173760728648,-0.20652368097562324,-0.15463260524471614,-0.051891075730907094,39.1758531596961
2021-05-12,7.84,7.84,7.62,7.84,35300,-77.96887796887792,-0.20451967980258878,-0.16461002015629067,-0.03990965964629811,37.04000068373966
2021-05-13,7.84,7.84,7.7,7.84,58025,-72.00220022002196,-0.2006188848117203,-0.1718117930873766,-0.028807091724343703,37.04000068373966
2021-05-14,7.77,7.77,7.55,7.62,88600,-159.89974937343425,-0.21282630885235942,-0.18001469624037317,-0.03281161261198626,31.55342518690664
2021-05-17,7.7,7.7,7.62,7.62,16000,-146.31222309095557,-0.21996515892576785,-0.1880047887774521,-0.031960370148315737,31.553425186906647
2021-05-18,7.7,7.7,7.55,7.62,6020,-141.4364640883965,-0.223051549622304,-0.1950141409464225,-0.028037408675881503,31.553425186906647
2021-05-19,7.55,7.55,7.4,7.4,39119,-203.6064874093038,-0.2404776215398483,-0.20410683706510765,-0.03637078447474065,26.627241508047128
2021-05-20,7.4,7.4,7.04,7.18,63500,-230.78324225865168,-0.2689398987226559,-0.2170734493966173,-0.051866449326038594,22.794731816617563
2021-05-21,7.18,7.4,7.18,7.33,39111,-145.43316346530762,-0.276208749521464,-0.22890050942158663,-0.047308240099877386,30.174218465055976
2021-05-24,7.4,7.48,7.33,7.33,39044,-96.76334594367377,-0.27875604003880383,-0.23887161554503006,-0.039884424493773774,30.17421846505597
2021-05-25,7.55,7.7,7.26,7.26,35500,-73.11866642681534,-0.28315911904767344,-0.24772911624555874,-0.035430002802114696,28.690038729346007
2021-05-26,7.33,7.4,7.33,7.4,32322,-69.96734313039376,-0.2722138491082102,-0.252626062818089,-0.0195877862901212,35.521022992883886
2021-05-27,7.4,7.4,7.18,7.33,15628,-81.44539179861923,-0.2661203886244925,-0.25532492797936973,-0.010795460645122767,33.778692234536926
2021-05-28,7.18,7.33,7.18,7.26,9710,-85.61329091551768,-0.2638976445005028,-0.25703947128359633,-0.00685817321690646,32.083898106935884
2021-05-31,7.33,7.4,7.04,7.33,551714,-79.4186591654942,-0.25356475215833907,-0.25634452745854486,0.002779775300205789,35.565485970040946
2021-06-01,7.33,7.55,7.33,7.4,62022,-3.4800737711486027,-0.2369955088457223,-0.25247472373598034,0.015479214890258053,38.93657668774901
2021-06-02,7.48,8.14,7.33,8.14,131150,193.33944393522881,-0.1622817654088209,-0.23443613207054845,0.07215436666172756,61.730629953349926
2021-06-03,8.43,8.43,8.06,8.06,100500,233.17594154019167,-0.10827775826698893,-0.20920445730983656,0.10092669904284762,59.1595917501078
2021-06-04,7.99,7.99,7.7,7.99,67855,116.9115442278862,-0.07031703747761053,-0.18142697334339136,0.11110993586578083,56.9254682883908
2021-06-07,7.99,7.99,7.62,7.84,48602,83.09885057471283,-0.05174021022123032,-0.15548962071895917,0.10374941049772884,52.362182742489146
2021-06-08,8.06,8.21,7.84,7.92,469506,102.44709776569361,-0.03021431752496362,-0.13043456008016005,0.10022024255519643,54.458983500127935
2021-06-09,7.92,8.06,7.55,7.99,33800,61.84281842818426,-0.007420933588857537,-0.10583183478189954,0.09841090119304201,56.272625037477276
2021-06-10,8.06,8.06,7.7,7.99,11800,62.7925746569817,0.010521699792295003,-0.08256112786706063,0.09308282765935563,56.27262503747726
2021-06-11,7.99,8.06,7.77,7.77,265004,44.72543921846692,0.006909555577616189,-0.06466699117812527,0.07157654675574146,49.139591254254746
2021-06-14,7.84,7.84,7.77,7.77,13900,22.800151496023215,0.004000786684890123,-0.050933435605522194,0.05493422229041232,49.139591254254746
2021-06-15,7.62,7.92,7.62,7.84,30550,17.323132143194403,0.007260289271102671,-0.03929469063019722,0.04655497990129989,51.4123219475486
2021-06-16,7.84,7.92,7.77,7.84,204400,25.16817443748545,0.009731292274304693,-0.029489494049296835,0.03922078632360153,51.4123219475486
2021-06-17,7.77,7.92,7.7,7.92,11300,16.723549488054285,0.017938131752320174,-0.020003968888973434,0.03794210064129361,54.129174094494715
2021-06-18,7.92,7.92,7.77,7.92,14088,11.059311059310959,0.024163568588345896,-0.011170461393509567,0.03533402998185546,54.129174094494715
2021-06-21,7.92,7.92,7.77,7.92,28500,-18.400876232202187,0.028765679287928947,-0.003183233257221864,0.03194891254515081,54.1291740944947
2021-06-22,7.92,7.99,7.84,7.84,37184,1.5486725663710936,0.025661741183180986,0.002585761630858706,0.02307597955232228,50.59565736160702
2021-06-23,7.92,8.21,7.92,7.99,75266,222.9885057471243,0.0349032513155505,0.009049259567797065,0.025853991747753435,56.34941747012143
2021-06-24,7.99,8.06,7.92,7.92,11602,100.59707638459679,0.03616194727321265,0.014471797108880182,0.021690150164332463,53.23365476972032
2021-06-25,7.92,7.99,7.84,7.92,28784,32.173729706934076,0.03673600311157266,0.01892463830941868,0.01781136480215398,53.2336547697203
2021-06-28,7.84,7.92,7.7,7.84,84408,-81.07344632768532,0.03038535166742129,0.0212167809810192,0.009168570686402089,49.59864120588976
2021-06-29,7.7,7.84,7.7,7.77,17300,-127.6532137518702,0.019479452653713203,0.020869315315558003,-0.0013898626618447998,46.600169308030175
2021-06-30,7.77,7.84,7.7,7.77,33900,-108.6524822695058,0.010712956815011054,0.018838043615448614,-0.00812508680043756,46.60016930803017
2021-07-01,7.77,7.77,7.7,7.7,24050,-133.04964539007196,-0.0018615109425477172,0.014698132703849348,-0.016559643646397067,43.54695451050968
2021-07-02,7.7,7.84,7.7,7.77,19380,-80.85327783558897,-0.006108042536731695,0.010536897655733138,-0.016644940192464833,47.26771038387271
2021-07-05,7.77,7.77,7.55,7.7,16560,-150.90463048144795,-0.014949535466229236,0.005439611031340663,-0.0203891464975699,44.13505814000072
2021-07-06,7.7,7.7,7.04,7.04,146200,-303.95090141925607,-0.07435583863929729,-0.010519478902786927,-0.06383635973651036,26.38168869352252
2021-07-07,7.48,7.48,7.11,7.18,32800,-209.50142450142545,-0.10888378740863214,-0.03019234060395597,-0.07869144680467617,32.57714123033086
2021-07-08,7.18,7.4,7.18,7.4,22812,-134.73832103969107,-0.11714490069049166,-0.047582852621263105,-0.06956204806922855,40.982348629498496
2021-07-09,7.4,7.4,7.11,7.26,31300,-121.95073500198629,-0.13345038943621645,-0.06475635998425378,-0.06869402945196268,37.756643336065785
2021-07-12,7.18,7.26,6.67,7.04,40600,-147.61904761904765,-0.16225440039726813,-0.08425596806685665,-0.07799843233041148,33.31857855591731
2021-07-13,7.04,7.04,6.96,7.04,3900,-115.38057742782159,-0.18297259245624353,-0.10399929294473402,-0.07897329951150951,33.31857855591731
2021-07-14,6.96,7.11,6.82,7.04,24000,-102.32439335887594,-0.19711963646306252,-0.12262336164839972,-0.0744962748146628,33.31857855591731
2021-07-15,7.04,7.04,6.89,7.04,10500,-90.30738164684784,-0.20595712522665988,-0.13929011436405175,-0.06666701086260812,33.31857855591731
2021-07-16,6.96,7.04,6.96,7.04,8000,-77.28486587747628,-0.21053399391350514,-0.15353889027394244,-0.0569951036395627,33.31857855591732
2021-07-19,6.89,6.89,6.74,6.89,13140,-108.39243498817955,-0.2236864238657228,-0.1675683969922985,-0.05611802687342429,29.85296791107211
2021-07-20,6.89,6.96,6.89,6.96,11050,-74.93638676844797,-0.22585785560759497,-0.17922628871535778,-0.046631566892237186,33.33766696165533
2021-07-21,6.82,6.96,6.82,6.96,7500,-72.29554089182145,-0.22498524109643903,-0.18837807919157404,-0.03660716190486499,33.33766696165533
2021-07-22,6.89,7.11,6.89,7.11,14803,-26.459094112370803,-0.2097718224213576,-0.19265682783753074,-0.01711499458382687,40.66325182857881
2021-07-23,6.96,7.11,6.96,7.04,16200,-13.526570048309376,-0.20104596081072312,-0.1943346544321692,-0.006711306378553911,38.5350668377305
2021-07-26,6.96,6.96,6.89,6.89,21917,-78.8432267884322,-0.2038841494541206,-0.1962445534365595,-0.00763959601756109,34.382448875390814
2021-07-27,7.04,7.11,7.04,7.04,6810,31.184486373165388,-0.19181852346870176,-0.19535934744298794,0.003540823974286178,41.205621358092955
2021-07-28,7.11,7.18,7.04,7.04,5500,80.95238095238065,-0.18017943161723426,-0.1923233642778372,0.01214393266060293,41.205621358092955
2021-07-29,7.04,7.04,6.89,7.04,5838,4.530744336569105,-0.16900715815392253,-0.18766012305305427,0.018652964899131735,41.205621358092955
2021-07-30,7.04,7.18,7.04,7.04,22417,113.82823871906812,-0.15832794494871827,-0.18179368743218707,0.023465742483468804,41.205621358092955
2021-08-02,7.04,7.11,6.82,7.04,33400,-2.390098164746271,-0.14815673295092413,-0.17506629653593447,0.026909563585010343,41.205621358092955
2021-08-03,6.96,7.18,6.96,7.18,43200,115.95330739299614,-0.12733134767685783,-0.16551930676411913,0.0381879590872613,48.45225340137841
2021-08-04,7.04,7.18,6.89,7.18,30207,77.85862785862767,-0.10956409314387905,-0.1543282640400711,0.04476417089619206,48.4522534013784
2021-08-05,7.04,7.18,6.89,7.04,17400,28.009494743980284,-0.1055633769924702,-0.14457528663055091,0.03901190963808071,42.392453004673875
2021-08-06,7.18,7.18,7.11,7.11,25201,119.82724774244218,-0.09564186574002687,-0.13478860245244612,0.03914673671241925,46.02719835174565
2021-08-09,7.11,7.18,7.11,7.11,17610,107.86838340486514,-0.08677866614634588,-0.12518661519122606,0.03840794904488018,46.02719835174565
2021-08-10,7.11,7.26,7.11,7.26,13757,175.28735632184038,-0.0668798212664381,-0.11352525640626847,0.04664543513983037,53.3431759227734
2021-08-11,7.18,7.33,7.18,7.26,42020,181.5632667367684,-0.05052739497857406,-0.10092568412072958,0.05039828914215552,53.3431759227734
2021-08-12,7.18,7.33,7.18,7.26,93748,144.14909868622001,-0.03713985421197297,-0.08816851813897826,0.051028663927005294,53.34317592277339
2021-08-13,7.18,7.33,7.11,7.18,115412,84.60302153648331,-0.0326095604009673,-0.07705672659137607,0.04444716619040877,48.92557836239646
2021-08-16,7.26,7.33,7.11,7.26,62232,92.4867724867744,-0.02230679960429871,-0.0661067411939606,0.043799941589661884,53.107672048396395
2021-08-17,7.18,7.48,7.18,7.48,56310,167.03758654797215,0.0035692300751914985,-0.052171546940130174,0.05574077701532167,62.259626859017125
2021-08-18,7.48,7.48,7.33,7.33,58768,139.2446633825948,0.01183598574914857,-0.039370040402274424,0.051206026151422994,54.455770888191815
2021-08-19,7.4,7.48,7.33,7.4,72975,131.1536767943638,0.023761951183170815,-0.026743642085185374,0.050505593268356186,57.15473453090388
2021-08-20,7.33,7.4,7.26,7.26,28500,59.52380952380979,0.021666773660729888,-0.017061558936002322,0.03872833259673221,50.68537850977265
2021-08-23,7.33,7.33,7.18,7.18,12836,-1.6901408450704813,0.013396571628495835,-0.01096993282310269,0.024366504451598527,47.38476831936671
2021-08-24,7.18,7.33,7.11,7.18,41700,-29.76085031000916,0.006764401128842579,-0.007423066032713636,0.014187467161556215,47.38476831936671
2021-08-25,7.26,7.33,7.18,7.33,12901,22.06060606060681,0.013456980923941764,-0.0032470566413825563,0.01670403756532432,53.9112235031967
2021-08-26,7.4,7.48,7.33,7.33,39852,102.37617135207479,0.018547099214416107,0.0011117745297771764,0.01743532468463893,53.9112235031967
2021-08-27,7.4,7.7,7.33,7.55,38100,188.07471264367686,0.039873578225877004,0.008864135268997143,0.03100944295687986,61.941314180282205
2021-08-30,7.55,7.77,7.55,7.7,14915,217.75721524564793,0.06809377029211117,0.020710062273619947,0.04738370801849122,66.25799041461369
2021-08-31,7.7,7.84,7.7,7.84,21992,214.67889908256853,0.10059570116688565,0.03668719005227309,0.06390851111461257,69.71103068790867
2021-09-01,7.77,7.99,7.7,7.77,46026,163.99006622516524,0.1193297415825425,0.05321570035832697,0.06611404122421553,66.07027528100564
2021-09-06,7.77,7.84,7.62,7.7,22334,98.22721598002532,0.1270634798958632,0.06798525626583421,0.059078223630028986,62.55210687066989
2021-09-07,7.77,7.84,7.7,7.84,110532,102.33634050427929,0.14284275088327014,0.0829567551893214,0.05988599569394874,66.40510243231881
2021-09-08,7.84,7.84,7.7,7.84,14721,86.3636363636361,0.15357758996590132,0.09708092214463739,0.05649666782126393,66.40510243231881
2021-09-09,7.62,7.77,7.62,7.7,21300,48.02705749718111,0.1490698132931385,0.10747870037433761,0.041591112918800896,59.32589285204741
2021-09-10,7.7,7.7,7.62,7.7,9800,35.179722495356344,0.14383927814162156,0.1147508159277944,0.02908846221382716,59.3258928520474
2021-09-13,7.7,8.06,7.7,7.99,141668,102.10544045814389,0.16123598959679608,0.12404785066159474,0.03718813893520134,67.61893353517493
2021-09-14,7.99,8.06,7.7,7.99,52470,98.54456465739315,0.173028444559149,0.1338439694411056,0.039184475118043405,67.61893353517492
2021-09-15,8.06,8.28,7.84,8.06,121156,148.8327423167845,0.18587975890789732,0.14425112733446394,0.04162863157343338,69.3673685003896
2021-09-16,8.06,8.43,8.06,8.21,203000,200.41095890410952,0.20579597660098603,0.15656009718776837,0.049235879413217665,72.76143579343838
2021-09-17,8.21,9.02,8.21,9.02,492788,277.01674277016673,0.2836699821827384,0.18198207418676238,0.10168790799597605,83.43494856472662
2021-09-20,9.9,9.9,8.8,8.94,152000,251.823525246086,0.33506790698687183,0.21259924074678427,0.12246866624008756,80.0966353098638
2021-09-21,8.8,8.87,8.21,8.87,114017,105.39179104477539,0.3659344531213158,0.24326628322169058,0.1226681698996252,77.1865000862372
2021-09-22,8.58,9.6,8.5,9.16,229970,138.44265439202127,0.40908135447313043,0.27642929747197853,0.1326520570011519,80.36873239883491
2021-09-23,9.16,9.53,8.87,8.94,148800,113.29862754377619,0.42067415348696535,0.3052782686749759,0.11539588481198948,72.14692743132645
2021-09-24,8.94,9.02,8.43,8.5,62045,43.18294720679225,0.3898631082301467,0.32219523658601,0.06766787164413668,59.120315536391544
2021-09-27,8.8,8.94,8.28,8.28,57144,17.44921744921735,0.34373065843371897,0.3265023209555518,0.017228337478167155,53.88177602330543
2021-09-28,8.14,8.43,8.06,8.36,33438,-19.15543575920952,0.3100516090669032,0.3232121785778221,-0.013160569510918874,55.42839640694465
2021-09-29,8.14,8.5,8.06,8.36,115300,-24.641148325358817,0.28013153780723954,0.3145960504237056,-0.03446451261646605,55.42839640694465
2021-09-30,8.5,8.72,8.28,8.43,18239,-6.723635400106058,0.25908154992223587,0.3034931503234116,-0.044411600401175755,56.895337989122766
2021-10-01,8.43,8.43,8.06,8.28,36618,-57.81492453096367,0.22767108591065544,0.2883287374408604,-0.06065765153020497,52.879125118861914
2021-10-04,8.28,8.43,8.14,8.28,56425,-62.048832271762095,0.20046720572026366,0.2707564310967411,-0.07028922537647742,52.879125118861914
2021-10-05,8.43,8.5,8.21,8.36,50301,-53.68531524985842,0.18325086419536696,0.25325531771646626,-0.0700044535210993,54.850464610107316
2021-10-06,8.28,8.58,8.28,8.43,72925,-41.3883265856951,0.17325799417790755,0.2372558530087545,-0.06399785883084697,56.56285235945187
2021-10-07,8.58,8.58,8.36,8.5,64600,-24.95869206017932,0.16903841801975084,0.22361236601095377,-0.05457394799120294,58.26739927906329
2021-10-08,8.58,8.58,8.43,8.58,56114,0.40084750615542236,0.17018788492695514,0.21292746979415406,-0.04273958486719892,60.19011557979793
2021-10-11,9.02,9.02,8.58,8.65,75913,68.59603226509711,0.17473304692060943,0.20528858521944512,-0.0305555382988357,61.846520986935424
2021-10-12,8.72,8.87,8.43,8.72,104950,65.75544388609656,0.18188685706469165,0.20060823958849444,-0.018721382523802788,63.48280186124383
2021-10-13,8.72,8.72,8.43,8.72,19504,77.73716275021751,0.18541890937626881,0.1975703735460493,-0.012151464169780496,63.48280186124382
2021-10-14,8.8,8.88,8.8,8.88,25578,169.02973395931096,0.1988366835876043,0.1978236355543603,0.0010130480332440073,67.21056994956005
2021-10-15,8.88,8.88,8.57,8.72,64430,90.49207673060874,0.1943197068746887,0.19712284981842598,-0.0028031429437372912,60.55360700400478
2021-10-18,8.72,8.72,8.57,8.57,47920,40.20356234096658,0.17660048344577106,0.193018376543895,-0.016417893098123942,55.04879677407393
2021-10-19,8.57,8.65,8.49,8.65,49461,23.026315789473188,0.1670871262470932,0.18783212648453465,-0.02074500023744144,57.27940372429616
2021-10-20,8.65,8.8,8.65,8.65,19524,61.70180262755909,0.1577295144675368,0.1818116040811351,-0.024082089613598284,57.27940372429616
2021-10-21,8.57,8.72,8.57,8.65,13604,30.058224163027706,0.14860056490272555,0.1751693962454532,-0.02656883134272764,57.27940372429616
2021-10-22,8.65,8.88,8.65,8.88,36003,108.37004405286386,0.15810237860661758,0.17175599271768607,-0.013653614111068496,63.740363977575555
2021-10-25,8.8,9.72,8.8,9.49,112785,304.01294498381833,0.21240605169534632,0.17988600451321812,0.0325200471821282,74.6783690567665
2021-10-26,9.49,9.49,9.18,9.41,31600,214.4028389623106,0.24614931634668302,0.1931386668799111,0.05301064946677192,71.62672005411092
2021-10-27,9.57,9.64,9.34,9.64,111473,188.78496102705262,0.28812880498979077,0.21213669450188705,0.07599211048790372,74.8133569172586
2021-10-28,9.64,9.72,9.41,9.57,48970,141.8310795832418,0.31215115301513485,0.23213958620453662,0.08001156681059823,72.15717720472938
2021-10-29,9.57,9.72,9.41,9.49,43525,106.69086971752436,0.3210330364764129,0.2499182762589119,0.07111476021750102,69.13611335266371
2021-11-01,9.49,10.1,9.49,9.95,175285,129.07388944278264,0.3610284376329549,0.2721403085337205,0.08888812909923438,75.49042693892054
2021-11-02,9.95,10.64,9.79,10.48,169360,160.91603053435125,0.43052878397915784,0.303818003622808,0.12671078035634986,80.47759558570824
2021-11-03,10.64,10.64,9.57,9.95,52550,106.76825919824282,0.4377951090768466,0.3306134247136157,0.10718168436323089,66.01228513825306
2021-11-04,9.87,10.02,9.41,9.95,29031,64.36781609195405,0.4384989807735895,0.35219053592561045,0.08630844484797906,66.01228513825306
2021-11-05,9.95,9.95,9.64,9.87,40170,60.15934207144707,0.4276715414388619,0.36728673702826076,0.06038480441060112,63.99853185493987
2021-11-08,9.95,10.56,9.95,9.95,63146,102.68322211898554,0.4206965215448282,0.37796869393157423,0.042727827613253944,65.14364435662554
2021-11-09,10.18,10.18,9.87,10.02,180300,71.02564102564143,0.4160215455988485,0.3855792642650291,0.030442281333819432,66.15796927835063
2021-11-10,10.25,10.56,9.72,10.25,81400,90.21701207173338,0.42596540722978915,0.3936564928579811,0.03230891437180805,69.31735329564171
2021-11-11,10.48,10.71,10.02,10.48,132221,128.4357939710431,0.4472494537243481,0.4043750850312545,0.04287436869309358,72.12032311129558
2021-11-12,10.48,10.71,10.41,10.71,109810,146.43696162881773,0.4771757072032816,0.41893520946565993,0.05824049773762169,74.61747577763425
2021-11-15,10.87,11.78,10.71,11.78,526152,245.74794760919954,0.5805404276531227,0.4512562531031525,0.12928417454997027,82.47962622601877
2021-11-16,11.78,12.86,11.78,12.4,243818,263.91689581423725,0.7043670271206253,0.5018784079066471,0.2024886192139782,85.31753324507564
2021-11-17,12.17,12.32,11.55,12.17,99252,159.37828187355618,0.7750076161379482,0.5565042495529073,0.21850336658504088,80.13213250282459
2021-11-18,11.78,12.63,11.48,12.24,167881,129.1292639138241,0.8271048569220287,0.6106243710267316,0.21648048589529711,80.52017910237448
2021-11-19,12.24,12.4,11.1,11.63,175430,75.9780580848163,0.8098351184261148,0.6504665205066082,0.15936859791950653,68.04746284558202
2021-11-22,11.94,11.94,10.56,10.71,165601,19.23831959167641,0.7136854928988186,0.6631103149850504,0.0505751779137682,54.36867194483036
2021-11-23,10.02,11.25,9.87,11.1,101530,-12.673056443024512,0.6613325328087853,0.6627547585497974,-0.0014222257410120287,58.20423814356496
2021-11-24,11.48,11.78,11.4,11.55,111070,50.91965150048419,0.6486761392019655,0.659939034680231,-0.011262895478265422,62.156867093330156
2021-11-25,11.48,12.01,11.48,12.01,271666,64.13816457839505,0.6680629973253751,0.6615638272092598,0.006499170116115338,65.72515063802096
2021-11-26,12.17,12.4,12.01,12.17,259283,86.73489666136734,0.6884024104155042,0.6669315438505087,0.021470866564995528,66.89443492533704
2021-11-29,12.17,13.31,12.17,13.31,451442,142.85078713210137,0.7874329772477662,0.6910318305299602,0.09640114671780597,73.76252708738025
2021-11-30,14.62,14.62,14.62,14.62,223350,247.7397549640897,0.9605488575038361,0.7449352359247354,0.2156136215791007,79.12252095889508
2021-12-01,16.07,16.07,15.15,16.07,734289,243.17642128789004,1.2009040473625365,0.8361289982122957,0.36477504915024084,83.21089956474673
2021-12-02,16.83,17.68,16.68,17.68,595185,219.57547169811332,1.5039640502733427,0.9696960086245051,0.5342680416488376,86.39635122151795
2021-12-03,19.13,19.13,16.76,17.68,223795,169.14997676864004,1.7242650320379536,1.120609813307195,0.6036552187307587,86.39635122151795
2021-12-06,16.83,17.68,15.92,15.92,472669,96.09845509295619,1.736816911972758,1.2438512330403075,0.49296567893245036,69.64376097425287
2021-12-07,15.92,16.45,14.85,15.23,410357,54.853624128592486,1.6718154855744096,1.329444083547128,0.34237140202728167,64.37369435896332
2021-12-08,15.3,16.68,15.3,16.68,466126,65.47756443884865,1.7175059294438029,1.4070564527264628,0.31044947671734,69.58273396621534
2021-12-09,18.29,18.29,17.22,18.29,380572,100.31510043216564,1.862163617040121,1.4980778855891945,0.3640857314509265,74.10933867732557
2021-12-10,20.05,20.05,19.05,19.67,733109,129.56779710313532,2.064363644449882,1.611335037361332,0.4530286070885501,77.23636731026522
2021-12-13,19.67,21.12,18.75,20.28,426032,129.91387735157588,2.2479179263868776,1.738651615166441,0.5092663112204365,78.47398843985125
2021-12-14,20.28,20.66,19.9,20.2,267821,120.21881838074383,2.3597291965496296,1.8628671314430787,0.49686206510655095,77.87599750017716
2021-12-15,19.9,19.9,19.36,19.44,145216,86.8607516943931,2.359812337599653,1.9622561726743935,0.39755616492525947,72.2438015331745
2021-12-16,18.9,19.97,18.9,19.36,182409,72.92879630827623,2.3266032619254577,2.0351255905246064,0.29147767140085135,71.65632604590098
2021-12-17,19.36,20.43,19.05,20.13,569705,80.76829564794562,2.3354952594807123,2.0951995243158277,0.24029573516488467,73.85968566779809
2021-12-20,20.13,22.11,20.13,22.11,899998,124.27221900906106,2.4737953115883293,2.170918681770328,0.30287662981800123,78.49016079063851
2021-12-21,22.57,23.65,22.19,22.5,437959,152.66200466200465,2.585069764816936,2.2537488983796496,0.3313208664372862,79.26912323504644
2021-12-22,22.42,22.57,22.04,22.27,280904,117.4829651987013,2.6244435413941396,2.327887826982548,0.2965557144115918,77.48692626102482
2021-12-23,24.49,24.49,21.58,22.96,481858,127.34392381969472,2.680426488383187,2.3983955592626756,0.2820309291205114,79.01146908059083
2021-12-24,22.96,24.03,22.5,23.03,299000,116.04848854496252,2.699325646412973,2.458581576692735,0.24074406972023787,79.16561046153961
2021-12-27,23.19,23.26,22.5,22.5,127387,84.62586124018584,2.641091930950118,2.4950836475442117,0.14600828340590644,74.69281980278805
2021-12-28,22.57,22.88,22.27,22.5,179617,65.5841790268017,2.565369311360133,2.509140780307396,0.05622853105273684,74.69281980278805
2021-12-29,22.19,22.5,21.43,21.66,203000,26.903657908294697,2.409798947734245,2.489272413792766,-0.07947346605852079,67.66561187958816
2021-12-30,21.66,21.66,20.58,20.66,264400,-25.503998197995312,2.180679159164285,2.4275537628670696,-0.2468746037027847,60.382448304023285
2021-12-31,20.66,21.43,19.82,21.35,282048,-36.074197120708476,2.0313610437984835,2.3483152190533523,-0.3169541752548688,63.31643011731079
2022-01-04,21.35,21.43,20.66,21.04,73434,-30.588920433864786,1.8664951580412499,2.251951206850932,-0.3854560488096821,61.126177008821635
2022-01-05,20.66,22.11,20.51,21.04,269100,-30.28818679075841,1.7160561289375345,2.1447721912682525,-0.428716062330718,61.126177008821635
2022-01-06,21.04,21.27,20.66,20.66,145200,-69.26240745818497,1.548321207230206,2.0254819944606433,-0.4771607872304373,58.26102747046919
2022-01-07,21.04,21.04,20.2,20.74,145004,-95.4056695992179,1.4056420382887929,1.9015140032262732,-0.4958719649374803,58.69992383675261
2022-01-10,20.66,20.66,19.13,19.36,284100,-141.17048346055986,1.1677521818442216,1.7547616389498628,-0.5870094571056412,49.107250919679586
2022-01-11,19.59,19.59,17.45,17.45,589449,-200.85049239033145,0.8156988506486833,1.566949081289627,-0.7512502306409437,39.48862428816732
2022-01-12,16.83,18.37,15.84,18.37,285016,-193.78006193582414,0.6039681911576089,1.3743529032632233,-0.7703847121056144,45.06970752096166
2022-01-13,18.37,18.37,16.61,17.6,101690,-150.97767208349865,0.36977501701323234,1.1734373260132251,-0.8036623089999928,41.61053403449372
2022-01-14,17.68,17.68,16.45,17.52,64891,-128.15874749681421,0.1756946097261789,0.9738887827558159,-0.798194173029637,41.25624214022412
2022-01-17,17.52,17.52,15.84,15.99,207250,-129.16500730120805,-0.10041618925628626,0.7590277883533955,-0.8594439776096817,35.100778109080785
2022-01-18,16.07,16.07,14.46,15.3,170100,-139.27376171352088,-0.370640704820822,0.5330940897185519,-0.9037347945393739,32.72914179552031
2022-01-19,15.3,15.3,13.77,14.46,275538,-136.89922480620152,-0.6451397901796945,0.2974473137389026,-0.9425871039185971,30.065844583892048
2022-01-20,14.46,15.69,13.7,15.53,102564,-105.54417899127799,-0.7674950303875896,0.08445884491360414,-0.8519538753011937,37.08854178833034
2022-01-21,15.3,15.69,15.23,15.46,123801,-79.84465068660833,-0.8601950615432052,-0.10447193637775773,-0.7557231251654475,36.827991481548814
2022-01-24,15.3,15.3,14.39,14.39,91402,-94.84561446672406,-1.008376623713069,-0.28525287384482,-0.7231237498682489,33.01052933097487
2022-01-25,14.39,14.46,13.77,14.46,96200,-97.25630538513974,-1.1073977721514154,-0.4496818535061391,-0.6577159186452763,33.49620026295913
2022-01-26,14.46,14.69,14.46,14.69,38901,-74.64294359719204,-1.1540109480258884,-0.590547672410089,-0.5634632756157995,35.159596643856126
2022-01-27,14.54,14.85,14.31,14.54,48400,-68.5659620140929,-1.1893459325654199,-0.7103073244411552,-0.4790386081242647,34.55261120562025
2022-01-28,14.62,15.99,14.54,15.76,112900,-19.03499730034846,-1.1061543001383818,-0.7894767195806005,-0.3166775805577813,43.149166819149066
2022-02-07,15.84,17.29,15.84,17.29,178827,74.0085391082352,-0.9063186416825744,-0.8128451040009953,-0.09347353768157907,51.71485024400479
2022-02-08,18.37,18.98,18.21,18.98,303524,173.9402798078929,-0.6046090102236654,-0.7711978852455293,0.16658887502186392,59.05358263908552
2022-02-09,19.59,20.74,18.82,19.13,252508,184.3131225120871,-0.34937087719775306,-0.686832483635974,0.337461606438221,59.639921539865206
2022-02-10,19.13,19.13,18.37,19.05,79311,128.14207650273218,-0.15179831283616707,-0.5798256494760127,0.4280273366398456,59.15340683303057
2022-02-11,18.75,19.97,18.67,19.05,232173,116.24065857840243,0.004724902123321328,-0.46291553915614586,0.4676404412794672,59.15340683303057
2022-02-14,19.13,19.51,18.67,18.98,208950,89.97016486586091,0.12171915997337024,-0.3459885993302426,0.46770775930361286,58.667743058665344
2022-02-15,18.75,19.13,18.67,19.13,65223,74.66242401990766,0.22396002683624516,-0.23199887409694506,0.45595890093319025,59.43629194807526
2022-02-16,18.9,19.9,18.9,19.21,161520,74.4152744630071,0.30789278546856735,-0.12402054218384256,0.4319133276524099,59.86492911369481
2022-02-17,19.28,19.51,19.13,19.51,102717,66.45916249957489,0.39407494353698524,-0.020401445039677002,0.41447638857666225,61.50757300161301
2022-02-18,19.44,20.66,19.36,20.05,202812,79.61200057695066,0.500182617880764,0.08371536754441121,0.4164672503363528,64.3369755931039
2022-02-21,20.05,20.58,20.05,20.35,130895,86.75850553120442,0.6015469482882203,0.18728168369317305,0.41426526459504726,65.83928233563341
2022-02-22,19.97,20.51,19.67,20.35,133537,81.51986183074267,0.6741082105927703,0.2846469890730925,0.38946122151967777,65.83928233563341
2022-02-23,20.05,20.58,20.05,20.43,69695,99.0647608964181,0.7296578239585259,0.3736491560501792,0.3560086679083467,66.27860546754563
2022-02-24,20.89,20.97,19.9,20.43,166803,106.49910233393207,0.7648644119350188,0.45189220722714707,0.3129722047078717,66.27860546754563
2022-02-25,20.43,20.89,20.28,20.74,192804,113.56375707869542,0.8084608622079408,0.5232059382233059,0.2852549239846349,68.12108106252948
2022-02-28,20.97,21.81,20.89,21.58,200437,164.77427334570203,0.9004129430518795,0.5986473391890206,0.3017656038628589,72.50491034602369
2022-03-01,21.58,21.58,20.89,21.27,121800,121.56295224312586,0.9374647107438321,0.6664108134999829,0.2710538972438492,68.74761958778352
2022-03-02,20.74,21.27,20.74,21.2,72200,94.09704683974816,0.9502264693544049,0.7231739446708673,0.22705252468353765,67.89206556840962
2022-03-03,21.2,21.2,19.51,20.58,168701,24.498572646721602,0.8999375170481088,0.7585266591463156,0.1414108579017932,60.688099759908134
2022-03-04,20.05,20.66,20.05,20.51,105500,13.53191863274937,0.8446975969557364,0.7757608467081998,0.06893675024753665,59.915098973277814
2022-03-07,20.43,20.81,20.05,20.51,90608,8.040593286495103,0.791792273841132,0.7789671321347862,0.012825141706345855,59.915098973277814
2022-03-08,20.51,20.51,19.9,20.2,132800,-49.65105951021467,0.7165896158585632,0.7664916288795416,-0.04990201302097841,56.236140191739366
2022-03-09,20.05,20.05,19.44,19.44,86800,-162.39047992676873,0.5888771104208423,0.7309687251878018,-0.14209161476695942,48.39116925872612
2022-03-10,19.9,19.9,19.44,19.9,61270,-134.35283687943303,0.5188017615973202,0.6885353324697054,-0.16973357087238528,52.69278977190319
2022-03-11,19.97,20.28,19.59,19.9,49200,-91.27872007698818,0.4579871519880392,0.6424256963733722,-0.18443854438533303,52.69278977190319
2022-03-14,19.74,19.74,19.05,19.21,112200,-158.8706344286012,0.3500784162316144,0.5839562403450207,-0.2338778241134063,46.01989435991385
2022-03-15,19.21,19.9,19.21,19.74,78117,-94.84732824427438,0.3038242395992974,0.5279298401958761,-0.2241056005965787,51.13839024497605
2022-03-16,19.82,20.05,19.28,19.9,61700,-66.78576745570903,0.2768863605899412,0.4777211442746891,-0.2008347836847479,52.59962241841231
2022-03-17,19.9,20.43,19.82,19.9,104644,-23.88523872098121,0.2526257846072255,0.4327020723411964,-0.18007628773397089,52.599622418412295
2022-03-18,19.9,19.9,19.51,19.51,61204,-68.95773800571502,0.19962817340017125,0.38608729255299135,-0.1864591191528201,48.499448781109635
2022-03-21,19.51,19.9,19.51,19.74,74900,-50.111856823266876,0.17417844184592468,0.34370552241157803,-0.16952708056565335,50.92882082139537
2022-03-22,19.9,20.28,19.51,19.74,92435,-15.744040548031855,0.15225425396899794,0.305415268723062,-0.15316101475406407,50.928820821395384
2022-03-23,19.74,19.74,19.44,19.59,50201,-68.21374588779258,0.12137628051592131,0.26860747108163385,-0.14723119056571254,49.17432105926316
2022-03-24,19.74,19.9,19.21,19.21,149810,-101.81302542287024,0.06548754028326798,0.2279834849219607,-0.1624959446386927,44.94964885686185
2022-03-25,19.13,19.9,19.13,19.59,191648,-67.95048143053724,0.051267159300042664,0.1926402197975771,-0.14137306049753443,49.61162140524364
2022-03-28,19.51,19.59,19.13,19.28,132200,-136.45697758496144,0.01481224930691738,0.15707462569944514,-0.14226237639252776,46.176122161014064
2022-03-29,19.44,19.44,19.28,19.36,66921,-104.39909297052371,-0.00753632404162019,0.12415243575123207,-0.13168875979285227,47.192407777766256
2022-03-30,19.28,19.44,18.82,18.82,159602,-177.41235211114844,-0.0680369290976941,0.08571456278144683,-0.15375149187914094,41.49675635750799
2022-03-31,18.82,18.9,18.06,18.29,87501,-254.58190148911876,-0.15694154070461508,0.03718334208423445,-0.19412488278884954,36.80203430452032
2022-04-01,18.37,18.44,18.06,18.37,45300,-201.195538300363,-0.21842587696981397,-0.013938501726575243,-0.20448737524323873,37.943290837515825
2022-04-04,18.67,19.13,18.67,18.75,38060,-82.26926333615637,-0.23379479140015746,-0.05790975966129169,-0.17588503173886577,43.191064794874116
2022-04-05,18.75,19.13,18.67,18.75,29300,-67.72266666666707,-0.24317163556751709,-0.09496213484253677,-0.14820950072498032,43.191064794874116
2022-04-06,18.75,18.75,18.06,18.37,112701,-113.93710691823911,-0.2780603694813486,-0.13158178177029914,-0.14647858771104946,39.333458676681374
2022-04-07,18.37,18.37,17.83,17.83,57609,-138.54961832061028,-0.3453029915565011,-0.17432602372753953,-0.1709769678289616,34.60367726279013
2022-04-08,17.98,17.98,16.83,16.99,90900,-185.98813956695605,-0.4610594277514899,-0.2316727045323296,-0.2293867232191603,28.801797369688348
2022-04-12,17.22,17.22,15.99,15.99,60610,-208.59228097013744,-0.6262696335709066,-0.310592090340045,-0.3156775432308616,23.706019234874656
2022-04-13,15.99,16.38,15.92,16.38,17710,-175.66098036774176,-0.7174597420212088,-0.3919656206762777,-0.32549412134493105,28.983192525062606
2022-04-14,16.38,16.61,16.22,16.61,11715,-121.85898611875488,-0.7623812259407181,-0.46604874172916577,-0.29633248421155234,31.971662192056215
2022-04-15,16.45,16.61,15.99,15.99,30910,-114.1657734905323,-0.8383467050692168,-0.5405083343971759,-0.2978383706720409,28.49112811891664
2022-04-18,15.99,15.99,14.46,14.69,162356,-147.7037987979227,-0.9920137134454556,-0.6308094102068319,-0.36120430323862374,22.869379710778645
2022-04-19,14.62,14.77,13.7,13.7,80200,-163.84018145337166,-1.1800774526183417,-0.7406630186891339,-0.43941443392920787,19.684060399486665
2022-04-20,13.62,13.85,13.24,13.24,78700,-157.28411338167425,-1.350667818607148,-0.8626639786727367,-0.4880038399344112,18.40155160015661
2022-04-21,13.16,13.16,12.09,12.24,75603,-164.78100369150962,-1.5487010931726566,-0.9998714015727207,-0.5488296915999359,15.966139615608062
2022-04-22,12.4,13.47,12.24,12.63,63100,-122.97364143876763,-1.6550952416992182,-1.13091616959802,-0.5241790721011981,20.391288432628368
2022-04-25,12.63,12.86,11.78,11.78,31000,-119.20479496765776,-1.7873972641436868,-1.2622123885071534,-0.5251848756365334,18.14820124697928
2022-04-26,11.78,12.93,11.33,12.93,67600,-94.63927855711434,-1.7789456035045248,-1.3655590315066277,-0.4133865719978971,29.454812865969853
2022-04-27,12.93,13.54,12.7,13.54,17700,-54.709952102182065,-1.7033900790321947,-1.4331252410117412,-0.27026483802045353,34.61426882061872
2022-04-28,13.62,14.0,13.54,13.7,35400,-28.54951545386798,-1.6120187697842763,-1.4689039467662481,-0.14311482301802814,35.9377373662536
2022-04-29,13.47,13.93,13.39,13.93,34200,-20.803212851405565,-1.5037133990654308,-1.4758658372260847,-0.027847561839346113,37.88410955950642
2022-05-04,13.85,13.93,13.54,13.77,13900,-13.651970883120633,-1.414485961618297,-1.4635898621045271,0.049103900486230145,37.04100163767818
2022-05-05,13.77,14.0,13.77,13.77,9539,2.3712737127369907,-1.328458927018767,-1.4365636750873751,0.10810474806860815,37.04100163767817
2022-05-06,13.7,13.77,13.39,13.39,21800,-7.660122304473686,-1.2762330859277515,-1.4044975572554503,0.1282644713276988,34.901543929891446
2022-05-09,13.24,13.24,12.09,12.09,40800,-90.08029560150612,-1.3244751410737923,-1.3884930740191188,0.06401793294532654,28.777730346832247
2022-05-10,11.94,12.17,11.63,12.17,16220,-118.82483688248344,-1.3407961228426402,-1.378953683783823,0.03815756094118283,29.59639033913103
2022-05-11,11.94,12.4,11.94,12.17,19480,-85.57101667293442,-1.3383034889254404,-1.3708236448121465,0.03252015588670609,29.59639033913103
2022-05-12,12.17,12.24,11.55,11.55,12600,-107.9842754507252,-1.3705579382618183,-1.3707705035020807,0.00021256524026247448,26.824995032147132
2022-05-13,11.63,11.78,10.64,11.33,23600,-136.22633482237828,-1.3977594818927468,-1.376168299180214,-0.021591182712532797,25.898279753528243
2022-05-16,11.48,11.71,11.17,11.17,38758,-105.85272900503618,-1.4159058823797412,-1.3841158158201194,-0.0317900665596218,25.215996374580406
2022-05-17,11.17,11.86,11.17,11.86,17702,-77.61859781696045,-1.35894473310454,-1.3790815992770036,0.020136866172463685,33.36843735988153
2022-05-18,11.86,11.86,11.48,11.48,23900,-71.0870915641692,-1.3291438926968517,-1.3690940579609732,0.03995016526412143,31.34203653448232
2022-05-19,11.48,11.78,11.17,11.71,4800,-66.65413439606967,-1.2723011386145107,-1.3497354740916807,0.07743433547717005,33.95630260335578
2022-05-20,11.71,11.86,11.63,11.71,15100,-47.02334228465176,-1.2132670590501178,-1.3224417910833681,0.10917473203325034,33.95630260335579
2022-05-23,11.71,11.71,11.48,11.48,2700,-56.44565894817578,-1.1715364604278715,-1.2922607249522688,0.12072426452439733,32.52021274981459
2022-05-24,11.48,11.48,11.02,11.02,7900,-90.44845549084081,-1.1621858608186706,-1.2662457521255492,0.10405989130687865,29.80522254801941
2022-05-25,11.17,11.63,11.02,11.48,13800,-66.25931285844455,-1.1049204524545537,-1.23398069219135,0.12906023973679637,35.59570075037076
2022-05-26,11.48,11.48,11.33,11.4,3000,-59.15983097191096,-1.0538444720843252,-1.1979534481699452,0.14410897608562,35.05411715370933
2022-05-27,11.4,11.63,11.33,11.55,20900,-23.701512163049443,-0.9898522427676593,-1.156333207089488,0.1664809643218288,36.98993218387837
2022-05-30,11.55,11.63,11.4,11.55,17300,-6.539509536784309,-0.9284355133284734,-1.1107536683372852,0.18231815500881177,36.98993218387837
2022-05-31,11.55,11.63,11.4,11.55,12402,14.364453489359231,-0.8697365314222356,-1.0625502409542753,0.1928137095320397,36.98993218387837
2022-06-01,11.48,11.63,11.33,11.48,17125,2.010916403333107,-0.8194198187444446,-1.0139241565123092,0.19450433776786458,36.358282299267294
2022-06-02,11.71,11.71,11.25,11.25,22900,-53.17409081127672,-0.7890073536123356,-0.9689407959323144,0.17993344231997876,34.28656117445449
2022-06-03,11.4,11.4,11.02,11.33,21900,-135.1907329738369,-0.7498066204904568,-0.9251139608439429,0.17530734035348616,35.65983437845683
2022-06-06,11.17,11.4,11.17,11.17,10002,-111.39287026828238,-0.7233125233665874,-0.8847536733484718,0.1614411499818844,34.12388839289843
2022-06-07,11.1,11.17,10.64,10.94,9900,-215.3765139547122,-0.712659740453395,-0.8503348867694565,0.13767514631606148,31.99077510594453
2022-06-08,11.1,11.17,10.71,11.17,19900,-133.02180685358218,-0.6778444861430195,-0.815836806644169,0.1379923205011495,36.28034276534982
2022-06-09,11.17,11.17,10.87,11.1,9900,-100.85274277714088,-0.6484268995905254,-0.7823548252334402,0.1339279256429149,35.54551526903899
2022-06-10,10.94,11.02,10.71,10.94,16500,-131.84079601990044,-0.6307529853446638,-0.752034457255685,0.12128147191102112,33.857503111319026
2022-06-13,10.33,11.02,10.33,11.02,21781,-136.19795677396215,-0.6033360669429797,-0.7222947791931439,0.11895871225016419,35.50665385176655
2022-06-14,10.71,10.87,10.33,10.87,28600,-129.97886951928174,-0.5869457625890355,-0.6952249758723222,0.10827921328328671,33.80471854308612
2022-06-15,10.71,10.71,10.1,10.1,23100,-176.5499351491568,-0.6288400168691162,-0.681947984071681,0.05310796720256483,26.723464024654852
2022-06-16,10.1,10.33,10.1,10.33,12100,-155.74795574795564,-0.6361493042182502,-0.6727882481009948,0.03663894388274458,31.349393950392745
2022-06-17,10.02,10.33,9.34,9.57,66300,-198.14879906268254,-0.6952531697571089,-0.6772812324322176,-0.01797193732489133,25.598676058394798
2022-06-20,9.34,9.57,8.8,8.88,18680,-216.31993536659246,-0.7886792391136819,-0.6995608337685104,-0.08911840534517146,21.705660787065213
2022-06-21,8.57,9.03,8.42,8.88,18501,-182.41478177763648,-0.8528885044031487,-0.730226367895438,-0.12266213650771063,21.705660787065213
2022-06-22,9.11,9.18,8.8,9.18,23300,-123.26155226558993,-0.8695437577848892,-0.7580898458733283,-0.11145391191156095,27.28203428498243
2022-06-23,9.03,9.49,9.03,9.49,26600,-80.8363124255227,-0.8479540701747439,-0.7760626907336114,-0.07189137944113244,32.62229919150085
2022-06-24,9.26,9.57,9.11,9.57,7000,-61.37399876771435,-0.814994012130617,-0.7838489550130125,-0.031145057117604402,33.96994484987134
2022-06-27,9.34,9.95,9.26,9.95,11700,-27.347536918047783,-0.7495695334677759,-0.7769930707039652,0.027423537236189288,40.098723030283665
2022-06-28,9.95,10.48,9.87,10.33,13400,28.23529411764703,-0.6594555455300188,-0.7534855656691759,0.09403002013915707,45.542207170945495
2022-06-29,10.33,10.33,10.18,10.25,14112,40.34380875637911,-0.5877200216981002,-0.7203324568749607,0.1326124351768605,44.62283964634263
2022-06-30,10.48,10.56,10.1,10.1,30000,49.265240797322676,-0.5367851238617192,-0.6836229902723124,0.14683786641059327,42.87514080232969
2022-07-01,10.02,10.48,9.57,10.25,30300,40.17914267434414,-0.47879584351855264,-0.6426575609215605,0.1638617174030078,45.187083109223984
2022-07-04,10.25,10.48,10.18,10.48,13100,84.54712874602384,-0.40955870543181305,-0.596037789823611,0.18647908439179794,48.620770081576914
2022-07-05,10.1,10.33,10.02,10.25,20100,61.22448979591842,-0.36899332709682575,-0.5506288972782539,0.18163557018142817,45.54798862186803
2022-07-06,10.25,10.25,10.1,10.1,2400,56.02211854155885,-0.34497209532899475,-0.509497536888402,0.1645254415594073,43.61216581734819
2022-07-07,10.1,10.33,10.02,10.33,16000,58.7332680378713,-0.30387315767238476,-0.4683726610451986,0.16449950337281383,47.30998746375522
2022-07-08,10.48,10.48,9.95,10.41,24900,59.3407713077589,-0.26182842694230857,-0.4270638142246206,0.16523538728231202,48.57325807214758
2022-07-11,10.18,10.25,10.18,10.18,22100,42.031270529496744,-0.24425117720287837,-0.39050128682027213,0.14625010961739376,45.216733667254644
2022-07-12,10.1,10.41,10.1,10.41,24800,61.63043478260871,-0.209348760145458,-0.3542707814853093,0.14492202133985133,49.01121093756522
2022-07-13,10.41,10.48,10.18,10.41,15500,80.59936908517366,-0.17961782073983734,-0.31934018933621494,0.1397223685963776,49.01121093756521
2022-07-14,10.41,10.56,10.41,10.41,13366,149.74788112863496,-0.1542774229634709,-0.2863276360616661,0.1320502130981952,49.01121093756522
2022-07-15,10.48,10.56,10.41,10.48,3800,159.35856992639114,-0.12708164210775763,-0.25447843727088443,0.1273967951631268,50.319237431265876
2022-07-18,10.56,10.87,10.56,10.71,24700,224.6716162192987,-0.0859786042053301,-0.22077847065777356,0.13479986645244346,54.45361586537846
2022-07-19,11.24,11.74,10.91,11.57,27600,317.8895653102629,0.015808432375834514,-0.17346109005105195,0.18926952242688647,65.88546979785409
2022-07-20,11.49,11.57,11.49,11.57,3908,223.78020236937706,0.09537595753343275,-0.11969368053415502,0.21506963806758778,65.88546979785409
2022-07-21,11.74,11.74,11.32,11.57,31600,156.25766187451214,0.15662828114655447,-0.06442928819801312,0.2210575693445676,65.88546979785409
2022-07-22,11.24,11.49,11.16,11.16,8600,89.65176342650966,0.17012650299562004,-0.017518129959286484,0.18764463295490652,57.31901828223756
2022-07-25,11.16,11.16,11.07,11.16,5700,58.12262197177665,0.1787632693674439,0.021738149906059594,0.1570251194613843,57.31901828223756
2022-07-26,10.91,11.41,10.83,11.41,16600,58.891268141803614,0.2034357983554269,0.05807767959593306,0.14535811875949384,60.912949285104865
2022-07-27,10.99,11.41,10.74,11.16,31300,35.67342693707734,0.20050475071518115,0.08656309381978268,0.11394165689539847,55.8485074308884
2022-07-28,10.99,11.16,10.91,11.16,6100,25.381036419059768,0.1959233914447296,0.10843515334477206,0.08748823809995752,55.8485074308884
2022-07-29,11.41,11.41,10.91,11.24,19200,36.00888807719201,0.19648302858104572,0.1260447283920268,0.07043830018901892,57.17007277986649
2022-08-01,11.24,11.24,10.99,11.16,34500,18.48591549295734,0.18830060151028505,0.13849590301567843,0.049804698494606614,55.38474446448854
2022-08-02,11.16,11.24,10.83,10.91,55100,-26.13023641642474,0.15980097230657897,0.14275691687385855,0.017044055432720417,50.11761000442823
2022-08-03,11.07,11.24,10.91,11.07,16400,-20.590628996629295,0.1484146420494703,0.1438884619089809,0.004526180140489389,53.18609348667304
2022-08-04,11.16,11.24,10.91,10.91,59100,-62.44407158836724,0.1250388603147048,0.14011854159012568,-0.015079681275420892,49.881623585284515
2022-08-05,11.16,11.16,10.91,10.99,2200,-80.23237556916303,0.11168132351037663,0.13443109797417588,-0.02274977446379925,51.50404587322623
2022-08-08,10.99,10.99,10.83,10.91,13400,-119.67871485943725,0.09356152888008573,0.12625718415535786,-0.03269565527527213,49.769001750597035
2022-08-09,11.16,11.16,9.83,10.83,56400,-240.66193853427995,0.07191711395458711,0.1153891701152037,-0.0434720561606166,48.02664876485298
2022-08-10,10.91,10.99,10.5,10.5,16900,-177.899271040425,0.027814884437976417,0.09787431297975825,-0.07005942854178183,41.56280694256252
2022-08-11,10.74,10.74,10.5,10.5,7400,-161.02880658436453,-0.00705512312561396,0.0768884257586838,-0.08394354888429777,41.56280694256252
2022-08-12,10.66,10.74,10.66,10.66,6636,-94.29695181907722,-0.02153099659423141,0.05720454128810076,-0.07873553788233217,45.674208613988554
2022-08-15,10.83,10.83,10.17,10.74,23500,-107.83945345858326,-0.026245359037231353,0.04051456122303434,-0.0667599202602657,47.65716204253011
2022-08-16,10.83,10.99,10.5,10.99,26500,-19.245682058512624,-0.009696835492150058,0.03047228187999746,-0.04016911737214752,53.38354515855792
2022-08-17,10.99,11.07,10.99,10.99,8200,48.79626302551121,0.003379037205474944,0.025053632945092958,-0.021674595739618014,53.38354515855793
2022-08-18,10.83,10.99,10.74,10.99,6936,18.80679573291103,0.013585159265375069,0.02275993820914938,-0.00917477894377431,53.38354515855793
2022-08-19,11.07,11.07,10.66,10.66,24008,-15.959595959596738,-0.004898194212085372,0.01722831172490243,-0.0221265059369878,45.22632131557301
2022-08-22,10.74,10.83,10.66,10.66,1800,-42.61275272161798,-0.01932363418203842,0.00991792254351426,-0.02924155672555268,45.22632131557301
2022-08-23,10.74,10.91,10.66,10.83,500,2.4911032028473628,-0.016844151147875408,0.004565507805236326,-0.021409658953111733,49.80847554859514
2022-08-24,10.74,10.91,10.58,10.58,7500,-43.34600760456333,-0.03465260003965298,-0.0032781137637415353,-0.031374486275911447,43.98149519683589
2022-08-25,10.74,10.99,10.74,10.91,8900,68.5950413223148,-0.021885400737886584,-0.006999571158570545,-0.01488582957931604,51.969148467856996
2022-08-26,10.91,10.91,10.58,10.91,17400,28.824833702883133,-0.011633202985928293,-0.007926297524042095,-0.0037069054618861976,51.96914846785701
2022-08-29,10.66,10.83,10.33,10.74,20400,-77.20090293453765,-0.01702953576731936,-0.009746945172697547,-0.007282590594621812,47.889416897693756
2022-08-30,10.41,10.5,10.41,10.5,5800,-151.82967398536104,-0.04020866218274044,-0.015839288574706126,-0.024369373608034314,42.783126488870145
2022-08-31,10.66,10.83,10.66,10.74,7000,-6.194690265487668,-0.038765428893594134,-0.020424516638483728,-0.018340912255110406,48.676535830323516
2022-09-05,10.74,10.74,10.58,10.66,12400,-55.65217391304288,-0.04357468567396694,-0.02505455044558037,-0.01852013522838657,46.940904941753246
2022-09-06,10.66,10.74,10.58,10.74,11500,-47.35202492211783,-0.040464277901619994,-0.028136495936788294,-0.0123277819648317,48.90299020827406
2022-09-07,10.74,10.74,10.58,10.58,14300,-71.67755991285416,-0.050329750126685724,-0.03257514677476778,-0.017754603351917947,45.29532600820945
2022-09-08,10.41,10.58,10.41,10.58,719,-129.37293729372843,-0.05748555030157654,-0.03755722748012953,-0.019928322821447006,45.29532600820946
2022-09-09,10.58,10.58,10.41,10.41,7100,-144.41353732035213,-0.07599809402490543,-0.04524540078908471,-0.030752693235820715,41.52086144407864
2022-09-12,10.41,10.41,10.33,10.33,12617,-169.54536430414794,-0.09601791495885337,-0.05539990362303844,-0.04061801133581493,39.83845769138341
2022-09-13,10.33,10.41,10.33,10.41,15080,-122.1818181818185,-0.10422697221526533,-0.06516531734148381,-0.03906165487378152,42.35392289831353
2022-09-14,10.33,10.74,10.33,10.58,8300,-29.323984178354785,-0.09590954445643973,-0.071314162764475,-0.024595381691964735,47.3880837836457
2022-09-15,10.58,10.58,10.33,10.33,7659,-85.88374851720083,-0.10824307490799967,-0.07869994519317994,-0.029543129714819732,41.63044801157043
2022-09-16,10.17,10.5,9.92,10.5,13143,-124.37810945273783,-0.10311130446511285,-0.08358221704756652,-0.01952908741754633,46.39955466059163
2022-09-19,10.66,10.83,10.33,10.66,46011,44.35146443514544,-0.08515209623248055,-0.08389619288454933,-0.0012559033479312143,50.49895895508642
2022-09-20,10.74,10.83,10.5,10.74,22600,87.67676767676649,-0.06372933085098609,-0.07986282047783669,0.0161334896268506,52.45687803281458
2022-09-21,10.91,10.99,10.58,10.58,17627,88.16378758797065,-0.05898238554239832,-0.07568673349074902,0.016704347948350698,48.338831650220264
2022-09-22,10.5,10.58,9.59,10.58,27028,-134.51403148528624,-0.054591104909830435,-0.0714676077745653,0.01687650286473487,48.338831650220264
2022-09-23,10.33,10.5,10.33,10.41,17900,-44.40366972477181,-0.06408977558334783,-0.06999204133632181,0.005902265752973979,44.0751846612205
2022-09-26,10.17,10.58,10.08,10.08,18829,-113.67521367521422,-0.09712617254313116,-0.07541886757768368,-0.021707304965447483,37.21343923585412
2022-09-27,10.08,10.25,9.92,10.08,17400,-164.78599221789963,-0.12190253856526212,-0.08471560177519936,-0.037186936790062755,37.21343923585412
2022-09-28,10.08,10.25,9.92,10.25,15604,-116.85273790537052,-0.12636376506618774,-0.09304523443339704,-0.033318530632790694,42.55645035356725
2022-09-29,10.08,10.41,10.08,10.33,11018,-50.283751493429854,-0.1220372187057599,-0.09884363128786962,-0.02319358741789028,44.93137253913048
2022-09-30,10.33,10.33,9.34,10.25,13722,-144.5333333333334,-0.1236385032529359,-0.10380260568088287,-0.019835897572053035,43.016128497237354
2022-10-03,10.0,10.0,9.34,10.0,10902,-168.7927350427358,-0.1434271050690672,-0.11172750555851974,-0.03169959951054746,37.619503952019855
2022-10-04,9.75,9.83,9.5,9.5,7002,-179.08757908758,-0.19718253834302502,-0.12881851211542078,-0.06836402622760424,29.616699262417672
2022-10-05,9.75,9.75,9.01,9.59,50770,-166.34950104432588,-0.22987203690988167,-0.14902921707431296,-0.08084281983556871,32.40414491114608
2022-10-06,9.59,9.59,9.09,9.09,27000,-159.56441208405192,-0.29274988294477033,-0.17777335024840443,-0.1149765326963659,26.196900259505906
2022-10-07,8.93,8.93,8.18,8.26,41100,-217.45019526422462,-0.4048877978388319,-0.22319623976648992,-0.18169155807234197,19.514316474042573
2022-10-10,8.26,8.93,8.26,8.35,11400,-161.18440715597077,-0.4809515454300328,-0.2747473008991985,-0.2062042445308343,21.842484663078285
2022-10-11,8.68,8.68,7.85,8.26,8100,-151.59760170006075,-0.5422442075549903,-0.32824668223035686,-0.2139975253246334,21.182612335891527
2022-10-12,8.18,8.18,7.77,8.02,22147,-141.97202521670624,-0.6032314020112395,-0.3832436261865334,-0.21998777582470608,19.491556981162702
2022-10-13,8.02,8.26,7.85,7.93,29800,-113.58282617252546,-0.6513184472175748,-0.43685859039274166,-0.21445985682483315,18.882777328318426
2022-10-14,8.26,8.26,8.02,8.02,22202,-88.23512370357491,-0.6743915630092321,-0.48436518491603975,-0.19002637809319234,21.522412603019735
2022-10-17,8.02,8.18,7.93,8.02,7901,-79.59571700190142,-0.6847834165439011,-0.524448831241612,-0.16033458530228906,21.522412603019735
2022-10-18,7.93,8.18,7.6,8.18,25102,-74.47385679365644,-0.6723578497514744,-0.5540306349435845,-0.11832721480788988,26.456661274002506
2022-10-19,8.18,8.18,7.93,8.18,2300,-58.44646320302136,-0.6549605213556813,-0.5742166122260038,-0.08074390912967744,26.456661274002506
2022-10-20,7.93,8.02,7.77,8.02,18130,-70.66024483243027,-0.6466297310586278,-0.5886992359925286,-0.05793049506609915,24.65856648746843
2022-10-21,8.02,8.02,7.27,7.52,27132,-107.02099737532824,-0.6726197987055684,-0.6054833485351365,-0.0671364501704319,20.06842958445579
2022-10-24,7.52,7.77,6.78,6.78,85725,-173.66455593440497,-0.7443485434579511,-0.6332563875196995,-0.11109215593825161,15.476648854550431
2022-10-25,6.69,6.69,6.12,6.53,62559,-252.09742519137126,-0.8120066934097263,-0.6690064486977049,-0.14300024471202144,14.287295879538696
2022-10-26,6.53,6.69,6.53,6.53,6108,-164.47981545559418,-0.8557615779199814,-0.7063574745421601,-0.14940410337782128,14.287295879538696
2022-10-27,6.45,7.11,6.45,7.11,13361,-97.85182856544057,-0.8340223953804937,-0.7318904587098268,-0.10213193667066689,28.973557164579084
2022-10-28,7.11,7.19,6.61,6.61,9200,-89.02994011976055,-0.8473717834720009,-0.7549867236622616,-0.09238505980973932,24.997210062082033
2022-10-31,6.61,6.61,6.61,6.61,0,-92.2168303050823,-0.8481740472648109,-0.7736241883827715,-0.07454985888203947,24.99721006208203
2022-11-01,6.61,6.61,6.61,6.61,0,-78.63509039979633,-0.8391368004100066,-0.7867267107882185,-0.05241008962178806,24.997210062082026
2022-11-02,6.61,6.61,6.61,6.61,0,-68.96819239720715,-0.8224935238096895,-0.7938800733925128,-0.028613450417176778,24.997210062082022
2022-11-03,6.61,6.61,6.61,6.61,0,-62.07309766327142,-0.8000807740651714,-0.7951202135270445,-0.004960560538126879,24.997210062082026
2022-11-04,6.12,6.2,5.95,6.12,71889,-113.48619957537159,-0.8124915168685813,-0.7985944741953519,-0.013897042673229443,20.92133112943153
2022-11-07,6.12,6.12,6.12,6.12,0,-105.1964876925291,-0.8129558707246023,-0.801466753501202,-0.011489117223400291,20.92133112943153
2022-11-08,6.12,6.12,6.12,6.12,0,-103.69009072080743,-0.8040552263585266,-0.8019844480726669,-0.0020707782858596646,20.921331129431525
2022-11-09,6.12,6.12,6.12,6.12,0,-106.079951360389,-0.7879187645177712,-0.7991713113616877,0.011252546843916522,20.92133112943153
2022-11-10,6.12,6.12,6.12,6.12,0,-89.81941683233916,-0.7662971062149833,-0.7925964703323468,0.026299364117363555,20.921331129431522
2022-11-11,6.36,6.36,5.54,5.54,32200,-136.42225937425357,-0.7868921362488104,-0.7914556035156395,0.004563467266829102,16.35032786126203
2022-11-14,5.54,5.54,5.54,5.54,0,-154.10292072322673,-0.7940604117881467,-0.7919765651701409,-0.002083846618005758,16.350327861262027
2022-11-15,5.54,5.54,5.54,5.54,0,-129.0771020883092,-0.79062746058064,-0.7917067442522407,0.001079283671600706,16.350327861262024
2022-11-16,5.54,5.54,5.54,5.54,0,-118.6240083235791,-0.7789278268929278,-0.7891509607803782,0.01022313388745033,16.350327861262027
2022-11-17,5.54,5.54,5.54,5.54,0,-104.06194719802413,-0.7608847768311255,-0.7834977239905276,0.022612947159402097,16.350327861262024
2022-11-18,5.37,5.62,5.21,5.54,67694,-99.26900584795318,-0.7380774324598427,-0.7744136656843906,0.03633623322454793,16.350327861262024
2022-11-21,5.54,5.54,5.54,5.54,0,-71.92254495159068,-0.7117972916280992,-0.7618903908731324,0.050093099245033135,16.35032786126202
2022-11-22,5.54,5.54,5.54,5.54,0,-63.44086021505375,-0.683095787653051,-0.7461314702291161,0.06303568257606507,16.350327861262024
2022-11-23,5.54,5.54,5.54,5.54,0,-55.679750454899995,-0.6528242869586052,-0.7274700335750139,0.07464574661640877,16.35032786126202
2022-11-24,5.54,5.54,5.54,5.54,0,-49.305458117019974,-0.6216677062212632,-0.7063095681042638,0.0846418618830006,16.35032786126202
2022-11-25,5.54,6.03,5.54,6.03,39645,50.33886905685748,-0.5510844283646996,-0.675264540156351,0.12418011179165134,39.702855098593176
2022-11-28,6.03,6.03,6.03,6.03,0,105.9784946236558,-0.4895039750199297,-0.6381124271290667,0.14860845210913698,39.70285509859317
2022-11-29,6.03,6.03,6.03,6.03,0,112.4167645906772,-0.4356787882111224,-0.5976256993454778,0.16194691113435544,39.70285509859317
2022-11-30,6.03,6.03,6.03,6.03,0,119.40263679850625,-0.38854305736990735,-0.5558091709503638,0.1672661135804564,39.70285509859316
2022-12-01,6.03,6.03,6.03,6.03,0,103.49790972111929,-0.3471855126097543,-0.5140844392822419,0.16689892667248762,39.70285509859317
2022-12-02,6.45,6.61,6.45,6.61,48748,190.87232813402625,-0.26455854150012126,-0.46417925972581775,0.1996207182256965,59.22169933226521
2022-12-05,6.61,6.61,6.61,6.61,0,159.9102468212414,-0.19680739841992345,-0.4107048874646389,0.21389748904471545,59.22169933226521
2022-12-06,6.61,6.61,6.61,6.61,0,131.60054719562254,-0.14148319915857233,-0.3568605498034256,0.21537735064485325,59.22169933226522
2022-12-07,6.61,6.61,6.61,6.61,0,113.4382107657316,-0.09652568464716005,-0.30479357677217245,0.2082678921250124,59.22169933226521
2022-12-08,6.61,6.61,6.61,6.61,0,95.25649280961555,-0.060202552939960796,-0.25587537200573013,0.19567281906576933,59.221699332265196
2022-12-09,6.61,7.27,6.61,7.27,56656,138.01418439716298,0.021591382761577016,-0.2003820210522687,0.22197340381384573,73.40967327608989
2022-12-12,7.27,7.27,7.27,7.27,0,142.89777777777766,0.0854288949749007,-0.14321983784683484,0.22864873282173553,73.40967327608988
2022-12-13,7.27,7.27,7.27,7.27,0,125.71839080459758,0.13447049121069732,-0.0876817720353284,0.22215226324602572,73.40967327608989
2022-12-14,7.27,7.27,7.27,7.27,0,117.53407682775706,0.17136096699417624,-0.035873224229427465,0.2072341912236037,73.40967327608988
2022-12-15,7.27,7.27,7.27,7.27,0,100.59503761086789,0.19831092987873422,0.010963606592204876,0.18734732328652934,73.40967327608988
2022-12-16,7.44,7.93,7.27,7.93,34507,137.3956762192057,0.26981519219707817,0.06273392371317954,0.20708126848389863,82.3200451132975
2022-12-19,7.93,7.93,7.93,7.93,0,140.94670638861305,0.3227622331337052,0.11473958559728467,0.20802264753642055,82.3200451132975
2022-12-20,7.93,7.93,7.93,7.93,0,124.67883705206214,0.3605667554272598,0.16390501956327969,0.1966617358639801,82.3200451132975
2022-12-21,7.93,7.93,7.93,7.93,0,112.51675430456739,0.38607666029625864,0.20833934770987547,0.17773731258638317,82.3200451132975
2022-12-22,7.93,7.93,7.93,7.93,0,100.17452006980783,0.40166331897941987,0.24700414196378434,0.15465917701563553,82.3200451132975
2022-12-23,7.19,8.51,7.19,7.93,19223,76.58754944826144,0.4092977288425299,0.27946285933953346,0.12983486950299644,82.3200451132975
2022-12-26,7.93,7.93,7.93,7.93,0,72.85768214420523,0.41061474250915353,0.3056932359734575,0.10492150653569604,82.3200451132975
2022-12-27,7.93,7.93,7.93,7.93,0,64.35335011386792,0.4069672205384558,0.32594803288645713,0.08101918765199867,82.3200451132975
2022-12-28,7.93,7.93,7.93,7.93,0,58.397478190748465,0.3994716723216598,0.34065276077349765,0.058818911548162156,82.3200451132975
2022-12-29,7.93,7.93,7.93,7.93,0,53.371717700427574,0.3890467080797624,0.3503315502347506,0.03871515784501178,82.3200451132975
2022-12-30,7.6,7.85,7.27,7.27,10200,-74.98127340823991,0.3237958476842051,0.3450244097246415,-0.021228562040436383,48.335328059075245
2023-01-03,7.27,7.27,7.27,7.27,0,-128.20224719101176,0.2689833975431366,0.3298162072883405,-0.060832809745203886,48.335328059075245
2023-01-04,7.27,7.27,7.27,7.27,0,-128.20224719101176,0.2229738323608954,0.3084477323028515,-0.08547389994195609,48.33532805907525
2023-01-05,7.27,7.27,7.27,7.27,0,-128.20224719101176,0.18438543989776246,0.2836352738218337,-0.09924983392407122,48.335328059075245
2023-01-06,7.27,7.6,7.27,7.44,27606,-69.72087893441922,0.16561236386655853,0.26003069183077865,-0.09441832796422012,54.80017870171863
2023-01-09,7.44,7.44,7.44,7.44,0,-58.10390036053726,0.14901679302881732,0.2378279120703864,-0.08881111904156908,54.80017870171863
2023-01-10,7.44,7.44,7.44,7.44,0,-49.770114942528444,0.1343163680929358,0.21712560327489627,-0.08280923518196048,54.80017870171863
2023-01-11,7.44,7.44,7.44,7.44,0,-42.96201451130976,0.12126827028741172,0.19795413667739936,-0.07668586638998764,54.800178701718636
2023-01-12,7.44,7.44,7.44,7.44,0,-37.043204736793065,0.1096634270461907,0.18029599475115762,-0.07063256770496693,54.80017870171863
2023-01-13,7.85,7.93,7.44,7.93,16600,56.26477541371192,0.1384099068196356,0.1719187771648532,-0.0335088703452176,70.3109101679006
2023-01-16,7.93,7.93,7.93,7.93,0,102.60047281323912,0.15935475670686827,0.16940597307325622,-0.01005121636638795,70.3109101679006
2023-01-17,7.93,7.93,7.93,7.93,0,102.60047281323912,0.1739485307586106,0.1703144846103271,0.0036340461482834985,70.3109101679006
2023-01-18,7.93,7.93,7.93,7.93,0,102.60047281323912,0.18340007987882423,0.17293160366402655,0.010468476214797684,70.3109101679006
2023-01-19,7.93,7.93,7.93,7.93,0,102.60047281323912,0.1887151103305147,0.17608830499732417,0.012626805333190522,70.3109101679006
2023-01-27,8.68,8.68,7.93,8.35,3228,158.76740184576923,0.22423298193419772,0.1857172403846989,0.03851574154949883,79.1810577970297
2023-01-30,8.35,8.35,8.35,8.35,0,135.84715937657145,0.2495050125988021,0.19847479482751954,0.051030217771282554,79.18105779702971
2023-01-31,8.35,8.35,8.35,8.35,0,117.25838264299811,0.26646167465683845,0.2120721707933833,0.054389503863455146,79.1810577970297
2023-02-01,8.35,8.35,8.35,8.35,0,103.62522522522526,0.27671020846690286,0.2249997783280872,0.051710430138815655,79.18105779702971
2023-02-02,8.35,8.35,8.35,8.35,0,93.9880817681226,0.2815862938341409,0.23631708142929794,0.04526921240484297,79.18105779702971
2023-02-03,8.35,8.35,7.6,8.02,24701,5.969531379367583,0.25587284169925173,0.2402282334832887,0.01564460821596303,59.08885320270172
2023-02-06,8.02,8.02,8.02,8.02,0,3.597794598635999,0.23281104482206683,0.23874479575104432,-0.005933750928977494,59.08885320270172
2023-02-07,8.02,8.02,8.02,8.02,0,-8.94400601277688,0.2120895681254451,0.23341375022592448,-0.021324182100479372,59.088853202701706
2023-02-08,8.02,8.02,8.02,8.02,0,-25.61028906786522,0.19343781780045255,0.22541856374083008,-0.03198074594037753,59.088853202701706
2023-02-09,8.02,8.02,8.02,8.02,0,-34.72474289171136,0.17662020352531016,0.2156588916977261,-0.03903868817241593,59.08885320270172
2023-02-10,8.02,8.02,8.02,8.02,216,-38.30845771144218,0.16143124415275967,0.2048133621887328,-0.04338211803597314,59.08885320270172
2023-02-13,8.02,8.02,8.02,8.02,0,-42.09852847088878,0.14769139001013176,0.1933889677530126,-0.04569757774288083,59.08885320270172
2023-02-14,8.02,8.02,8.02,8.02,0,-46.113306982871734,0.13524345425724515,0.1817598650538591,-0.04651641079661395,59.08885320270172
2023-02-15,8.02,8.02,8.02,8.02,0,-50.37338764426302,0.12394956209464425,0.17019780446201613,-0.04624824236737188,59.08885320270172
2023-02-16,8.02,8.02,8.02,8.02,0,-45.19519519519455,0.11368854046189814,0.15889595166199252,-0.04520741120009439,59.088853202701706
2023-02-17,7.93,7.93,7.36,7.36,36542,-266.2900188323927,0.0517041099466482,0.13745758331892366,-0.08575347337227546,28.616715989892192
2023-02-20,7.36,7.36,7.36,7.36,0,-275.21367521367216,0.0025515890592400226,0.11047638446698693,-0.10792479540774691,28.616715989892192
2023-02-21,7.36,7.36,7.36,7.36,0,-175.651610814309,-0.03598729869082895,0.08118364783542376,-0.1171709465262527,28.616715989892192
2023-02-22,7.36,7.36,7.36,7.36,0,-129.39567951873028,-0.06577147229910718,0.05179262380851757,-0.11756409610762475,28.616715989892192
2023-02-23,7.36,7.36,7.36,7.36,0,-102.20316779802248,-0.08835711860417828,0.023762675325978398,-0.11211979393015667,28.616715989892192
2023-02-24,7.11,7.52,6.86,7.36,54718,-104.29899856938444,-0.10504550680781932,-0.001998961100781148,-0.10304654570703817,28.616715989892192
2023-02-27,7.36,7.36,7.36,7.36,0,-68.91660552702358,-0.11692335503793316,-0.02498383988821155,-0.09193951514972161,28.616715989892192
2023-02-28,7.36,7.36,7.36,7.36,0,-60.33881415047319,-0.12489690159955646,-0.044966452230480534,-0.07993044936907592,28.61671598989219
2023-03-01,7.36,7.36,7.36,7.36,0,-53.7502368770133,-0.1297206557250492,-0.06191729292939427,-0.06780336279565494,28.61671598989219
2023-03-02,7.36,7.36,7.36,7.36,0,-48.58627150400257,-0.13202165219687423,-0.07593816478289026,-0.05608348741398397,28.61671598989219
2023-03-03,7.11,7.44,7.11,7.44,3679,-51.26209717649387,-0.12593814057568942,-0.08593815994145008,-0.03999998063423933,36.893545678610295
2023-03-06,7.44,7.44,7.44,7.44,0,-9.074074074073797,-0.11973666405680472,-0.09269786076452101,-0.02703880329228371,36.8935456786103
2023-03-07,7.44,7.44,7.44,7.44,0,11.076410576723083,-0.1135134369943529,-0.09686097601048739,-0.01665246098386551,36.893545678610295
2023-03-08,7.44,7.44,7.44,7.44,0,79.7993616051086,-0.10734408887426294,-0.0989575985832425,-0.00838649029102044,36.8935456786103
2023-03-09,7.44,7.44,7.44,7.44,0,116.66666666666784,-0.10128725956223494,-0.099423530779041,-0.0018637287831939492,36.8935456786103
2023-03-10,6.94,7.6,6.94,7.44,6132,-72.86689419795182,-0.09538760970737314,-0.09861634656470743,0.003228736857334283,36.8935456786103
2023-03-13,7.44,7.44,7.44,7.44,0,93.33333333333309,-0.0896783386278388,-0.09682874497733371,0.007150406349494903,36.8935456786103
2023-03-14,7.44,7.44,7.44,7.44,0,77.77777777777818,-0.08418328762674676,-0.09429965350721632,0.01011636588046956,36.893545678610295
2023-03-15,7.44,7.44,7.44,7.44,0,66.66666666666747,-0.07891869453327871,-0.0912234617124288,0.012304767179150092,36.8935456786103
2023-03-16,7.44,7.44,7.44,7.44,0,58.333333333334004,-0.07389465499243286,-0.08775770036842961,0.013863045375996752,36.89354567861031
2023-03-17,7.44,7.44,6.86,7.11,27716,-264.78260869565145,-0.0954411236713435,-0.0892943850290124,-0.006146738642331104,18.414103416160398
2023-03-20,7.11,7.11,7.11,7.11,0,-206.74863387978127,-0.11123461196768236,-0.09368243041674638,-0.017552181550935977,18.41410341616039
2023-03-21,7.11,7.11,7.11,7.11,0,-152.2265456117591,-0.12234079667885833,-0.09941410366916878,-0.022926693009689553,18.414103416160394
2023-03-22,7.11,7.11,7.11,7.11,0,-119.35897435897377,-0.1296480263337232,-0.10546088820207966,-0.024187138131643526,18.414103416160398
2023-03-23,7.11,7.11,7.11,7.11,0,-95.81454228973789,-0.13389559342703716,-0.11114782924707116,-0.022747764179966004,18.414103416160398
2023-03-24,6.86,7.27,6.86,7.02,10965,-100.83549409392097,-0.1428770708542535,-0.11749367756850762,-0.025383393285745876,15.372310767023894
2023-03-27,7.02,7.02,7.02,7.02,0,-95.78544061302674,-0.1482856121906284,-0.12365206449293178,-0.02463354769769663,15.372310767023897
2023-03-28,7.02,7.02,7.02,7.02,0,-83.85416666666656,-0.1508332088252171,-0.12908829335938884,-0.02174491546582827,15.372310767023897
2023-03-29,7.02,7.02,7.02,7.02,0,-75.81812916304649,-0.15111029212781268,-0.1334926931130736,-0.017617599014739083,15.372310767023897
2023-03-30,7.02,7.02,7.02,7.02,0,-69.07340553549936,-0.14960532557425843,-0.13671521960531058,-0.012890105968947851,15.372310767023901
2023-03-31,7.02,7.27,6.94,7.11,20442,-24.724061810154375,-0.13954182954997219,-0.1372805415942429,-0.002261287955729274,31.712092476252106
2023-04-03,7.11,7.11,7.11,7.11,0,-13.927716912227073,-0.1300671038380674,-0.1358378540430078,0.005770750204940389,31.712092476252113
2023-04-04,7.11,7.11,7.11,7.11,0,5.608974358975342,-0.12116163949013004,-0.13290261113243224,0.0117409716423022,31.712092476252113
2023-04-05,7.11,7.11,7.11,7.11,0,47.50499001996102,-0.11280366440852507,-0.12888282178765081,0.01607915737912574,31.712092476252106
2023-04-06,7.11,7.11,7.11,7.11,0,52.49483318571118,-0.10496988148808217,-0.12410023372773708,0.01913035223965491,31.712092476252103
2023-04-07,6.94,7.36,6.86,7.02,112026,4.305043050430436,-0.10481555149072008,-0.12024329728033369,0.015427745789613603,24.781320270881004
2023-04-10,7.02,7.02,7.02,7.02,0,-86.1970217640302,-0.10350015845585592,-0.11689466951543813,0.013394511059582212,24.781320270881007
2023-04-11,7.02,7.02,7.02,7.02,0,-73.72549019607656,-0.10129009088203489,-0.11377375378875748,0.012483662906722592,24.78132027088101
2023-04-12,7.02,7.02,7.02,7.02,0,-64.6586345381507,-0.09840425342810555,-0.11069985371662709,0.012295600288521544,24.78132027088101
2023-04-13,7.02,7.02,7.02,7.02,0,-58.33333333333137,-0.09502185367442184,-0.10756425370818604,0.012542400033764195,24.781320270881015
2023-04-14,6.78,7.19,6.78,7.19,42726,-8.881199538637123,-0.07772770168877852,-0.10159694330430454,0.02386924161552602,52.928893674805764
2023-04-17,7.19,7.19,7.19,7.19,0,173.05699481865264,-0.0632923666380476,-0.09393602797105315,0.030643661333005542,52.928893674805764
2023-04-18,7.19,7.19,7.19,7.19,0,144.230769230769,-0.051261350667952676,-0.08540109251043305,0.03413974184248038,52.928893674805764
2023-04-19,7.19,7.19,7.19,7.19,0,124.29906542056074,-0.041251166068385636,-0.07657110722202357,0.03531994115363793,52.928893674805764
2023-04-20,7.19,7.19,7.19,7.19,0,105.90614886731436,-0.03293833008788827,-0.06784455179519651,0.03490622170730824,52.92889367480576
2023-04-21,7.11,7.69,7.02,7.44,52340,226.760563380283,-0.006107038877095405,-0.05549704921157629,0.049390010334480886,73.80763924733854
2023-04-24,7.44,7.44,7.44,7.44,0,192.07505518763858,0.01498422391058618,-0.0414007945871438,0.05638501849772998,73.80763924733853
2023-04-25,7.44,7.44,7.44,7.44,0,149.54248366013107,0.031337957161214014,-0.026853044237472236,0.05819100139868625,73.80763924733854
2023-04-26,7.44,7.44,7.44,7.44,0,123.7104684593278,0.043793583415566495,-0.01272371870686449,0.05651730212243099,73.80763924733854
2023-04-27,7.44,7.44,7.44,7.44,0,98.32846113484864,0.05305319277820075,0.000431663590148559,0.05262152918805219,73.80763924733854
2023-04-28,7.52,7.85,7.44,7.69,12316,151.0602534264293,0.0796462976317951,0.016274590398477867,0.06337170723331723,84.053361265881
2023-05-04,7.69,7.69,7.69,7.69,0,134.17508417508478,0.09957370117655628,0.03293441255409355,0.06663928862246274,84.053361265881
2023-05-05,8.43,8.43,8.18,8.43,78200,271.1934156378601,0.17308293527941387,0.06096411709915762,0.11211881818025626,93.19350057336915
2023-05-08,8.26,9.17,8.26,8.93,2904,248.4615902511286,0.2685892248439963,0.10248913864812535,0.1661000861958709,95.19677210776578
2023-05-09,8.35,8.93,8.35,8.51,6520,155.19442832269345,0.30685097051603005,0.1433615050217063,0.16348946549432375,75.1804275488999
2023-05-10,8.51,8.51,8.26,8.51,2601,100.44627531754259,0.3333312445267005,0.18135545292270513,0.15197579160399535,75.18042754889989
2023-05-11,8.26,9.34,8.18,8.26,26269,98.95247546587281,0.33033623134957146,0.2111516086080784,0.11918462274149305,65.65105434585908
2023-05-12,8.1,8.68,7.6,8.35,8920,40.44193447178512,0.3314046827766113,0.23520222344178499,0.0962024593348263,67.25994360311994
2023-05-15,8.35,8.35,8.18,8.26,3006,39.32639920752872,0.32128560987441634,0.25241890072831125,0.0688667091461051,64.03009921267235
2023-05-16,8.02,8.02,7.93,7.93,1944,-9.24521487901732,0.2833714005080301,0.25860940068425503,0.024761999823775083,53.82405139890803
2023-05-17,7.93,7.93,7.93,7.93,25400,-20.75730822052154,0.25043723191034406,0.25697496692947286,-0.006537735019128799,53.82405139890803
2023-05-18,7.93,7.93,7.85,7.93,28332,-33.33333333333308,0.22178012281631254,0.2499359981068408,-0.028155875290528265,53.824051398908026
2023-05-19,7.85,8.1,7.85,8.1,2300,-22.92718096611372,0.21036181657094488,0.24202116179966163,-0.031659345228716745,58.11919309735628
2023-05-22,8.51,8.51,8.02,8.26,1400,17.55909310178537,0.21178209724399366,0.23597334888852803,-0.024191251644534367,61.72750590098106
2023-05-23,8.26,8.26,8.26,8.26,2000,7.797602190125574,0.2104813815634019,0.2308749554235028,-0.020393573860100905,61.72750590098106
2023-05-24,8.26,8.26,7.93,8.26,416,-37.55147468002264,0.20706365410352578,0.2261126951595074,-0.019049041055981625,61.72750590098105
2023-05-25,8.26,8.26,8.26,8.26,653,0.48259220958331983,0.2020262476423298,0.2212954056560719,-0.0192691580137421,61.72750590098105
2023-05-26,8.1,8.26,8.1,8.26,13700,-4.275996112731365,0.19577726824803232,0.21619177817446397,-0.02041450992643165,61.72750590098106
2023-05-29,8.1,8.35,8.1,8.35,54287,33.84518466020942,0.19582975142061354,0.2121193728236939,-0.01628962140308035,64.23798744965409
2023-05-30,8.35,8.68,8.35,8.6,24944,151.81488203266784,0.21358221257952437,0.21241194077485998,0.0011702718046643912,70.10425461138476
2023-05-31,8.6,8.6,8.43,8.43,4587,134.90269930947898,0.21149559710483068,0.2122286720408541,-0.0007330749360234257,62.586098153086944
2023-06-01,8.43,9.09,8.43,9.01,59207,221.78910544727563,0.25371838444397454,0.2205266145214782,0.03319176992249634,73.16136200036496
2023-06-02,9.09,9.5,9.09,9.09,13474,229.58333333333408,0.29028930461630686,0.23447915254044394,0.05581015207586293,74.24280456509469
2023-06-05,9.17,9.59,9.09,9.09,85630,169.7914557602751,0.315633594727208,0.25071004097779676,0.06492355374941122,74.24280456509467
2023-06-06,9.5,9.83,9.34,9.67,28430,177.1286719073233,0.3781610745038151,0.27620024768300044,0.10196082682081464,80.76106139657148
2023-06-07,9.59,9.59,9.09,9.09,52216,95.93645442239426,0.37657250652817886,0.2962746994520361,0.08029780707614276,63.46485463490254
2023-06-08,9.5,9.5,9.09,9.09,44448,76.23727972201547,0.3710364774130426,0.3112270550442374,0.059809422368805154,63.46485463490254
2023-06-09,9.17,9.5,9.09,9.09,19725,65.36284096757626,0.3624707967397818,0.3214758033833463,0.04099499335643547,63.464854634902544
2023-06-12,9.26,9.34,9.09,9.17,15000,53.671284315217996,0.3580108384146943,0.3287828103896159,0.0292280280250784,64.76484773263269
2023-06-13,9.17,9.17,8.93,8.93,14956,18.034086405073477,0.3312913743319079,0.3292845231780743,0.002006851153833644,58.08729539512997
2023-06-14,8.93,9.26,8.93,8.93,9689,15.799915438904597,0.3065819209983065,0.32474400274212073,-0.01816208174381423,58.087295395129956
2023-06-15,9.09,9.26,9.09,9.09,16000,28.895594447797457,0.29649238438653214,0.319093679071003,-0.022601294684470863,61.18180210851308
2023-06-16,9.09,9.17,8.93,9.01,10724,-13.182674199623314,0.2788268798116462,0.31104031921913167,-0.032213439407485445,58.84247288450487
2023-06-19,8.93,9.01,8.76,8.76,13336,-89.33710780844505,0.24186585053147525,0.2972054254816004,-0.05533957495012515,52.133984052647534
2023-06-20,8.76,9.09,8.68,9.01,7274,-87.72845953002559,0.23009449311217978,0.2837832390077163,-0.053688745895536516,57.36820538980732
2023-06-21,8.84,9.01,8.84,9.01,13000,-84.56448137888582,0.21824976016985786,0.2706765432401446,-0.05242678307028675,57.36820538980732
2023-06-22,9.01,9.01,8.84,8.84,5780,-92.49249249249215,0.19292126843248525,0.25512548827861276,-0.062204219846127506,52.81361836420642
2023-06-23,9.01,9.01,8.84,9.01,9341,-60.10101010100916,0.1844397291119506,0.24098833644528034,-0.056548607333329726,56.530250369908316
2023-06-26,8.93,8.93,8.68,8.68,38300,-141.54228855721271,0.1493679848680909,0.22266426612984244,-0.07329628126175156,48.538072914874725
2023-06-27,8.68,8.68,8.51,8.51,33230,-196.86274509803832,0.10662666974976176,0.1994567468538263,-0.09283007710406455,45.00792528363207
2023-06-28,8.51,8.51,8.43,8.51,22695,-188.34618680377122,0.07192476565705519,0.1739503506144721,-0.1020255849574169,45.00792528363207
2023-06-29,8.51,8.51,8.51,8.51,6600,-139.8652550529355,0.0439170087108387,0.1479436822337454,-0.1040266735229067,45.00792528363207
2023-06-30,8.51,8.51,8.51,8.51,7100,-113.30935251798547,0.021473130662254647,0.12264957191944725,-0.1011764412571926,45.00792528363207
2023-07-03,8.93,8.93,8.51,8.51,2500,-53.78921395840679,0.003644187682169786,0.09884849507199175,-0.09520430738982197,45.00792528363207
2023-07-04,8.68,8.68,8.6,8.6,400,-52.72879932829574,-0.0031863994125664874,0.0784415161750801,-0.0816279155876466,47.912996079067966
2023-07-05,8.93,8.93,8.6,8.6,19022,-14.100719424461197,-0.00850168674419649,0.061052875591224784,-0.06955456233542127,47.91299607906796
2023-07-06,8.76,8.93,8.51,8.6,12300,-18.09123462556486,-0.01256920033172193,0.04632846040663544,-0.05889766073835737,47.91299607906795
2023-07-07,8.6,8.68,8.6,8.6,23980,-36.883916990920966,-0.015612759976287194,0.03394021633005091,-0.049552976306338106,47.91299607906795
2023-07-10,8.76,8.76,8.51,8.6,5764,-31.864904552129637,-0.017819392062754957,0.02358829465148974,-0.0414076867142447,47.912996079067966
2023-07-11,8.68,9.01,8.6,9.01,43858,112.3809523809516,0.013361387836027916,0.021542913288397376,-0.00818152545236946,61.37684263176354
2023-07-12,8.68,8.76,8.6,8.76,33800,28.71553463348819,0.017695487325545045,0.02077342809582691,-0.003077940770281864,52.47056284331414
2023-07-13,9.01,9.01,8.6,8.6,18249,70.83333333333218,0.008125958580004422,0.01824393419266241,-0.010117975612657988,47.699948014471836
2023-07-14,8.76,8.76,8.6,8.68,53751,32.82364933740991,0.006917627413782768,0.015978672836886483,-0.009061045423103715,50.14089205251893
2023-07-17,8.6,8.6,8.6,8.6,25313,-38.90641430073639,-0.0004896705359787035,0.012685004162313445,-0.013174674698292149,47.74131467037217
2023-07-18,8.6,8.68,8.51,8.6,30200,-54.639865996651295,-0.006287528809597376,0.00889049756793128,-0.015178026377528657,47.74131467037218
2023-07-19,8.68,8.76,8.6,8.6,29378,-10.238645111622546,-0.01075835761303523,0.004960726531737978,-0.01571908414477321,47.74131467037217
2023-07-20,8.6,8.68,8.6,8.6,29800,-56.72360928602575,-0.01413854134663417,0.001140872956063548,-0.01527941430269772,47.74131467037218
2023-07-21,8.6,8.68,8.43,8.68,31720,-85.0844664194477,-0.01024394408553242,-0.0011360904522556459,-0.009107853633276774,50.90175370524776
2023-07-24,8.6,9.5,8.6,9.5,124839,333.54080221300364,0.058337224071577154,0.010758572452510915,0.04757865161906624,70.55702862404921
2023-07-25,9.59,10.0,9.5,9.5,47760,294.4219523166897,0.11140409685481956,0.030887677332972645,0.0805164195218469,70.5570286240492
2023-07-26,9.42,9.42,8.76,9.34,45900,101.27546164096792,0.13894761146442924,0.052499664159263965,0.08644794730516528,64.696096182745
2023-07-27,9.26,9.42,9.01,9.34,22900,98.93639382856263,0.15894383958917224,0.07378849924524562,0.08515534034392662,64.696096182745
2023-07-28,9.42,9.42,8.68,9.17,21470,48.220502109187116,0.15923782071722847,0.0908783635396422,0.06835945717758628,58.688788423711514
2023-07-31,9.17,9.17,8.68,9.17,34531,25.085419149781746,0.1576534717922904,0.10423338519017183,0.053420086602118555,58.688788423711514
2023-08-01,8.93,9.92,8.84,9.59,37100,106.68708524757568,0.18811982552013262,0.12101067325616399,0.06710915226396863,67.37013064685004
2023-08-02,9.59,9.59,8.93,9.34,33500,62.67071320182116,0.1899026402582411,0.13478906665657941,0.05511357360166169,59.37220236922065
2023-08-03,9.42,9.42,8.93,9.26,52560,38.83583447021371,0.18275353339769218,0.14438196000480197,0.03837157339289021,57.03866825448303
2023-08-04,9.34,9.34,8.93,9.26,57710,26.54281715230938,0.17506971994970755,0.15051951199378308,0.02455020795592447,57.03866825448303
2023-08-07,9.5,9.5,9.09,9.26,19802,47.16639773116259,0.16705454166482347,0.15382651792799115,0.013228023736832323,57.03866825448303
2023-08-08,9.34,9.34,9.09,9.34,42608,33.09455587392546,0.16525285449957572,0.15611178524230807,0.009141069257267653,59.04891981200379
2023-08-09,9.34,9.42,9.09,9.34,13151,33.93344244408142,0.1619580528231026,0.15728103875846697,0.004677014064635637,59.04891981200379
2023-08-10,9.34,9.34,9.09,9.34,21800,0.16136468418559863,0.15753097968258345,0.15733102694329026,0.00019995273929318547,59.048919812003774
2023-08-11,9.34,9.34,9.01,9.09,29400,-68.76379690949238,0.13232423030260243,0.1523296676151527,-0.020005437312550278,49.93009031791007
2023-08-14,9.09,9.17,9.01,9.17,34555,-77.77777777777861,0.11744915052851468,0.1453535641978251,-0.02790441366931043,52.460088274927244
2023-08-15,9.09,9.09,8.68,9.01,17319,-176.60192007144437,0.09169290112683726,0.13462143158362755,-0.04292853045679029,47.31110872159178
2023-08-16,9.01,9.17,8.84,9.17,14619,-75.87230883444671,0.08323210286481952,0.12434356583986594,-0.04111146297504642,52.347951645140654
2023-08-17,9.09,9.17,9.09,9.09,1804,-42.4792139077846,0.06927299194312653,0.11332945106051806,-0.04405645911739153,49.78526863275339
2023-08-18,9.09,9.09,8.76,8.76,9000,-175.86139003740828,0.03122214444672089,0.09690798973775863,-0.06568584529103774,40.89232335311535
2023-08-21,8.76,8.76,8.6,8.6,3244,-225.7952286282289,-0.011709113784897696,0.07518456903322737,-0.08689368281812507,37.40372959081631
2023-08-22,8.6,8.68,8.43,8.68,3245,-178.47383346223137,-0.03882951138762003,0.05238175294905789,-0.09121126433667792,40.152928756203785
2023-08-23,8.68,8.68,8.6,8.6,8029,-127.88205211903491,-0.06601695097507942,0.028702012164230427,-0.09471896313930986,38.33954634686389
2023-08-24,8.6,8.76,8.6,8.76,7173,-84.68196457326898,-0.07380178881739141,0.008201251967906057,-0.08200304078529747,43.80566879483314
2023-08-25,8.84,9.09,8.76,8.76,18705,-29.166666666666753,-0.07905997471871729,-0.009250993369418613,-0.06980898134929867,43.805668794833146
2023-08-28,8.76,8.76,8.76,8.76,4662,-55.443208628243895,-0.08227866766455705,-0.0238565282284463,-0.05842213943611075,43.80566879483314
2023-08-29,8.68,8.76,8.43,8.6,14605,-97.49647390691142,-0.09662631977124647,-0.038410486537006336,-0.058215833234240136,39.43897888352463
2023-08-30,8.6,8.76,8.6,8.76,6041,-50.40650406504116,-0.0940026703417729,-0.049528923297959646,-0.04447374704381325,45.31001223072828
2023-08-31,8.68,8.84,8.68,8.84,32028,-11.759504862952557,-0.08449408266521274,-0.05652195517141027,-0.027972127493802477,48.023234041100814
2023-09-05,9.09,9.09,8.76,8.84,2461,48.348348348348416,-0.07608143895662245,-0.0604338519284527,-0.01564758702816975,48.02323404110081
2023-09-06,8.76,8.76,8.51,8.68,33345,-64.39665471923553,-0.08138684415409259,-0.06462445037358068,-0.016762393780511906,43.067310606788375
2023-09-07,8.68,8.76,8.51,8.68,21279,-57.368006304177335,-0.08461601524437157,-0.06862276334773885,-0.015993251896632713,43.067310606788375
2023-09-08,8.68,8.68,8.6,8.68,18347,-48.41551610782266,-0.08618170752029464,-0.07213455218225001,-0.014047155338044626,43.067310606788375
2023-09-11,8.68,8.68,8.43,8.51,1440,-124.23738214087726,-0.0999875153430807,-0.07770514481441615,-0.022282370528664552,37.879749013095456
2023-09-12,8.51,8.68,8.43,8.68,4200,-71.6945996275618,-0.09610331901799007,-0.08138477965513094,-0.014718539362859134,45.012603359258456
2023-09-13,8.51,8.51,8.51,8.51,101,-126.7468069120971,-0.10552620430154747,-0.08621306458441425,-0.01931313971713322,40.059063829120184
2023-09-14,8.51,8.51,8.43,8.43,1244,-140.88050314465474,-0.11808799528665226,-0.09258805072486184,-0.025499944561790416,37.942953144757865
2023-09-15,8.26,8.43,8.26,8.35,5653,-169.5736434108537,-0.13296588856231395,-0.10066361829235226,-0.032302270269961686,35.90063054096827
2023-09-18,8.43,8.51,8.26,8.51,2000,-106.47580095432758,-0.13034354410806337,-0.10659960345549449,-0.02374394065256888,42.55985180398326
2023-09-19,8.43,8.43,8.35,8.43,900,-102.17432406882125,-0.13318537059994107,-0.11191675688438381,-0.021268613715557258,40.30517062511765
2023-09-20,8.43,8.43,8.1,8.35,3069,-129.37181663837094,-0.14027585721779268,-0.11758857695106559,-0.02268728026672709,38.12979534014565
2023-09-21,8.43,8.43,7.85,8.26,38573,-150.54095826893348,-0.15141198368798747,-0.12435325829844997,-0.027058725389537505,35.78952227977844
2023-09-22,7.93,8.26,7.52,8.26,20310,-180.364656381487,-0.15841137640750702,-0.13116488192026138,-0.027246494487245643,35.78952227977844
2023-09-25,8.26,8.26,7.44,7.93,5610,-189.4082147915508,-0.18841475957627551,-0.1426148574514642,-0.045799902124811304,28.381825704948444
2023-09-26,8.02,8.1,7.93,7.93,503,-120.3896540141083,-0.20977450696404354,-0.1560467873539801,-0.05372771961006345,28.381825704948444
2023-09-27,8.02,8.02,7.93,7.93,252,-106.13425925925955,-0.22411875911156365,-0.1696611817054968,-0.054457577406066854,28.381825704948444
2023-09-28,7.93,8.02,7.77,7.93,5540,-101.64248286981116,-0.23280307336832173,-0.1822895600380618,-0.05051351333025994,28.381825704948437
2023-09-29,7.6,7.77,7.6,7.77,9510,-131.17435394177303,-0.24971752957098658,-0.19577515394464676,-0.05394237562633983,25.006436428557855
2023-10-02,8.02,8.02,7.69,7.69,748,-92.72486772486768,-0.26650557896542715,-0.20992123894880282,-0.056584340016624324,23.501449022851745
2023-10-03,7.69,7.77,7.44,7.77,4320,-115.56760871633846,-0.2702397421210101,-0.22198493958324428,-0.04825480253776582,28.15779654975788
2023-10-04,7.77,7.77,7.44,7.77,2822,-105.93829033889722,-0.2700857133440904,-0.23160509433541349,-0.038480619008676886,28.157796549757887
2023-10-05,7.69,7.69,7.69,7.69,1900,-87.61203585147213,-0.2732689020420125,-0.23993785587673327,-0.03333104616527921,26.301121857426956
2023-10-06,7.44,7.69,7.44,7.69,10200,-103.38885033541528,-0.2726486777792232,-0.24648002025723126,-0.026168657521991934,26.301121857426963
2023-10-09,8.1,8.1,8.1,8.1,170,80.9132420091327,-0.23634908694336954,-0.2444538335944589,0.008104746651089373,47.052462313136154
2023-10-10,8.1,8.1,7.93,7.93,2700,51.989939340139536,-0.21877705324640928,-0.23931847752484897,0.02054142427843969,41.797330949533176
2023-10-11,7.85,8.1,7.85,8.1,200,75.00791389680258,-0.1889553510251849,-0.22924585222491617,0.040290501199731266,48.046223104253166
2023-10-12,8.26,8.26,7.93,8.02,2000,95.62664194096799,-0.16981919856097694,-0.2173605214921283,0.047541322931151375,45.56688790546332
2023-10-13,8.02,8.02,8.02,8.02,100,64.40653251676919,-0.15289122499430707,-0.20446666219256407,0.051575437198256996,45.56688790546332
2023-10-16,7.77,7.93,7.52,7.93,3900,-27.353094123764762,-0.14506570467860502,-0.19258647068977225,0.047520766011167226,42.69247462587948
2023-10-17,8.02,8.02,8.02,8.02,1200,67.88062721294908,-0.13010194141497866,-0.18008956483481353,0.04998762341983487,46.337931263795674
2023-10-18,7.69,7.93,7.69,7.93,3100,-2.684365781710294,-0.1240750392407417,-0.16888665971599917,0.04481162047525747,43.36705287708648
2023-10-19,7.85,7.85,7.85,7.85,500,-7.315551396038166,-0.12432091315846794,-0.15997351040449292,0.035652597246024986,40.859373015309494
2023-10-20,7.52,7.77,7.44,7.77,4820,-84.85785830019117,-0.12947855325744495,-0.15387451897508334,0.024395965717638385,38.46411339841235
2023-10-23,7.77,8.1,7.52,8.1,9436,15.367606412382527,-0.10571911398162914,-0.1442434379763925,0.038524323994763354,51.178157092323396
2023-10-24,8.1,8.1,8.02,8.02,3374,70.92868988391393,-0.09228115883411991,-0.13385098214793797,0.04156982331381806,48.5588617771858
2023-10-25,8.02,8.02,7.85,7.85,1700,-5.533596837944544,-0.09426246282015693,-0.12593327828238177,0.03167081546222483,43.46777130999534
2023-10-26,7.85,7.85,7.27,7.77,3636,-161.79024716098797,-0.10112231679417238,-0.12097108598473989,0.01984876919056751,41.27470365870524
2023-10-27,7.73,8.0,7.73,8.0,2262,3.3011789924977526,-0.08699687683883628,-0.11417624415555917,0.027179367316722894,49.20877142878181
2023-10-30,8.0,8.0,8.0,8.0,2648,59.041533546326335,-0.07493851930301787,-0.10632869918505092,0.03139017988203305,49.20877142878181
2023-10-31,8.0,8.0,8.0,8.0,3000,60.26838432635556,-0.06463708796523271,-0.09799037694108728,0.03335328897585457,49.20877142878181
2023-11-01,8.0,8.0,7.73,7.91,10300,-7.49011397999495,-0.06300904816536956,-0.09099411118594374,0.027985063020574172,46.160787837257445
2023-11-02,7.73,8.0,7.73,8.0,500,19.765117441279727,-0.05383597939721074,-0.08356248482819714,0.0297265054309864,49.527526267907895
2023-11-03,8.0,8.0,8.0,8.0,0,76.97039600153818,-0.046035586722474875,-0.0760571052070527,0.03002151848457782,49.527526267907895
2023-11-06,7.73,8.09,7.73,8.09,433,58.74901029295317,-0.032220058709818034,-0.06728969590760576,0.03506963719778773,52.940459039252495
2023-11-07,7.82,7.82,7.82,7.82,217,-54.23858841580315,-0.04256720845819473,-0.062345198417723555,0.019777989959528827,43.44853563906495
2023-11-08,7.82,7.91,7.82,7.91,1001,-11.084718923198693,-0.043009366141872896,-0.058478031962553426,0.01546866582068053,46.8682073808527
2023-11-09,8.18,8.18,7.73,7.91,1810,25.4802831142578,-0.042865650752824,-0.05535555572060754,0.012489904967783537,46.8682073808527
2023-11-10,7.73,7.82,7.73,7.73,1318,-122.23185891876072,-0.05662353014028909,-0.05560915060454385,-0.0010143795357452426,41.10301730037021
2023-11-13,7.73,7.73,7.18,7.64,5045,-221.12403100775052,-0.07393670025707433,-0.05927466053504994,-0.014662039722024386,38.54966586638995
2023-11-14,7.64,7.82,7.55,7.73,5500,-85.07991195329629,-0.0794790791205724,-0.06331554425215444,-0.016163534868417956,42.40287331975766
2023-11-15,7.73,7.73,7.64,7.73,2700,-92.93665249949397,-0.08291565425156833,-0.06723556625203722,-0.015680087999531106,42.40287331975765
2023-11-16,7.45,7.64,7.27,7.45,5872,-174.2715337816203,-0.10699940224022253,-0.07518833344967428,-0.03181106879054825,34.57938708401409
2023-11-17,7.45,7.64,7.36,7.64,8019,-106.59845788849367,-0.10949237400067613,-0.08204914155987465,-0.027443232440801477,42.35203933592776
2023-11-20,7.36,7.55,7.36,7.45,4012,-122.01388888888896,-0.1253544758186873,-0.09071020841163718,-0.03464426740705012,37.547808104188874
2023-11-21,7.55,7.55,7.45,7.45,2315,-92.49084249084248,-0.13635350743315566,-0.09983886821594087,-0.03651463921721479,37.54780810418887
2023-11-22,7.64,7.64,7.36,7.55,2904,-69.38183735336798,-0.13543988824297326,-0.10695907222134735,-0.028480816021625915,41.592051571385596
2023-11-23,7.55,7.55,7.36,7.55,1425,-69.54851104707006,-0.13318061522225566,-0.112203380821529,-0.020977234400726658,41.59205157138559
2023-11-24,7.36,7.55,7.27,7.45,701,-84.97942386831292,-0.13787000969066998,-0.11733670659535719,-0.020533303095312788,38.6865633102661
2023-11-27,7.27,7.45,7.09,7.45,6625,-112.79620853080613,-0.13997286849423496,-0.12186393897513274,-0.018108929519102215,38.6865633102661
2023-11-28,7.45,7.45,7.45,7.45,1000,-55.12405609492971,-0.14002527503840412,-0.125496206187787,-0.01452906885061711,38.6865633102661
2023-11-29,7.36,7.45,7.27,7.45,1200,-89.74358974359015,-0.13847060466658956,-0.1280910858835475,-0.010379518783042052,38.686563310266095
2023-11-30,7.73,7.91,7.27,7.27,9500,-11.027095148078079,-0.15003351984916602,-0.1324795726766712,-0.01755394717249481,33.09005106701282
2023-12-01,7.27,7.45,7.27,7.45,6110,-86.48318042813503,-0.14302402582014118,-0.1345884633053652,-0.00843556251477598,42.108948145664456
2023-12-04,7.27,7.55,7.27,7.55,9034,-14.033018867924321,-0.1279251455886241,-0.13325579976201699,0.005330654173392874,46.42914456032611
2023-12-05,7.36,7.45,7.27,7.45,5288,-85.30465949820723,-0.12261491012987236,-0.13112762183558807,0.008512711705715714,42.975352531127974
2023-12-06,7.27,7.45,7.27,7.45,10001,-71.66900420757302,-0.1170571483302254,-0.12831352713451555,0.011256378804290146,42.975352531127974
2023-12-07,7.36,7.45,7.36,7.45,254,-20.48417132215929,-0.11136879195351934,-0.1249245800983163,0.013555788144796965,42.975352531127974
2023-12-08,7.36,7.36,7.27,7.27,18540,-165.2173913043476,-0.12000191682130179,-0.1239400474429134,0.003938130621611607,36.818021496785505
2023-12-11,7.27,7.36,7.27,7.36,7100,-105.73643410852713,-0.11821873069980615,-0.12279578409429195,0.004577053394485803,41.34330054550004
2023-12-12,7.36,7.36,7.36,7.36,200,-58.333333333331794,-0.11547442555390663,-0.1213315123862149,0.0058570868323082614,41.34330054550004
2023-12-13,7.36,7.45,7.27,7.45,6003,-5.392592592592092,-0.1048288938805797,-0.11803098868508785,0.013202094804508152,45.8419727227788
2023-12-14,7.55,7.55,7.36,7.36,700,52.6814814814816,-0.10247323352249627,-0.11491943765256954,0.012446204130073274,42.34454402857531
2023-12-15,7.36,7.36,7.36,7.36,4300,-63.950617283949,-0.0994598445408359,-0.11182751903022281,0.012367674489386915,42.344544028575314
2023-12-18,7.36,7.45,7.27,7.27,7100,-104.3859649122799,-0.10314496890516622,-0.11009100900521149,0.006946040100045264,38.90238329781385
2023-12-19,7.36,7.36,7.27,7.27,5100,-124.2232754081075,-0.1048567333626309,-0.10904415387669537,0.004187420514064469,38.90238329781384
2023-12-20,7.45,7.45,7.45,7.45,100,117.2470978441131,-0.09064393647474578,-0.10536411039630546,0.014720173921559679,48.59495065613748
2023-12-21,7.45,7.45,7.45,7.45,0,101.21765601217663,-0.07847557496458268,-0.0999864033099609,0.021510828345378222,48.59495065613747
2023-12-22,7.36,7.45,7.36,7.45,6212,63.568376068377056,-0.06804764985018608,-0.09359865261800594,0.025551002767819866,48.594950656137485
2023-12-25,7.45,7.82,7.45,7.64,6790,267.9604261796022,-0.043945456101297964,-0.08366801331466435,0.039722557213366386,57.48648512890657
2023-12-26,7.64,7.64,7.36,7.64,11300,132.19567690557435,-0.024561168051868698,-0.07184664426210521,0.047285476210236516,57.48648512890657
2023-12-27,7.64,7.64,7.64,7.64,0,167.10093433346424,-0.009094148434203753,-0.05929614509652492,0.05020199666232117,57.48648512890657
2023-12-28,7.82,7.82,7.27,7.64,23308,97.30941704035828,0.003127523897974882,-0.046811411297624964,0.049938935195599846,57.48648512890659
2023-12-29,7.45,7.55,7.45,7.55,1550,44.02515723270422,0.005487779726342623,-0.03635157309283145,0.04183935281917407,51.78009545754032
2024-01-02,7.55,7.55,7.55,7.55,211,57.598220904373164,0.007274444210375819,-0.027626369632189993,0.03490081384256581,51.78009545754032
2024-01-03,7.73,7.73,7.36,7.64,47237,65.98812553011007,0.01577084009717833,-0.018946927686316326,0.034717767783494655,56.758249207699706
2024-01-04,7.45,7.73,7.45,7.73,18988,93.49537037037025,0.029427323027326757,-0.009272077543587708,0.03869940057091446,61.08483678517129
2024-01-05,7.64,7.64,7.45,7.64,4104,46.31043256997445,0.032612005402487654,-0.0008952609543726349,0.033507266356860285,55.143042184121235
2024-01-08,7.64,7.73,7.64,7.73,1400,130.18262930433534,0.04191496731576283,0.007666784699654457,0.034248182616108375,59.396413489356036
2024-01-09,7.64,7.64,7.64,7.64,200,75.68221070811619,0.041546462064729894,0.014442720172669544,0.02710374189206035,53.893133612366306
2024-01-10,7.45,7.64,7.45,7.55,4800,-29.681978798587792,0.033604795989820246,0.018275135336099684,0.015329660653720562,49.0035323148425
2024-01-11,7.73,8.0,7.55,7.55,21800,124.35452793834133,0.026999732301617563,0.02002005472920326,0.0069796775724143036,49.0035323148425
2024-01-12,7.55,7.64,7.55,7.55,17527,-29.449838187704422,0.021517135596597292,0.020319470902682067,0.001197664693915225,49.00353231484251
2024-01-15,7.55,7.55,7.55,7.55,3278,-62.54970760233995,0.01697644432518075,0.019650865587181803,-0.0026744212620010525,49.0035323148425
2024-01-16,7.55,7.55,7.55,7.55,636,-63.09859154929642,0.013225458920793187,0.01836578425390408,-0.005140325333110894,49.0035323148425
2024-01-17,7.55,7.55,7.45,7.45,1908,-139.47491795593058,0.002158727234498059,0.015124372850022877,-0.012965645615524818,42.759645587287274
2024-01-18,7.55,7.55,7.45,7.45,7230,-120.06912940159874,-0.006536389924104213,0.010792220295197458,-0.017328610219301672,42.75964558728727
2024-01-19,7.55,7.55,7.27,7.27,2520,-215.09433962264112,-0.027633289237265046,0.003107118388704958,-0.030740407625970002,33.77558975464189
2024-01-22,7.45,7.45,7.36,7.36,3800,-148.02981895633644,-0.03666780249700885,-0.0048478657884378044,-0.03181993670857104,40.50634340442386
2024-01-23,7.36,7.45,7.36,7.45,9858,-99.7542997542995,-0.03614877097689817,-0.011108046826129876,-0.025040724150768294,46.375717288825896
2024-01-24,7.36,7.36,7.0,7.27,22700,-193.45895603205665,-0.04968914490300147,-0.018824266441504194,-0.030864878461497276,38.24837145055942
2024-01-25,7.36,7.36,7.36,7.36,502,-82.94075660242717,-0.05255195473224994,-0.025569804099653343,-0.026982150632596597,43.57311688473287
2024-01-26,7.27,7.36,7.27,7.36,7500,-87.35343383584645,-0.0541960142311515,-0.03129504612595298,-0.022900968105198524,43.57311688473287
2024-01-29,7.36,7.36,7.36,7.36,1290,-58.75190258751912,-0.054866476639337414,-0.03600933222862986,-0.01885714441070755,43.57311688473287
2024-01-30,7.45,7.45,7.45,7.45,1532,3.4229828850861144,-0.04758702152735417,-0.03832487008837472,-0.009262151438979446,49.05928966454924
2024-01-31,7.45,7.45,7.45,7.45,90,19.161676646707594,-0.04134144249058824,-0.03892818456881743,-0.0024132579217708144,49.05928966454924
2024-02-01,7.45,7.45,7.36,7.36,10200,-22.37288135593137,-0.04315654219123477,-0.0397738560933009,-0.003382686097933872,44.08795766826684
2024-02-02,7.55,7.55,7.36,7.36,9403,20.492866407263325,-0.04408681640466128,-0.04063644815557298,-0.003450368249088301,44.08795766826683
2024-02-05,7.36,7.36,7.36,7.36,0,-39.65141612200317,-0.0443132498607115,-0.04137180849660068,-0.002941441364110821,44.08795766826683
2024-02-06,7.36,7.36,7.36,7.36,44,-31.15577889447181,-0.04398566068968979,-0.0418945789352185,-0.0020910817544712856,44.08795766826684
2024-02-07,7.36,7.45,7.27,7.45,16010,23.78167641325508,-0.03604825423729707,-0.04072531399563421,0.00467705975833714,50.7945709954871
2024-02-15,7.45,7.55,7.45,7.45,6200,142.87812041115973,-0.029418682182147826,-0.03846398763293694,0.009045305450789111,50.7945709954871
2024-02-16,7.45,7.64,7.45,7.64,5200,199.65909090909196,-0.008732622228032838,-0.032517714551956116,0.023785092323923278,61.96483970398574
2024-02-19,7.64,7.73,7.45,7.73,12437,192.3976608187136,0.014753409043459342,-0.023063489832873024,0.03781689887633237,65.9123335476787
2024-02-20,7.55,7.55,7.55,7.55,130,100.54545454545467,0.018627041418065815,-0.014725383582685254,0.03335242500075107,53.870289782533106
2024-02-21,7.45,7.45,7.45,7.45,5942,6.101694915254463,0.013472456624175067,-0.00908581554131319,0.022558272165488256,48.562136258995714
2024-02-22,7.64,7.64,7.64,7.64,100,145.7337883959049,0.024437127151762716,-0.002381227002698008,0.026818354154460725,57.19288390074932
2024-02-23,7.64,7.64,7.45,7.55,4500,56.44520159000597,0.025569708024923976,0.0032089600028263887,0.022360748022097587,52.68353351575574
2024-02-26,7.64,7.64,7.45,7.45,3212,24.71751412429336,0.018188457050620777,0.006204859412385267,0.01198359763823551,48.14165822469396
2024-02-27,7.64,7.64,7.55,7.55,5756,68.53932584269678,0.020175357773880798,0.008998959084684373,0.011176398689196424,52.54726973712223
2024-02-28,7.55,7.55,7.55,7.55,1701,38.160136286201485,0.021502127767615065,0.011499592821270511,0.010002534946344553,52.54726973712223
2024-02-29,7.55,7.55,7.45,7.45,29268,-22.444041137325538,0.014319373457661655,0.01206354894854874,0.002255824509112915,47.83428309443061
2024-03-01,7.55,7.55,7.55,7.55,2700,28.706624605679266,0.016505883631258378,0.012952015885090668,0.0035538677461677097,52.42913757146491
2024-03-04,7.55,7.64,7.45,7.64,10046,49.5040965933606,0.0252103473441192,0.015403682176896374,0.009806665167222825,56.17090092881676
2024-03-05,7.45,7.45,7.45,7.45,1700,-130.1541425818866,0.01658609130896238,0.015640164003309576,0.0009459273056528043,47.64985924716429
2024-03-06,7.55,7.55,7.45,7.45,29154,-82.9479768786114,0.009640180269350651,0.014440167256517792,-0.004799986987167141,47.64985924716429
2024-03-07,7.55,7.64,7.45,7.64,3158,49.22928709056019,0.019245062728122875,0.015401146350838809,0.003843916377284066,55.482089384140934
2024-03-08,7.45,7.55,7.45,7.55,3244,-25.64102564102556,0.019371451404048834,0.016195207361480814,0.0031762440425680202,51.547926147039405
2024-03-11,7.45,7.64,7.45,7.64,4200,61.422087745841345,0.026429203769471776,0.018242006643079005,0.008187197126392771,54.98538708305265
2024-03-12,7.45,7.64,7.45,7.64,18780,54.99711149624651,0.031657594326205185,0.02092512417970424,0.010732470146500944,54.98538708305265
2024-03-13,7.36,7.45,7.36,7.45,5459,-166.24999999999662,0.020236446251551854,0.020787388594073763,-0.0005509423425219089,46.84780940240083
2024-03-14,7.45,7.55,7.45,7.45,43902,-59.6858638743452,0.011057638543473303,0.018841438583953672,-0.0077838000404803695,46.84780940240081
2024-03-15,7.45,7.45,7.36,7.36,923,-153.22513524760606,-0.003439235171328825,0.014385303832897173,-0.017824539004226,43.325333353624934
2024-03-18,7.36,7.45,7.18,7.45,8401,-152.6041666666665,-0.007578503920290025,0.009992542282259733,-0.017571046202549758,47.57072079735631
2024-03-19,7.45,7.45,7.27,7.27,407,-152.5641025641031,-0.025094130388332303,0.0029752077481413246,-0.028069338136473627,40.96191109918881
2024-03-20,7.55,7.55,7.27,7.45,1000,-52.04788909892881,-0.024172252203598532,-0.0024542842422066473,-0.021717967961391884,48.64523195707224
2024-03-21,7.45,7.55,7.45,7.55,14800,37.67833981841775,-0.01519730773175798,-0.005002888940116914,-0.010194418791641067,52.35499550633394
2024-03-22,7.36,7.36,7.27,7.27,15560,-139.01156677181834,-0.030328649724113532,-0.010068041096916239,-0.020260608627197293,42.990565811062936
2024-03-25,7.27,7.45,7.27,7.45,200,-52.73631840795954,-0.027479089749758323,-0.013550250827484655,-0.013928838922273668,49.272145304527335
2024-03-26,7.45,7.45,7.45,7.45,0,-0.6145741878831131,-0.024933376496348636,-0.015826875961257453,-0.009106500535091183,49.272145304527335
2024-03-27,7.45,7.45,7.45,7.45,902,8.130081300814261,-0.022654730767935227,-0.01719244692259301,-0.005462283845342218,49.272145304527335
2024-03-28,7.36,7.45,7.36,7.45,4300,-15.488936473945996,-0.020611293450597756,-0.017876216228193957,-0.002735077222403799,49.27214530452734
2024-03-29,7.27,7.36,7.27,7.36,1776,-100.94562647754071,-0.025954910441851275,-0.01949195507092542,-0.006462955370925855,45.872866790973454
2024-04-01,7.55,7.55,7.55,7.55,510,160.66504460665027,-0.014689027338794958,-0.01853136952449933,0.0038423421857043706,53.21157292712522
2024-04-02,7.36,7.45,7.36,7.45,2309,5.677210056774159,-0.013672292402340247,-0.01755955410006751,0.0038872616977272643,49.41416692682848
2024-04-03,7.27,7.45,7.27,7.45,516,-23.423423423422328,-0.012719895601387421,-0.016591622400331494,0.003871726798944073,49.41416692682847
2024-04-04,7.27,7.27,7.18,7.27,9101,-165.54307116104783,-0.02618773405532604,-0.018510844731330404,-0.007676889323995635,43.00705242111918
2024-04-05,7.18,7.27,7.09,7.27,6610,-157.24637681159223,-0.03644102362402002,-0.022096880509868327,-0.014344143114151692,43.00705242111919
2024-04-08,7.27,7.45,7.27,7.45,19576,-1.360544217686557,-0.029699971022581373,-0.023617498612410935,-0.006082472410170438,50.457141045539146
2024-04-09,7.55,7.55,7.36,7.36,303,30.385487528344946,-0.0312595455254705,-0.025145907995022847,-0.006113637530447653,47.139138966991695
2024-04-10,7.18,7.27,7.18,7.27,1102,-114.13828689370332,-0.0393046874234555,-0.027977663880709377,-0.011327023542746121,44.02164940188215
2024-04-11,7.18,7.27,7.18,7.27,2558,-103.04030815792936,-0.045159944609357794,-0.03141412002643906,-0.013745824582918731,44.02164940188216
2024-04-12,7.18,7.27,7.18,7.18,5000,-102.63285024154385,-0.056412240756611,-0.03641374417247345,-0.01999849658413755,40.88573272331843
2024-04-15,7.18,7.27,7.18,7.18,3142,-87.20456397717928,-0.06458526775794482,-0.04204804888956772,-0.022537218868377097,40.88573272331843
2024-04-16,7.18,7.18,6.91,6.91,6555,-181.0734463276827,-0.09179108358226085,-0.05199665582810635,-0.039794427754154496,32.764943339565924
2024-04-17,6.91,6.91,6.91,6.91,14800,-188.0392156862741,-0.11206012921575947,-0.06400935050563697,-0.048050778710122505,32.764943339565924
2024-04-19,6.91,6.91,6.91,6.91,11900,-156.1208010335912,-0.12666339711419017,-0.0765401598273476,-0.050123237286842565,32.764943339565924
2024-04-22,6.91,7.18,6.91,7.18,7230,-59.2148688553059,-0.11512278481678706,-0.08425668482523549,-0.03086609999155157,46.12893197493768
2024-04-23,6.91,7.0,6.91,6.91,2700,-107.21763085399405,-0.12630751552603758,-0.09266685096539591,-0.03364066456064167,37.99575712923151
2024-04-24,7.18,7.18,7.18,7.18,100,11.666666666667147,-0.11209261775663482,-0.09655200432364369,-0.015540613432991124,47.89018954025027
2024-04-25,7.0,7.0,6.91,6.91,700,-89.19968919968852,-0.12121664237882168,-0.10148493193467929,-0.01973171044414239,40.86710309266193
2024-04-26,6.91,6.91,6.91,6.91,0,-86.72745694022251,-0.1269837084802079,-0.10658468724378502,-0.020399021236422885,40.86710309266193
2024-05-02,7.18,7.18,7.18,7.18,3300,38.20728291316599,-0.10851649578493738,-0.1069710489520155,-0.0015454468329218901,49.46247705688388
2024-05-03,7.18,7.18,7.18,7.18,0,52.35772357723638,-0.09281122662727626,-0.10413908448706764,0.011327857859791388,49.46247705688388
2024-05-06,6.91,7.18,6.91,7.18,1388,11.0526315789473,-0.07944885077295716,-0.09920103774424555,0.019752186971288388,49.46247705688388
2024-05-07,6.91,6.91,6.91,6.91,100,-79.0123456790124,-0.08961281441104951,-0.09728339307760633,0.007670578666556821,41.86246222528091
2024-05-08,7.18,7.18,6.91,6.91,7310,-20.348837209303095,-0.09655480513136716,-0.0971376754883585,0.0005828703569913385,41.862462225280915
2024-05-09,7.18,7.18,7.0,7.0,6938,27.63157894736759,-0.09371385991074543,-0.09645291237283589,0.002739052462090455,45.12220508254753
2024-05-10,7.0,7.0,7.0,7.0,1000,-15.350877192983054,-0.09042008391269984,-0.09524634668080868,0.004826262768108838,45.12220508254753
2024-05-13,7.0,7.0,6.91,7.0,1010,-41.55251141552604,-0.0868090618753401,-0.09355888971971496,0.006749827844374862,45.12220508254753
2024-05-14,7.0,7.0,7.0,7.0,10,-25.54744525547542,-0.08299063649706273,-0.09144523907518451,0.008454602578121778,45.12220508254753
2024-05-15,7.27,7.27,7.27,7.27,121,152.1739130434783,-0.057514768904428415,-0.08465914504103329,0.027144376136604878,55.24742994664065
2024-05-16,7.27,7.27,7.27,7.27,10,123.91713747645876,-0.03689960462069042,-0.07510723695696472,0.038207632336274305,55.24742994664066
2024-05-17,7.09,7.09,7.09,7.09,2000,18.383838383837915,-0.03468658867621599,-0.06702310730081498,0.03233651862459899,48.35006515332455
2024-05-20,7.0,7.09,7.0,7.09,2476,-7.6252723311556005,-0.03255745551543132,-0.06012997694373825,0.027572521428306927,48.35006515332455
2024-05-21,7.09,7.09,6.91,6.91,8349,-77.77777777777867,-0.04487728046905648,-0.0570794376488019,0.012202157179745418,42.23485372312878
2024-05-22,6.91,7.0,6.91,7.0,9211,-70.00000000000047,-0.04683865579774782,-0.05503128127859108,0.008192625480843263,45.918022849303924
2024-05-23,7.0,7.0,7.0,7.0,1786,-39.48717948717954,-0.04784157201483907,-0.05359333942584068,0.005751767411001606,45.91802284930393
2024-05-24,7.0,7.0,7.0,7.0,2532,-34.77124183006523,-0.04808212948390178,-0.0524910974374529,0.00440896795355112,45.91802284930394
2024-05-27,7.0,7.0,7.0,7.0,13500,-42.77777777777783,-0.04772265593990266,-0.05153740913794285,0.0038147531980401925,45.91802284930394
2024-05-28,7.0,7.0,6.91,6.91,1323,-89.59999999999971,-0.05407665637192771,-0.05204525858473982,-0.0020313977871878885,42.2910601458225
2024-05-29,6.91,6.91,6.91,6.91,1794,-101.52671755725198,-0.05843860364634068,-0.05332392759705999,-0.005114676049280689,42.29106014582249
2024-05-30,6.91,7.0,6.91,7.0,3900,-49.12280701754424,-0.05401062953203439,-0.05346126798405487,-0.0005493615479795211,47.13396580679022
2024-05-31,6.82,7.0,6.82,7.0,2210,-70.86419753086406,-0.049925913293964896,-0.05275419704603688,0.002828283752071982,47.13396580679022
2024-06-03,7.0,7.0,7.0,7.0,2200,-22.46913580246928,-0.04615668076221269,-0.05143469378927204,0.005278013027059353,47.13396580679022
2024-06-04,6.91,6.91,6.91,6.91,5087,-103.97236614853198,-0.049857063470814644,-0.05111916772558056,0.0012621042547659167,42.66237558420652
2024-06-05,6.91,6.91,6.82,6.91,9820,-144.60093896713641,-0.05218805204911181,-0.05133294459028681,-0.0008551074588249996,42.66237558420653
2024-06-06,7.0,7.0,6.91,7.0,3899,8.04597701149296,-0.046240102336391864,-0.05031437613950782,0.004074273803115959,48.34571668818508
2024-06-07,6.91,6.91,6.91,6.91,9698,-87.50000000000027,-0.048232562221453,-0.04989801335589686,0.0016654511344438572,43.68278523056135
2024-06-10,6.91,7.09,6.91,7.09,4800,124.19354838709728,-0.03488497310323613,-0.046895405305364714,0.012010432202128586,53.36967116896666
2024-06-11,7.0,7.0,6.91,6.91,32101,-29.629629629629314,-0.03838888506926885,-0.04519410125814554,0.006805216188876688,45.02869205896379
2024-06-12,6.91,7.0,6.91,7.0,6033,27.45098039215638,-0.033517147890870014,-0.042858710584690436,0.009341562693820422,49.295686719705586
2024-06-13,7.0,7.09,7.0,7.0,17960,125.9259259259265,-0.029318297988809583,-0.04015062806551427,0.010832330076704685,49.295686719705586
2024-06-14,6.91,7.0,6.82,7.0,9023,-23.7288135593214,-0.025694489114103547,-0.03725940027523213,0.01156491116112858,49.29568671970559
2024-06-17,7.0,7.09,6.91,7.09,8073,115.78947368421086,-0.015383020746580378,-0.03288412436950178,0.0175011036229214,53.77693323676176
2024-06-18,7.09,7.09,7.0,7.0,5500,100.9950248756229,-0.014308417088303216,-0.029168982913262066,0.01486056582495885,49.10335241757516
2024-06-19,7.0,7.0,7.0,7.0,1000,46.66666666666709,-0.013303432261012382,-0.02599587278281213,0.012692440521799749,49.103352417575145
2024-06-20,7.0,7.0,7.0,7.0,1,40.0000000000001,-0.012364444920415885,-0.02326958721033288,0.010905142289916996,49.10335241757516
2024-06-21,7.0,7.09,6.82,7.0,9699,-3.4825870646767463,-0.011487865722849655,-0.020913242912836236,0.00942537718998658,49.103352417575145
2024-06-24,7.09,7.09,7.09,7.09,1226,155.5555555555547,-0.0034906841210773365,-0.017428731154484456,0.01393804703340712,54.43019243277899
2024-06-25,7.09,7.09,7.0,7.09,7920,100.99502487562131,0.0028146938759920914,-0.013380046148389146,0.01619474002438124,54.430192432779
2024-06-26,7.09,7.09,7.09,7.09,5100,123.80952380952327,0.007722728558870351,-0.009159491206937247,0.0168822197658076,54.430192432779
2024-06-27,7.09,7.09,7.0,7.0,8000,25.925925925925416,0.0043005593952125665,-0.006467481086507285,0.010768040481719851,48.1377363896186
2024-06-28,7.0,7.18,6.91,7.18,3389,111.59420289854964,0.015929337863626714,-0.0019881172964804844,0.017917455160107197,58.47688782383057
2024-07-01,7.09,7.18,6.91,7.09,6226,57.85123966941937,0.017679186089720744,0.001945343380759761,0.015733842708960985,52.80811820312108
2024-07-02,7.0,7.0,7.0,7.0,100,-58.33333333333528,0.011669190413986286,0.003890112787405066,0.00777907762658122,47.816232901830084
2024-07-03,7.0,7.0,7.0,7.0,0,-50.55555555555773,0.0068275221163141,0.004477594653186872,0.0023499274631272275,47.816232901830084
2024-07-04,7.09,7.27,7.09,7.27,34116,239.63963963963826,0.02449484727208251,0.008481045176966,0.01601380209511651,60.73139812524202
2024-07-05,7.09,7.09,6.82,6.91,33576,-132.12851405622538,0.00933967641381539,0.008652771424335879,0.0006869049894795108,44.80778993795829
2024-07-08,6.91,7.18,6.64,6.91,6100,-140.0000000000004,-0.002640468006921637,0.0063941235380843755,-0.009034591545006012,44.80778993795829
2024-07-09,7.0,7.09,6.91,6.91,13359,-66.6666666666673,-0.01199653023961389,0.002715992782544722,-0.014712523022158612,44.80778993795829
2024-07-10,7.0,7.09,6.91,6.91,8300,-62.06896551724188,-0.019190065832297876,-0.0016652189404237983,-0.017524846891874078,44.80778993795829
2024-07-11,7.09,7.27,7.09,7.27,12979,155.555555555555,0.004110612160127758,-0.000510052720313487,0.004620664880441245,59.197540834831145
2024-07-12,7.27,7.27,7.09,7.27,3205,131.53153153153147,0.022319284522739125,0.004055814728297035,0.01826346979444209,59.197540834831145
2024-07-15,7.27,7.27,6.91,6.91,44820,-17.81170483460555,0.007613038829369145,0.004767259548511457,0.0028457792808576883,45.45355464398176
2024-07-16,6.91,7.18,6.91,7.09,8580,9.186351706036344,0.010363267544484245,0.005886461147706015,0.00447680639677823,51.51493719678803
2024-07-17,7.1,7.1,7.0,7.1,2377,12.678936605316032,0.013197626024481046,0.007348694123061021,0.005848931901420025,51.835156546941505
2024-07-18,7.1,7.1,6.8,6.9,7795,-87.5485302273998,-0.0006865389957440016,0.005741647499300016,-0.006428186495044018,45.37984383565607
2024-07-19,6.9,6.9,6.9,6.9,1300,-98.7529228371,-0.011556622256652105,0.0022819935481095915,-0.013838615804761697,45.37984383565607
2024-07-22,7.0,7.1,6.9,6.9,620,-44.96064991114591,-0.019941369857002123,-0.0021626791329127514,-0.01777869072408937,45.37984383565606
2024-07-23,6.9,6.9,6.9,6.9,801,-83.6540746020433,-0.026283364474291027,-0.006986816201188406,-0.01929654827310262,45.37984383565606
2024-07-24,6.8,6.9,6.8,6.9,4577,-99.92069785884318,-0.030952638154796652,-0.011779980591910055,-0.019172657562886598,45.37984383565606
2024-07-25,6.8,6.8,6.8,6.8,1500,-132.8940946803325,-0.04223537236995245,-0.017871058947518535,-0.024364313422433916,41.62540713593119
2024-07-26,6.8,6.8,6.8,6.8,700,-120.00920492463567,-0.05059380661407786,-0.0244156084808304,-0.02617819813324746,41.62540713593119
2024-07-29,6.9,6.9,6.9,6.9,200,-47.257383966244326,-0.0485886618581759,-0.029250219156299502,-0.019338442701876395,46.73614656427223
2024-07-30,6.9,6.9,6.9,6.9,100,-42.50616886600168,-0.04646396255530938,-0.032692967836101476,-0.013770994719207903,46.73614656427223
2024-07-31,6.9,7.0,6.7,6.8,3800,-79.24528301886902,-0.05224701623477035,-0.036603777515835254,-0.015643238718935096,42.42807806212914
2024-08-01,6.7,6.7,6.7,6.7,400,-177.51146619322532,-0.06415969913195685,-0.04211496183905957,-0.022044737292897278,38.59662337087299
2024-08-05,6.6,6.6,6.6,6.6,1300,-199.3055555555574,-0.08073904101286455,-0.04983977767382057,-0.030899263339043984,35.17574005044765
2024-08-06,6.6,6.6,6.1,6.5,1800,-239.35052531041194,-0.10078565882824364,-0.06002895390470518,-0.04075670492353846,32.110782127488584
2024-08-07,6.0,6.5,6.0,6.5,2500,-193.5724962630797,-0.11534314391062583,-0.07109179190588931,-0.044251352004736524,32.11078212748859
2024-08-08,6.5,6.5,6.5,6.5,17500,-95.96774193548514,-0.12543412915852592,-0.08196025935641663,-0.043473869802109294,32.11078212748859
2024-08-09,6.4,6.4,6.2,6.2,600,-144.88279016580935,-0.15584234689795107,-0.09673667686472351,-0.05910567003322756,24.207513260063795
2024-08-12,6.2,6.3,6.1,6.2,11600,-132.72171253822685,-0.17789046795421903,-0.11296743508262261,-0.06492303287159643,24.207513260063795
2024-08-13,6.2,6.2,6.2,6.2,600,-110.63218390804607,-0.19313739507289895,-0.12900142708067788,-0.06413596799222107,24.20751326006379
2024-08-14,6.6,6.6,6.3,6.3,1100,-46.04810996563632,-0.1949047893103515,-0.1421820995266126,-0.052722689783738896,31.251990887235575
2024-08-15,6.3,6.3,6.1,6.1,2500,-98.45857418111758,-0.210022778649547,-0.15575023535119947,-0.05427254329834752,26.0392534975126
2024-08-16,6.2,6.7,6.2,6.7,5500,11.8518518518518,-0.17161068734949225,-0.15892232575085802,-0.012688361598634235,51.93866614313842
2024-08-19,6.7,6.7,6.7,6.7,600,73.01587301587242,-0.1395600666745267,-0.15504987393559175,0.015489807261065053,51.93866614313842
2024-08-20,7.2,7.2,6.7,6.7,8000,130.92369477911626,-0.11285875342007223,-0.14661164983248784,0.033752896412415606,51.93866614313841
2024-08-21,6.7,6.7,6.4,6.5,9300,28.828828828828705,-0.10660719741250713,-0.1386107593484917,0.03200356193598458,45.33008857011227
2024-08-22,6.8,7.0,6.8,7.0,4100,158.84773662551433,-0.06060831794888788,-0.12301027106857094,0.062401953119683065,59.27947871626337
2024-08-23,7.0,7.0,6.7,7.0,3400,125.92592592592538,-0.02387861674008107,-0.10318394020287297,0.0793053234627919,59.27947871626337
2024-08-26,6.6,6.6,6.6,6.6,900,28.148148148147488,-0.02673849622902047,-0.08789485140810246,0.061156355179081995,47.93216102143782
2024-08-27,6.6,6.7,6.6,6.7,4300,42.42424242424228,-0.020697222367317636,-0.0744553255999455,0.05375810323262786,50.48403250822015
2024-08-28,6.7,6.7,6.5,6.6,1200,18.72659176029957,-0.023705372790573165,-0.06430533503807104,0.04059996224749787,47.953044347598514
2024-08-29,6.5,6.9,6.5,6.9,700,62.430323299888364,-0.0018604151701540061,-0.051816351064487634,0.04995593589433363,55.20811079288856
2024-08-30,6.5,6.8,6.5,6.8,200,32.88888888888877,0.0072985734517718726,-0.039993366161235736,0.04729193961300761,52.57719525385244
2024-09-04,6.5,6.5,6.4,6.4,8200,-80.39215686274517,-0.01751758729688202,-0.035498210388364995,0.017980623091482975,43.62235568970413
2024-09-05,6.5,6.5,6.5,6.5,4900,-58.46153846153866,-0.028783609680621325,-0.03415529024681626,0.005371680566194935,46.09419711099182
2024-09-06,6.4,6.7,6.4,6.7,700,-35.89743589743579,-0.021327831096021654,-0.031589798416657336,0.010261967320635682,50.745496601319765
2024-09-09,6.7,6.7,6.6,6.6,1800,-22.928709055877103,-0.023220564899016694,-0.029915951713129208,0.006695386814112515,48.49246276646291
2024-09-10,6.4,6.5,6.4,6.4,1700,-114.21052631578947,-0.04039327013043437,-0.03201141539659024,-0.008381854733844125,44.25997198751723
2024-09-11,6.3,6.7,6.3,6.7,400,-38.888888888889234,-0.029455722717665722,-0.03150027686080534,0.0020445541431396153,51.14779380213499
2024-09-12,6.4,6.4,6.4,6.4,1200,-121.85185185185148,-0.04448236536899852,-0.03409669456244398,-0.010385670806554545,45.14065995838886
2024-09-13,6.5,6.5,6.4,6.4,1600,-94.79166666666644,-0.05574845445059573,-0.038427046540074325,-0.017321407910521405,45.14065995838885
2024-09-16,6.4,6.6,6.4,6.4,3700,-62.44131455399106,-0.0639398523982786,-0.04352960771171518,-0.020410244686563418,45.140659958388845
2024-09-17,5.8,6.5,5.8,6.4,7700,-170.0680272108843,-0.06962895503651101,-0.04874947717667434,-0.020879477859836668,45.14065995838885
2024-09-18,6.4,6.4,6.3,6.3,4000,-98.45857418111812,-0.08126994479539462,-0.0552535707004184,-0.026016374094976223,42.88258260862868
2024-09-19,6.3,6.5,6.3,6.5,1500,-36.32734530938114,-0.07350980919571182,-0.05890481839947708,-0.014604990796234736,48.43798440831743
2024-09-20,6.4,6.5,6.4,6.5,2500,-5.283018867925167,-0.06659221225355871,-0.06044229717029341,-0.006149915083265303,48.43798440831744
2024-09-23,6.6,6.6,6.6,6.6,100,109.80392156862645,-0.0524363489826003,-0.05884110753275479,0.006404758550154488,51.19086512706659
2024-09-24,6.6,6.6,6.6,6.6,1900,90.15151515151516,-0.040748007685039056,-0.055222487563211645,0.014474479878172589,51.19086512706659
2024-09-25,6.3,6.6,6.3,6.6,31500,15.909090909091569,-0.031126110569457133,-0.05040321216446074,0.019277101595003607,51.19086512706659
2024-09-26,6.5,6.5,6.4,6.4,600,-27.45098039215684,-0.039187289631955835,-0.04816002765795976,0.008972738026003922,45.16715224272787
2024-09-27,6.8,6.8,6.8,6.8,200,222.61484098940082,-0.013147617505628872,-0.04115754562749358,0.02800992812186471,56.25434090050566
2024-09-30,6.2,6.4,6.2,6.4,100,-90.82774049217008,-0.024505166494909858,-0.03782706980097684,0.01332190330606698,46.19517566445842
2024-10-01,6.4,6.8,6.4,6.6,3600,80.56460369164066,-0.01716985397659876,-0.03369562663610122,0.01652577265950246,50.920788782576224
2024-10-02,6.8,6.8,6.6,6.6,200,100.19607843137335,-0.011227146402689847,-0.029201930589418945,0.017974784186729098,50.92078878257621
2024-10-03,6.4,6.8,6.4,6.8,200,83.69565217391377,0.00951118171251153,-0.02145930812903285,0.03097048984154438,55.457877015206556
2024-10-04,6.5,6.6,6.4,6.6,2300,10.256410256411177,0.009696354090945825,-0.015228175685037114,0.02492452977598294,50.43664252986344
2024-10-08,6.4,6.8,6.4,6.8,46300,72.34042553191522,0.025685348357913362,-0.007045470876447019,0.03273081923436038,54.84001788258106
2024-10-09,6.7,6.7,6.4,6.6,800,3.30969267139479,0.021965211691202136,-0.001243334362917188,0.023208546054119324,50.05124181065178
2024-10-10,6.5,6.6,6.5,6.6,300,-3.7037037037030025,0.01880025889886472,0.002765384289439193,0.016034874609425525,50.05124181065178
2024-10-11,6.6,6.6,6.5,6.6,400,-10.101010101009322,0.016106347065564464,0.005433576844664247,0.010672770220900216,50.05124181065179
2024-10-14,6.6,6.6,6.6,6.6,100,18.181818181818137,0.013812184266648764,0.007109298329061151,0.006702885937587613,50.05124181065179
2024-10-15,6.4,6.8,6.2,6.8,14700,18.181818181819615,0.027811775415456097,0.01124979374634014,0.016561981669115957,55.30126160364599
2024-10-16,6.2,6.4,6.2,6.4,3800,-171.92982456140072,0.006554340840699169,0.010310703165211946,-0.003756362324512777,45.09284162953605
2024-10-17,6.0,6.3,6.0,6.1,6100,-226.7790262172249,-0.034106661641982505,0.0014272302037730555,-0.03553389184575556,39.24197389154768
2024-10-18,6.1,6.6,6.1,6.3,3300,-91.14583333333118,-0.04962047655984403,-0.008782311148950362,-0.04083816541089367,44.419568190194894
2024-10-21,6.0,6.3,6.0,6.2,6500,-150.53763440860033,-0.06918690731817012,-0.020863230382794314,-0.04832367693537581,42.470760062772804
2024-10-22,6.2,6.2,6.0,6.0,5300,-144.52736318407867,-0.099682693156538,-0.036627122937543055,-0.06305557021899494,38.80397352342596
2024-10-23,6.3,6.3,6.2,6.2,700,-69.91576413958983,-0.1064850017973491,-0.050598698709504265,-0.055886303087844834,44.00982861844336
2024-10-24,6.8,6.8,6.0,6.0,11900,-49.35064935064884,-0.12655535754958258,-0.06579003047751993,-0.060765327072062655,40.3163566031595
2024-10-25,6.0,6.3,6.0,6.3,1100,-64.33823529411717,-0.11690614501871543,-0.07601325338575902,-0.04089289163295641,47.44165070267342
2024-10-28,6.0,6.2,5.7,5.9,16200,-142.85714285714246,-0.13992278881910547,-0.08879516047242832,-0.051127628346677154,40.499138212364834
2024-10-29,6.0,6.0,5.4,6.0,42800,-160.41666666666663,-0.148384002180447,-0.10071292881403206,-0.04767107336641495,42.75453350162627
2024-10-30,5.6,5.7,5.4,5.5,27500,-199.69325153374191,-0.19320821205408567,-0.11921198546204279,-0.07399622659204289,35.50730698439875
2024-10-31,5.5,5.8,5.5,5.7,17200,-130.66666666666646,-0.21017067606273,-0.13740372358218023,-0.07276695248054976,39.89602364409395
2024-11-01,5.6,5.6,5.5,5.5,3600,-134.38045375218132,-0.23701966437648014,-0.15732691174104022,-0.07969275263543993,37.17190199329528
2024-11-04,5.5,5.6,5.5,5.5,7300,-110.77441077441071,-0.2553541177348144,-0.17693235293979506,-0.07842176479501936,37.17190199329528
2024-11-05,5.8,5.8,5.5,5.6,8600,-73.65319865319888,-0.25883149153140295,-0.19331218065811664,-0.0655193108732863,39.5648107703822
2024-11-06,5.6,5.7,5.6,5.6,200,-63.21839080459771,-0.25860628306398503,-0.20637100113929033,-0.052235281924694704,39.5648107703822
2024-11-07,5.6,5.7,5.6,5.6,1600,-55.08399646330707,-0.25548275753465255,-0.21619335241836277,-0.03928940511628978,39.564810770382195
2024-11-08,5.6,5.7,5.6,5.7,1200,-40.34582132564851,-0.2421468585297939,-0.221384053640649,-0.020762804889144892,42.3091223985918
2024-11-11,5.5,5.8,5.5,5.8,4600,-25.641025641025564,-0.22096178827208668,-0.22129960056693654,0.00033781229484985964,44.998800953375664
2024-11-12,5.8,5.8,5.7,5.8,600,6.392694063926923,-0.20184571569670862,-0.21740882359289096,0.015563107896182343,44.99880095337566
2024-11-13,5.8,5.8,5.6,5.8,2600,11.444141689373263,-0.18456849968241862,-0.2108407588107965,0.026272259128377884,44.998800953375664
2024-11-14,5.7,5.7,5.7,5.7,500,19.283746556473773,-0.17690608258082463,-0.20405382356480212,0.027147740983977486,42.52270123946612
2024-11-15,5.8,5.8,5.7,5.7,3800,70.70707070707199,-0.1688867406057204,-0.19702040697298578,0.028133666367265386,42.52270123946613
2024-11-18,5.6,5.9,5.6,5.7,6900,80.28673835125586,-0.16067914514823656,-0.18975215460803593,0.029073009459799376,42.52270123946612
2024-11-19,5.7,5.8,5.7,5.8,3700,103.99999999999956,-0.14444038352031452,-0.18068980039049165,0.03624941687017713,46.218864977626204
2024-11-20,5.8,5.9,5.8,5.9,1100,168.2692307692314,-0.12209445479735148,-0.16897073127186363,0.046876276474512146,49.702149585952036
2024-11-21,5.9,5.9,5.9,5.9,1700,173.3333333333339,-0.10319557098537402,-0.1558156992145657,0.05262012822919168,49.70214958595205
2024-11-26,6.0,6.0,5.7,6.0,400,149.60127591706336,-0.07923552730379146,-0.14049966483241086,0.061264137528619395,53.21631944499272
2024-11-27,6.0,6.0,5.6,5.6,2800,-14.432989690722435,-0.09146927624495849,-0.13069358711492038,0.03922431086996189,40.905222340328976
2024-11-29,5.9,5.9,5.9,5.9,200,124.44444444444407,-0.07608011343538923,-0.11977089237901414,0.043690778943624914,50.20880857569181
2024-12-02,5.8,5.8,5.7,5.7,900,-40.06734006734057,-0.07911048316082248,-0.1116388105353758,0.03252832737455333,45.110012358941866
2024-12-04,5.8,6.2,5.8,6.1,22300,181.48148148147848,-0.0486743285792004,-0.09904591414414073,0.05037158556494033,54.96121186281845
2024-12-05,6.1,6.5,6.1,6.4,16600,264.272559852669,-0.0003420213875680034,-0.07930513559282618,0.07896311420525817,60.66336795420166
2024-12-06,6.5,6.8,6.5,6.5,53700,259.06210392902324,0.04550627651342598,-0.05434285317157574,0.09984912968500173,62.37342471200253
2024-12-09,6.6,6.8,6.6,6.8,16500,196.81697612732066,0.10484034151832589,-0.022506214233595417,0.1273465557519213,67.00723269867098
2024-12-10,6.8,6.9,6.7,6.8,13400,154.7316384180789,0.15013238285813824,0.012021505184751313,0.13811087767338692,67.00723269867098
2024-12-11,7.1,7.1,7.0,7.0,11200,149.65517241379317,0.19986110604051976,0.049589425355905006,0.15027168068461477,69.87563071186446
2024-12-12,7.0,7.0,7.0,7.0,2900,115.76227390180863,0.23654473695502887,0.08698048767572977,0.1495642492792991,69.87563071186446
2024-12-13,7.0,7.1,6.8,7.1,9500,97.75474956822099,0.270567014885712,0.12369779311772622,0.14686922176798578,71.32146019060008
2024-12-16,7.1,7.8,7.1,7.8,27300,145.06172839506166,0.3499797167985186,0.1689541778538847,0.18102553894463388,78.9408819631102
2024-12-17,8.5,8.5,8.5,8.5,100900,207.40740740740748,0.46404972864703087,0.22797328801251393,0.23607644063451694,83.62586505685753
2024-12-18,9.3,9.3,9.1,9.3,288500,215.92039800995028,0.6119501683728226,0.30476866408457565,0.3071815042882469,87.14551302610222
2024-12-19,9.8,10.0,8.4,10.0,228100,174.86590038314188,0.7766932460112876,0.39915358046991806,0.3775396655413696,89.3106480105539
2024-12-20,9.9,10.5,9.0,10.5,298500,157.50182462725488,0.9368002926395862,0.5066829229038516,0.43011736973573456,90.53675148199054
2024-12-23,10.5,10.5,9.5,9.5,256100,116.99679305791362,0.971792419853899,0.5997048222938611,0.37208759756003784,72.6005546407108
2024-12-24,9.5,9.5,8.6,8.6,142500,54.214123006833724,0.916338474852533,0.6630315528055954,0.2533069220469375,60.90579584288957
2024-12-25,8.0,8.6,7.9,8.0,69600,6.507592190889401,0.8145858002804935,0.6933424023005751,0.12124339797991845,54.59221859018998
2024-12-26,8.0,8.8,8.0,8.8,190800,22.117647058823508,0.7893996786040454,0.7125538575612691,0.07684582104277626,60.475347406657384
2024-12-27,8.8,8.8,8.2,8.2,35500,6.1403508771930255,0.7128077065942477,0.7126046273678648,0.00020307922638296283,54.74634324884987
2024-12-30,8.2,8.2,7.9,8.1,43700,-28.28882294757663,0.6366993785911959,0.697423577612531,-0.06072419902133519,53.8310359278848
2024-12-31,7.7,8.0,7.6,7.6,33300,-64.13502109704643,0.5299284734196732,0.6639245567739595,-0.13399608335428626,49.385107085122215
